lat,lon,froce_cyclone,ventricité
-37.8125,16.8125,4.967889285036684e-07,2.4176061222764367e-05
-39.0625,21.3125,8.411669820211973e-07,3.0330247864347434e-05
-39.8125,-49.1875,4.740654849205116e-07,1.5190550918239089e-05
-35.0625,155.5625,6.987416872486023e-07,2.7299815462461063e-05
35.4375,145.8125,8.310793827684718e-07,-2.6650055574645516e-05
-42.3125,21.5625,7.703086326149768e-07,3.4538896556185074e-05
39.5625,-63.6875,2.1709086942727865e-07,-2.8931673641037396e-05
-40.1875,12.3125,4.1411656300136794e-07,2.141907211644072e-05
-40.3125,48.1875,1.4757520622730103e-07,1.2095395977216801e-05
-42.8125,-53.5625,2.7977159458536216e-07,1.8283669743249576e-05
-40.0625,41.0625,2.7381600874008844e-07,1.0629203407447155e-05
37.0625,150.3125,2.606212974101293e-07,-2.5570190368775554e-05
-56.0625,-54.3125,4.7032391935298665e-07,1.8096306425165235e-05
-35.4375,11.3125,6.678845333590908e-07,3.044688615583824e-05
-41.0625,151.5625,6.12570959130563e-07,3.312265886364801e-05
36.3125,161.8125,2.729533725373814e-07,-1.6638519895899347e-05
-38.6875,27.8125,3.881881031174821e-07,2.3130500482030314e-05
-35.8125,152.1875,5.728294361674117e-07,2.3165715574015602e-05
-27.1875,40.8125,1.6962016042806616e-07,1.8103331077591292e-05
-43.6875,-36.5625,2.70806657868334e-07,1.1232871699920976e-05
37.5625,154.3125,4.584708515776412e-07,-2.5560340022033363e-05
38.3125,-67.0625,5.498327605820578e-07,-5.6676070932878336e-05
-41.0625,46.0625,7.58270721382005e-07,2.0434249468773162e-05
38.0625,168.9375,4.749313059159777e-07,-1.771366796153308e-05
-46.5625,-52.1875,2.7791786714465166e-07,2.1496444111673044e-05
-43.5625,61.4375,1.559404272251377e-07,2.1083194054654247e-05
-38.0625,32.5625,8.706082013829552e-07,2.8227901248429638e-05
40.5625,-47.9375,2.7921897970876375e-07,-1.637205186221246e-05
51.3125,-171.3125,2.405028211412659e-07,-2.6314204437088656e-05
-55.5625,153.4375,9.736180038927853e-07,3.678348751484341e-05
-41.8125,-40.3125,3.2956782376092564e-07,2.110503076533396e-05
-38.8125,-37.8125,3.351341888450098e-07,1.0330249290182834e-05
-21.9375,38.9375,2.913659939824131e-07,2.322064480858966e-05
37.5625,-70.6875,5.4499632398963e-07,-5.033461213814934e-05
26.5625,-91.3125,1.8556104486386344e-07,-2.4390584676794117e-05
45.3125,-65.0625,5.663968687175557e-07,-4.158015174727934e-05
-52.4375,152.1875,3.2087309934914815e-07,1.429458151796181e-05
-45.8125,-43.0625,9.632034301900368e-07,3.5313919960304325e-05
-31.8125,37.9375,4.828021994275032e-07,2.2857715287952554e-05
-57.1875,159.5625,6.556835154144139e-07,2.9982817012909033e-05
-43.3125,153.9375,8.505615528413106e-07,4.4726469955175244e-05
-58.0625,168.8125,2.767440863258166e-07,1.0142200225249834e-05
-35.3125,160.3125,6.693064807065228e-07,2.5550043899710545e-05
33.8125,157.9375,2.6317306208897434e-07,-1.6601206586461946e-05
34.8125,165.8125,3.8748393391043993e-07,-1.2759274728843066e-05
-57.5625,172.8125,7.043977321903171e-07,2.8299935270465022e-05
-33.5625,162.4375,4.0849200845534835e-07,1.8609625381991805e-05
41.4375,-51.5625,1.253941829985145e-06,-3.641351417793487e-05
-41.5625,65.8125,3.974864191265095e-07,1.1907592242672594e-05
34.0625,167.8125,4.077332096964835e-07,-1.2924694487780508e-05
39.4375,-54.6875,2.7439559333546996e-07,-1.9044411246567432e-05
-32.3125,158.8125,2.621685888016203e-07,1.1971931819723317e-05
-47.4375,158.8125,5.446584327760869e-07,2.2593922022762632e-05
-18.5625,40.1875,2.1308728047282466e-07,2.2911399275559197e-05
-40.0625,36.5625,1.2845336557415418e-07,2.284867095349642e-05
-36.8125,157.4375,6.229141611681648e-07,2.9641708445547414e-05
-48.6875,-49.4375,2.9558119035544296e-07,2.4367935774857056e-05
34.1875,156.1875,2.616046046821255e-07,-1.2435873459100438e-05
49.1875,176.9375,1.0852222678848666e-07,-1.245021939423851e-05
-35.4375,23.9375,2.984099895322622e-07,3.52157638340888e-05
-41.3125,55.0625,3.32183916860662e-07,2.115539484489971e-05
-50.3125,-168.9375,3.6402315747198896e-07,1.6757870631069445e-05
-28.1875,34.3125,2.9170406917678153e-07,2.2853768230046624e-05
13.1875,82.6875,6.650500370845076e-08,-1.00143000822235e-05
-26.3125,51.0625,1.1165232020839269e-07,1.5156532917972731e-05
33.1875,138.3125,3.10148746925554e-07,-2.9239594655078948e-05
38.3125,158.1875,1.6444397108995695e-07,-2.6054358188001616e-05
-43.1875,74.8125,3.778106709791835e-07,1.1990551413340294e-05
-47.8125,26.1875,5.745236866107283e-07,2.4905604249928257e-05
23.5625,-93.4375,1.5488227101846159e-07,-1.8466989380785228e-05
-56.3125,176.3125,9.026249755231876e-07,4.497682217024608e-05
17.0625,85.8125,9.621517998268374e-08,-8.835356624631575e-06
-54.4375,83.9375,1.4491030488165646e-06,4.976643132566554e-05
-59.9375,-67.5625,6.721772307329027e-07,1.8666758463432353e-05
-48.6875,-35.9375,8.200359055598634e-07,3.236584889727332e-05
39.6875,151.8125,9.625489681261413e-07,-3.0541353272818e-05
-49.8125,-161.6875,5.75747962115395e-08,1.1592997797062575e-05
-49.3125,-173.3125,3.207297968715306e-07,1.1767276095476527e-05
-50.4375,34.3125,3.47573057105615e-07,1.5844455374720363e-05
-33.9375,113.0625,5.096640756627708e-07,2.7657606164811433e-05
41.9375,145.1875,8.056749084073046e-07,-3.526360697057222e-05
-55.6875,149.9375,4.0149105754910425e-07,2.9467521525054903e-05
-49.0625,42.1875,3.7564307870586314e-07,1.9633054199495616e-05
-49.9375,130.0625,2.134127908456851e-07,1.5993716048711722e-05
-41.6875,-31.0625,3.6752440532260435e-07,1.213329976798304e-05
-38.0625,144.8125,5.889716130045753e-07,3.4532365905331744e-05
-48.8125,124.6875,2.4485919440998176e-07,8.259664197024498e-06
-52.4375,161.5625,3.0827090484734586e-07,1.2375095205153629e-05
20.0625,65.1875,1.8763249434727047e-07,-1.2911397251373808e-05
-50.0625,146.9375,3.4309801008726586e-07,1.3361740599390011e-05
-54.5625,86.9375,5.17537199809077e-07,4.252524011600616e-05
-40.4375,-34.6875,6.17823238764405e-07,2.108442119059117e-05
-45.3125,79.1875,3.3489916017352723e-07,1.7216112245681888e-05
36.4375,-176.6875,3.401067754277616e-07,-1.559233170074954e-05
-54.9375,173.6875,4.615940238195816e-07,1.667362141748974e-05
76.0625,-111.3125,1.4695839439839486e-07,-5.510948009841592e-06
26.6875,-94.8125,2.711820375934367e-07,-1.633640550546677e-05
-16.0625,123.4375,2.4172540411842946e-06,3.642966367618452e-05
-36.9375,58.9375,4.4685605694493117e-07,1.6305979428316008e-05
36.8125,176.3125,3.2992935632517863e-07,-1.1062352222815715e-05
-27.5625,176.6875,1.2205691678210028e-07,1.4418967217052264e-05
40.3125,164.9375,1.268727287538655e-07,-1.4146541031204145e-05
33.9375,176.6875,3.7886240390343976e-07,-1.2723400577102501e-05
36.8125,-60.8125,1.1658347768958435e-06,-2.893026358605195e-05
-55.0625,163.0625,8.669679219337456e-07,1.7810602809113777e-05
-39.6875,-45.0625,1.7293678311584916e-07,1.532810655992927e-05
-58.1875,-63.0625,2.0956332836639284e-07,2.3990535608760017e-05
-57.9375,-127.9375,5.474665736540662e-07,3.1138171377914395e-05
25.6875,-86.1875,1.0500664910917681e-07,-1.0548781953683446e-05
-30.0625,113.6875,5.315425249287444e-07,2.4338912281136596e-05
-51.6875,-52.3125,2.2392453744638946e-07,1.2777561271764911e-05
42.0625,-44.8125,4.041750089830488e-07,-1.765412106567227e-05
-52.0625,-173.5625,4.6047983810397525e-07,1.8853293151931834e-05
36.3125,-73.3125,1.1980671648730878e-06,-4.702656958090339e-05
-55.0625,-142.0625,3.1238369432686615e-07,1.465201015278828e-05
70.4375,-98.5625,1.0233444720144936e-07,-5.3892926454093826e-06
43.5625,-41.0625,4.4887264111566893e-07,-2.648864305694379e-05
-49.3125,117.9375,2.484088288931973e-07,1.6628517741225483e-05
-29.4375,70.5625,2.2398541647760011e-07,1.231902657373922e-05
-25.5625,55.1875,2.1135686075144247e-07,1.2760948567670829e-05
-24.9375,111.4375,3.6552977838725696e-07,1.8444447998271254e-05
-36.5625,108.5625,2.888831033506828e-07,1.4402208164119423e-05
-27.9375,159.9375,9.572008860329558e-08,1.4268406446464402e-05
-56.0625,166.3125,5.105211818122001e-07,1.570637823151066e-05
-32.5625,28.8125,6.468032004415136e-07,2.4413904794005816e-05
-35.6875,-45.4375,1.297553612596684e-07,1.0161388250156717e-05
-25.5625,113.1875,5.521301650467245e-07,1.4779409216876299e-05
-44.6875,150.8125,6.580023716148997e-07,1.7802511266519785e-05
-34.8125,104.0625,8.920978968517287e-07,2.8445765901647232e-05
-27.0625,163.5625,3.274417190161683e-07,1.4088264495730325e-05
-45.6875,-17.9375,3.5181543696476565e-07,1.3621795871395953e-05
18.9375,149.1875,2.0147340812771694e-07,-1.4093491003712466e-05
-55.3125,28.0625,1.2318642587033397e-06,3.0981638851266315e-05
-44.8125,55.1875,5.813794508770078e-07,2.1440049378239085e-05
-43.6875,52.3125,2.852720374371286e-07,1.679890348942456e-05
37.5625,-42.5625,3.866621185801248e-07,-1.9049550012401526e-05
-47.1875,39.6875,2.8353363189906056e-07,1.3499937085759024e-05
-43.1875,53.9375,4.932235347799563e-07,1.8718820683558525e-05
-35.5625,119.6875,2.4662749280235316e-07,1.600734527129171e-05
-36.6875,-51.8125,2.360280684018664e-07,8.371357658495627e-06
-38.3125,-52.3125,1.8920462940408642e-07,1.2523159686059579e-05
36.6875,-171.6875,2.2533194749274973e-07,-9.346289439313932e-06
23.4375,130.8125,2.580502752328494e-07,-1.39588839589372e-05
-51.1875,102.6875,7.222213014175919e-07,2.5230454012339596e-05
17.1875,89.3125,1.3160388861063439e-08,-1.3754520041152328e-05
-9.6875,156.6875,5.159551170577567e-08,1.110158265536336e-05
-28.6875,-177.6875,4.817125702822134e-07,1.8451961939528917e-05
-47.5625,120.3125,5.070590423840589e-07,1.4507590331826113e-05
-48.9375,-42.3125,6.56173989821758e-07,2.049369487288999e-05
-24.4375,-174.9375,1.8437186614229555e-07,1.0737799737277103e-05
-45.0625,86.3125,1.4438249156080488e-07,1.2849693139303439e-05
-51.4375,86.3125,5.887127623181908e-07,2.0367196013583504e-05
9.1875,63.4375,5.046104898544967e-08,-7.696375413813697e-06
-35.9375,163.0625,2.776423818591745e-07,1.9585444791724533e-05
-52.4375,158.9375,9.247493947017494e-08,8.620421504221716e-06
-31.6875,98.9375,1.3570560699990208e-07,1.491753393721356e-05
-47.1875,-170.0625,2.5242170310635697e-07,1.1175403976564883e-05
-57.5625,-91.9375,2.6454649400738317e-07,1.0259879433944238e-05
23.1875,62.3125,2.0951612694444638e-07,-1.1187777004950554e-05
-33.8125,108.1875,3.880914454234781e-07,1.8527269864054586e-05
-28.3125,110.4375,2.1840284362419394e-07,1.8266574180486005e-05
-32.1875,9.5625,3.034031367932416e-07,1.2248019600858405e-05
-51.8125,49.3125,2.381299920406289e-07,1.0585373362960001e-05
10.5625,-118.6875,8.318265520463357e-08,-7.801935410271775e-06
-57.8125,-59.0625,5.318470476319562e-07,1.8227782998317476e-05
9.1875,-97.1875,9.138445985522625e-08,-1.2203280422580246e-05
-52.0625,124.5625,4.505167444145837e-07,1.6207348823744692e-05
-27.0625,97.5625,1.4846351150363258e-07,1.1089021496651097e-05
-27.1875,156.6875,1.1682012507212529e-07,2.6131573778846465e-05
-27.8125,113.0625,3.212088207723933e-07,1.690688738407109e-05
15.5625,53.6875,8.598085376024075e-08,-1.0703246014532858e-05
-51.8125,-142.5625,4.972771042959955e-07,1.1594604633245958e-05
-50.6875,29.8125,6.381464363990113e-08,1.4119681690519752e-05
-42.9375,81.3125,1.0554145101353392e-07,1.0736642862877549e-05
-58.8125,-85.9375,4.1501019599467553e-07,2.0298335202092816e-05
-31.5625,103.1875,7.313350291100354e-07,2.2787510892081648e-05
-50.8125,141.9375,1.6896348111406993e-07,1.1133383765161281e-05
-26.3125,-165.8125,7.058218829513894e-08,9.433889141838677e-06
-55.9375,31.0625,2.89871256105643e-07,1.6454983091690352e-05
-10.5625,45.0625,1.4048463286163812e-07,1.2419835433678243e-05
-27.0625,-3.6875,2.418292273561868e-07,1.0976632851369441e-05
17.4375,140.8125,1.8081488525069812e-07,-1.3222400447729213e-05
11.0625,-101.0625,1.4696424061518226e-07,-1.3049121564230724e-05
10.9375,-57.3125,5.2547164096894984e-08,-6.677952064304947e-06
-36.6875,41.8125,1.2020045774738256e-07,1.098034309194479e-05
-58.8125,164.1875,6.939343450827491e-07,1.717741990127697e-05
49.0625,163.5625,3.1792049929129234e-07,-1.143202176321918e-05
14.6875,138.1875,7.282971848373972e-08,-7.786987802090178e-06
-26.8125,93.3125,1.0705682877462561e-07,9.77951008355433e-06
-29.0625,169.4375,7.087096201303853e-08,6.641567133433264e-06
-14.3125,42.6875,1.0359845534234113e-07,1.1960452528447625e-05
-41.1875,78.4375,5.450123264246667e-07,1.3547934976888223e-05
-34.5625,-48.9375,3.173132005362253e-07,1.0692790772731478e-05
-35.4375,117.0625,4.352933847628793e-07,1.2122950280429104e-05
-42.5625,135.6875,2.3468528855786927e-07,1.6480527682559606e-05
-53.3125,-151.5625,2.962043042695401e-07,1.369337752308789e-05
-26.0625,107.0625,1.0836444055414039e-07,1.070647976460556e-05
48.9375,158.1875,6.551852586508268e-08,-2.4731940873257672e-05
-52.6875,82.6875,4.683097311809607e-07,2.8363413866801804e-05
-48.9375,88.9375,6.19496181791258e-07,1.5336450312089873e-05
-59.9375,169.9375,4.331388404041351e-07,4.2187272688997625e-05
-16.9375,121.3125,3.042356867464756e-07,1.491883850703345e-05
-30.6875,171.1875,2.0712524693843872e-07,8.033600618136958e-06
41.0625,174.6875,2.3266737331592678e-07,-1.260761588613777e-05
50.9375,173.5625,4.0532202541039734e-08,-8.274545068026652e-06
18.6875,135.0625,4.5564599833025635e-08,-1.512894666805045e-05
-52.3125,133.9375,4.1458782028987923e-07,1.5828999955144862e-05
-33.4375,-168.8125,1.307879697322587e-07,7.804146309353754e-06
-44.8125,91.8125,4.272950638667568e-07,1.2365513272425228e-05
-50.5625,150.9375,2.710344707796372e-07,1.163083510898287e-05
-27.1875,-7.1875,1.6933371420854554e-07,7.463481787686697e-06
34.5625,-43.8125,2.2164667824355815e-07,-1.721747445637842e-05
41.5625,-34.8125,4.609403008111893e-07,-1.5718482325560453e-05
-51.6875,-21.8125,3.0795551200065887e-07,1.0831022940148354e-05
-45.8125,57.8125,4.16485975478975e-07,1.0175479808858885e-05
13.6875,126.5625,1.1534744988292066e-07,-1.018811578148908e-05
-8.9375,166.6875,3.583067692748264e-08,6.380007161542765e-06
-38.5625,-54.4375,4.185958545918053e-07,2.6031881349244327e-05
-49.0625,77.6875,2.856873146020355e-07,2.203944791333569e-05
-35.1875,45.8125,4.882980527927458e-07,1.3802120971263728e-05
15.3125,133.6875,9.444435367286886e-08,-1.437424753588955e-05
-47.9375,111.8125,2.788895567556391e-07,1.660908238569558e-05
14.4375,56.1875,9.415591151470524e-08,-1.159280583306539e-05
-53.8125,29.8125,2.3285327312012427e-07,3.0184383280595102e-05
-9.0625,99.6875,7.285640473004903e-09,6.421645296684682e-06
-31.6875,166.8125,5.517556287022789e-07,1.5930441528328627e-05
19.9375,152.9375,6.834799092070678e-08,-6.527463718143938e-06
-53.1875,-27.1875,5.57888044786986e-07,1.7555011345992194e-05
10.9375,142.5625,4.924318432791493e-08,-5.15352240038575e-06
18.0625,112.6875,1.4663464478305075e-07,-1.923562986247292e-05
13.4375,133.6875,1.5224281487258805e-08,-7.45723078533625e-06
-43.4375,26.5625,4.58083485269366e-07,1.8701717818139146e-05
-36.4375,122.5625,1.9126697104488863e-07,1.2042591902653448e-05
58.6875,-147.0625,1.4708733722757365e-06,-3.388980810673891e-05
-32.8125,14.0625,3.61937631808688e-07,1.632109390280029e-05
25.6875,176.9375,3.61601074167843e-07,-1.6882896281560897e-05
-51.4375,-165.1875,4.5402898812320955e-07,1.391177281778738e-05
15.0625,131.3125,1.6746932237272423e-07,-1.4748163236661145e-05
-71.0625,-37.8125,3.3860914693444755e-07,8.905370090585031e-06
-50.8125,96.0625,7.373667309749812e-07,2.7923068264585066e-05
-32.5625,-23.5625,1.8880379867903546e-07,6.950375769130819e-06
10.9375,137.4375,5.4454964227743934e-08,-4.671359423258369e-06
-42.9375,10.8125,6.448319022428221e-07,1.6197958555013766e-05
16.4375,148.0625,6.672452652697973e-08,-7.648526498650453e-06
-62.1875,-123.0625,1.3911590837649769e-06,3.767960830907789e-05
-28.8125,86.8125,2.7541608146349054e-07,1.3504668391611035e-05
-24.3125,74.9375,1.6785907486851336e-07,8.50251860161598e-06
9.0625,144.1875,3.2256450793795635e-08,-3.4034533221847353e-06
-10.0625,106.5625,1.1243752070476103e-07,1.2616770200650994e-05
20.4375,-178.0625,1.8665948111300444e-07,-1.2988475249533356e-05
-42.1875,-178.6875,2.5627495189047824e-07,1.5018792327566144e-05
-27.0625,-43.9375,5.274479707626225e-07,1.98981762720752e-05
13.4375,131.0625,6.841514298808107e-08,-4.5633137032347385e-06
-47.6875,-128.5625,6.869558148108538e-08,5.91182873442807e-06
11.3125,-106.8125,1.2865263085494777e-07,-1.1499500246075876e-05
32.8125,-77.0625,1.0093058081101483e-06,-3.7177121257050516e-05
-58.3125,62.3125,5.736224086736668e-07,2.0776829848862454e-05
-30.5625,-45.4375,8.89029027925663e-08,1.1622452323504447e-05
-45.0625,-155.3125,1.1975507399691937e-07,9.252779167359799e-06
-30.9375,85.9375,4.428001452114919e-07,1.2417772293969654e-05
-22.0625,170.4375,1.7481033560715225e-07,8.702047479885282e-06
-33.5625,-32.9375,4.1131291847565457e-07,1.2971390407173947e-05
-36.3125,2.8125,2.003030161181466e-07,9.979907207119097e-06
23.9375,144.4375,1.7000185054246674e-07,-1.376830499405455e-05
-58.6875,45.9375,3.552965092782538e-07,9.733587383545496e-06
-46.3125,154.1875,5.0413807318875915e-08,5.622141717716816e-06
-28.6875,-160.4375,1.2732347297008198e-07,8.265136819841853e-06
22.8125,123.4375,2.1434259907285564e-07,-1.2069062320286226e-05
-48.4375,-39.0625,1.3378757405188434e-07,1.1746840024510825e-05
36.9375,-57.8125,4.4093730991880073e-07,-1.5514754756855038e-05
46.8125,149.0625,7.230735815389278e-07,-2.98458725839838e-05
-24.8125,-161.9375,1.42825378105942e-07,9.160570165539023e-06
-40.5625,165.3125,8.58019722745363e-08,7.796978081736807e-06
-37.4375,118.1875,7.210086111184491e-08,1.3607693564172177e-05
-44.4375,72.0625,3.490822532965795e-07,1.9187089806229606e-05
38.9375,144.4375,1.3382150761770892e-07,-2.095106743600566e-05
-31.1875,174.4375,1.1067549705553303e-07,1.1869827086814836e-05
-34.8125,167.0625,3.560983107085352e-07,1.3791630921564488e-05
-20.3125,51.4375,2.2006850985249687e-07,9.90819625200235e-06
29.9375,-88.9375,6.502045823646902e-07,-2.1601485965838417e-05
-47.3125,36.9375,2.5761757160479754e-07,6.215700508199369e-06
-29.4375,-164.5625,1.0812535422739011e-07,7.0626882995207924e-06
-49.0625,133.6875,4.834628150127795e-07,1.4207191845053462e-05
20.1875,142.6875,6.979249003508344e-08,-1.1556491211568138e-05
13.9375,67.1875,1.6787683390541124e-07,-1.3861280450948804e-05
-35.9375,178.5625,2.8977230955060767e-07,9.220471997242036e-06
40.9375,-176.9375,1.6614930820565917e-07,-7.059566298526694e-06
-32.1875,0.6875,2.384886079199971e-07,1.0797046185019549e-05
21.3125,138.4375,2.5848043692645347e-07,-1.2860508081464375e-05
-51.9375,27.6875,4.390239953789423e-07,1.559100524131597e-05
11.0625,129.0625,3.298857077680963e-08,-4.826851283405384e-06
9.6875,147.9375,3.957028445537131e-08,-3.3514540904724823e-06
-50.3125,46.4375,3.883188279411406e-07,8.782113253426461e-06
-57.3125,-117.1875,2.4373933444673635e-07,1.529616963653644e-05
-35.3125,-16.0625,1.5514670891453108e-07,8.977873362868205e-06
37.5625,-40.3125,6.118076812889694e-07,-1.4740238443415038e-05
-56.8125,85.4375,1.69937166078214e-06,2.6224846585777472e-05
11.1875,131.0625,5.3315811236914535e-08,-6.883524625225586e-06
17.6875,-174.3125,1.4742920841513863e-07,-7.388736114403666e-06
-43.9375,-3.6875,4.524605513305475e-07,2.1689004583352288e-05
47.1875,153.4375,7.24685545403473e-07,-3.539734638224272e-05
14.3125,-77.0625,6.206353232145284e-08,-7.813081597635798e-06
16.3125,58.6875,3.0200835700063226e-08,-6.5213268994277914e-06
19.4375,160.5625,1.1527221371656619e-07,-8.681847835042602e-06
-40.6875,-122.1875,3.103238206765094e-07,9.610831298406222e-06
14.0625,71.1875,1.1882953673122386e-07,-8.732431827481471e-06
-45.4375,161.9375,2.554682551714515e-07,9.165653322953328e-06
-36.6875,-9.1875,1.459875749097245e-07,9.48208140314174e-06
36.4375,-49.3125,1.7987272625094008e-08,-7.4201818709016964e-06
-9.6875,172.5625,1.0248694221459975e-08,4.831780619869621e-06
-61.4375,-74.6875,1.298991551494552e-07,1.8211931197699603e-05
-47.6875,30.1875,3.7003839402282843e-07,1.043237112943427e-05
-27.3125,44.1875,6.327612398116246e-07,2.9157409156170403e-05
27.5625,147.8125,2.832983424429663e-07,-1.5966646546671683e-05
-50.4375,-178.5625,2.1054532339849027e-07,1.1483948620522342e-05
-49.9375,-37.6875,7.285305420717215e-07,2.8818181885443163e-05
-25.5625,171.5625,1.8026151145289028e-07,9.727837366989313e-06
-54.0625,-46.0625,3.7002081389185794e-07,1.9693830417706464e-05
-47.8125,-28.4375,4.5501792457276367e-07,1.4809776654171386e-05
-31.0625,-158.6875,2.0617777784138204e-07,8.457844414423503e-06
-29.6875,-168.9375,1.7674861364756057e-07,7.730264778589452e-06
-50.8125,-149.0625,6.184600733112018e-07,1.4524498922931647e-05
-50.3125,-138.0625,2.557508638099478e-07,8.558485444921569e-06
16.5625,144.6875,7.349437018890922e-08,-4.332407097216158e-06
27.5625,176.1875,2.0346553491519724e-07,-1.388526847694577e-05
39.3125,-174.3125,5.805579643821312e-07,-1.834928649458486e-05
9.5625,157.1875,8.066955503161618e-09,-3.221848113532219e-06
50.8125,160.5625,8.661460159652917e-07,-3.576236917035856e-05
-30.9375,-154.5625,7.49496849973341e-08,4.5724183613260235e-06
-32.8125,-133.1875,1.5823072174113334e-07,6.487261248836643e-06
14.4375,142.3125,8.831038330536016e-08,-9.14544640961395e-06
8.0625,-47.4375,8.430897704775888e-08,-1.1231390693477702e-05
-29.3125,98.0625,3.116003226735433e-07,1.1121025083314905e-05
-44.9375,14.8125,5.038864568405878e-07,1.7474949381125102e-05
-23.9375,90.6875,1.0397236880787656e-07,9.158866618203868e-06
18.9375,-167.5625,1.3938270371708007e-07,-1.616284467339906e-05
-39.9375,109.3125,2.3347944275527822e-07,1.9635810238985765e-05
-34.3125,-128.9375,1.2256191882482396e-07,6.1932679888057934e-06
-58.3125,-49.5625,9.871784360519394e-07,2.4655303550303e-05
-56.9375,-97.1875,4.73239118711893e-07,1.2352457816076817e-05
-37.9375,160.8125,3.3632149467248434e-07,9.577436035040634e-06
-24.9375,-152.4375,2.0000178619171385e-07,1.162703916027582e-05
75.9375,-120.9375,1.6462686341615735e-08,-9.501390433163541e-06
-31.4375,57.5625,2.2760745854045305e-07,9.702487844733104e-06
29.6875,-78.0625,2.0136241639505175e-07,-2.7197073759854436e-05
-44.4375,-8.1875,1.1366178052043597e-07,5.536466427552503e-06
-42.1875,140.9375,1.7453939279320272e-07,1.365232915559698e-05
-39.5625,-24.9375,2.0916773866919455e-07,6.184481696365316e-06
-32.5625,128.0625,1.3363088408135007e-07,6.957494547953948e-06
69.8125,11.0625,1.1344791532688332e-06,-4.634189361437233e-05
-44.3125,-0.5625,3.333515107955596e-07,8.518556800418832e-06
19.8125,164.6875,4.3908179209211823e-08,-7.682042158593353e-06
8.1875,154.5625,1.8350663238379975e-08,-3.6857949730501285e-06
-31.4375,-17.4375,2.304565938838556e-07,1.0551004101231691e-05
42.4375,170.1875,1.334557111930572e-07,-3.970092643993005e-06
-41.0625,155.8125,9.362347618093922e-08,1.0605849284872654e-05
31.0625,-63.1875,2.73909686620066e-07,-1.1529072850202908e-05
-24.1875,84.1875,1.2443408187651974e-07,6.0549247352474606e-06
-53.9375,127.1875,3.7776079550833437e-07,1.6831262021109503e-05
-34.8125,27.0625,2.6493060432045766e-07,1.5985678091288893e-05
-47.3125,81.8125,5.509137501639073e-07,1.7533648624894554e-05
-45.5625,-12.1875,8.389044335155737e-08,8.724685441679418e-06
51.1875,-165.9375,5.504149430661567e-07,-1.5853022289325773e-05
-43.0625,90.8125,1.5038479770373682e-07,5.4073936904101425e-06
-23.6875,88.3125,9.660271688015347e-08,8.489927212257934e-06
14.5625,111.9375,7.650541115268377e-08,-9.061185538429135e-06
-35.0625,138.3125,4.4532814253680167e-08,1.1440868019231409e-05
46.4375,165.6875,1.25741103652427e-07,-1.1674952493077155e-05
-43.4375,164.1875,1.6447190136512091e-07,9.088570469760059e-06
20.3125,124.9375,2.786183198735453e-07,-1.3290473836860932e-05
-57.9375,-105.6875,2.1254002925619448e-07,1.1024944431223984e-05
-55.9375,-70.6875,1.0587728268510862e-06,2.464628760633665e-05
-35.4375,-127.3125,2.1200661674737498e-07,7.313795744539292e-06
-9.4375,113.9375,1.0972691944997376e-07,1.2320717165387142e-05
-34.8125,-173.4375,7.754909895325216e-08,5.6214228353493e-06
-57.0625,-137.1875,4.532708300855473e-07,2.3401173878728776e-05
-47.0625,146.9375,2.319427692829851e-07,1.8205898439000835e-05
26.6875,139.3125,1.1671562046940314e-07,-9.653191594927688e-06
-38.3125,-98.1875,2.100620824769078e-07,8.431394901776133e-06
-44.9375,109.3125,2.0166747192954988e-07,6.1803172126923725e-06
-59.3125,-93.9375,1.0954881714422049e-06,2.318107288522816e-05
-19.9375,111.6875,1.586958059054112e-07,1.0834515901388693e-05
-44.0625,-171.0625,1.0664528263984837e-07,7.22897776329178e-06
-23.9375,-167.8125,1.644382600486688e-07,1.039239999601399e-05
-32.3125,132.4375,8.792446460330025e-08,7.521013178792169e-06
-46.3125,-4.6875,1.6263014095940386e-07,1.8828350516913397e-05
-56.0625,94.8125,6.288860282092932e-07,1.8875658224456533e-05
-22.0625,111.1875,1.1476097281460692e-07,8.564896502161e-06
12.9375,48.6875,8.191582487840469e-08,-1.0796552921672069e-05
-28.5625,102.0625,1.6118701721376918e-07,1.106922217894443e-05
13.4375,-97.4375,2.3735736772728735e-07,-1.3927723291299493e-05
20.3125,172.1875,5.757406361766637e-08,-5.586285526292175e-06
36.6875,-166.4375,3.0679839292672616e-07,-1.1124355846873251e-05
-59.5625,-79.0625,8.304163505412085e-08,1.1522736901458688e-05
17.8125,131.4375,3.7784775759426885e-08,-8.169129800432007e-06
-44.4375,-164.4375,9.007304795006495e-08,6.998554167442299e-06
-61.3125,27.6875,4.0589745564017414e-07,8.764092370176557e-06
-25.3125,167.9375,3.1155478377955534e-08,1.5002188503980413e-05
-44.3125,-148.6875,9.430114819586677e-08,6.817572373567543e-06
-52.1875,175.5625,3.4481642437545226e-07,1.0066812306386307e-05
-37.9375,89.6875,4.0060802981195624e-07,1.3642763204254504e-05
-43.6875,-120.3125,9.045183167889724e-08,4.189038534093266e-06
-21.8125,103.6875,6.932934755513486e-08,7.638184378826304e-06
-59.8125,-101.0625,2.0616514155959793e-07,1.2317651455284514e-05
30.3125,-66.5625,4.1831050302339406e-07,-1.6304692168679298e-05
-35.8125,-20.1875,3.660409646832008e-07,1.1661442159384551e-05
-46.4375,-149.6875,1.0405108431017988e-07,5.426983595352667e-06
-56.3125,-172.0625,1.2728745995154778e-07,4.617603569524865e-06
-47.4375,-30.8125,6.219627643207766e-07,3.238295012115438e-05
40.0625,147.6875,8.110388776436687e-07,-2.059755771201321e-05
-55.3125,-137.0625,7.924075739908086e-07,2.079891783041944e-05
-48.3125,139.5625,2.066809234624401e-07,1.0332107997758823e-05
44.9375,162.8125,2.7170972152712214e-07,-6.642101343179063e-06
19.9375,-152.4375,1.6228447246903445e-07,-9.427997855021444e-06
-50.5625,-125.1875,1.3582891379356933e-07,1.0097346075933835e-05
19.3125,169.8125,1.0002302733837416e-07,-7.729570305143637e-06
-8.6875,140.3125,3.5973473175290824e-08,2.1550414989595722e-05
-46.6875,115.0625,1.2441257069062018e-07,1.0910883719292553e-05
-62.6875,-69.5625,8.005474652868097e-07,1.803975229342331e-05
-49.4375,156.8125,2.51934491478991e-07,8.944610769608745e-06
-52.4375,-127.8125,2.96261549735248e-07,9.16212781605809e-06
-41.5625,161.4375,3.316902457488554e-07,8.5577718748524e-06
-54.3125,62.0625,2.3316008399674156e-07,7.998288968007284e-06
-35.4375,-122.5625,5.055490942567058e-08,6.830986349142115e-06
-24.9375,67.4375,4.369072720706506e-08,7.859190105287602e-06
12.9375,146.6875,5.156487574996688e-08,-3.4750684742394026e-06
-26.6875,7.1875,2.3380945382847652e-07,1.2265957602242294e-05
-60.1875,-83.8125,4.1771823577616436e-07,6.56301875696347e-06
15.8125,128.8125,1.4000767637030484e-07,-6.7605880898330734e-06
-50.5625,92.1875,5.103072252781022e-07,2.73209700887537e-05
43.8125,-34.8125,3.416855347835104e-07,-1.7548997327398142e-05
-60.4375,-90.8125,1.9374285394564512e-07,1.3566205599461804e-05
-50.9375,-176.4375,5.776573561144388e-07,1.4620552134200143e-05
-37.9375,-14.0625,3.9597674235895797e-07,1.029151323061582e-05
-34.5625,-176.8125,3.2186696226689754e-07,9.960808087223912e-06
-29.9375,-138.8125,1.465820051018964e-07,9.947504565793103e-06
-35.8125,-169.4375,1.852636807679913e-08,4.804700348964411e-06
41.3125,176.9375,2.0505948010360375e-07,-1.5801542356326076e-05
-35.8125,54.5625,2.1523366197351375e-07,7.701853421463218e-06
-16.0625,114.0625,6.153843436855588e-08,5.148637314373097e-06
79.5625,91.8125,7.904540185091034e-08,-7.640088504793512e-06
56.8125,-137.5625,2.95635205692797e-07,-2.050719842880515e-05
-45.3125,157.0625,3.2117009429622577e-07,9.495310925305772e-06
44.1875,-27.9375,2.965240544748055e-07,-1.3446474772969013e-05
-42.1875,175.3125,6.331819082063556e-07,2.6788879777702822e-05
11.1875,153.3125,2.279607670487765e-08,-5.1884503041861496e-06
-38.1875,-161.1875,1.909366110663706e-07,7.830531518347173e-06
58.9375,-143.9375,3.6663253166705975e-07,-1.8069436065054833e-05
-30.0625,-131.4375,1.1861016887617757e-07,6.691132141968383e-06
-34.1875,136.6875,2.0283358908111272e-07,9.216548218396514e-06
16.6875,153.4375,9.620572456133014e-08,-8.847247588646032e-06
-31.4375,-124.6875,1.7713151444541774e-07,6.764051489349871e-06
-59.4375,127.1875,4.3081358568755614e-07,1.0670901014718142e-05
-14.3125,115.8125,1.6551748692663954e-07,1.0585087029937313e-05
-33.6875,124.1875,7.147412229131311e-08,5.164047390513985e-06
20.8125,62.3125,2.902004509226516e-07,-1.1720943420533997e-05
39.0625,-166.4375,1.9513552932923892e-07,-1.1646954159896669e-05
-42.6875,16.6875,4.171570523675914e-07,1.844605783188241e-05
-54.8125,-125.4375,1.7474113993693747e-07,9.749692782998126e-06
-45.1875,22.0625,2.3476403599129146e-07,1.4469200192456052e-05
43.8125,-30.6875,4.2807736229912907e-07,-1.0485473902636182e-05
-50.3125,81.1875,2.0695051203318684e-07,1.8342533359672544e-05
-27.0625,-141.5625,1.1976625712968336e-07,9.79842143980067e-06
-39.9375,-101.1875,2.394135755723499e-07,9.261275749617667e-06
26.4375,130.6875,3.4956280431307134e-07,-1.4252278257454674e-05
61.6875,-2.5625,1.4082557493961855e-06,-2.4958770614511924e-05
52.9375,-133.9375,4.6974598649311286e-07,-3.109484171673336e-05
-54.6875,170.1875,3.7444639088421515e-07,1.3309581855883256e-05
-38.3125,-177.5625,2.0347000180297502e-07,1.5183413013071726e-05
13.3125,-93.8125,1.3162604309250808e-07,-1.0982832343940974e-05
-57.9375,-82.4375,1.860141017153545e-07,1.0997557007634605e-05
-48.5625,153.3125,3.6889103959535174e-07,1.0183073914997904e-05
-53.4375,-164.3125,1.6180394526579007e-07,4.751496489895335e-06
-44.6875,146.6875,4.7567625984191895e-07,1.2993352401859534e-05
-54.6875,139.3125,1.5159827231922487e-07,6.124060317427132e-06
-49.4375,-144.9375,3.210459520435664e-07,7.822352836420478e-06
44.5625,-43.5625,1.401128620676404e-07,-1.0539899280285619e-05
-33.3125,-121.1875,5.8093634224305633e-08,1.0198761349088537e-05
21.1875,-141.6875,6.577742556388673e-08,-6.203439160645667e-06
-45.1875,-132.6875,2.1737189007490108e-07,5.321136887307532e-06
18.6875,156.9375,2.0148815462853208e-07,-1.123026651347802e-05
-47.5625,3.6875,2.9034509685749894e-07,1.1885324527726355e-05
-31.6875,111.5625,7.94981351758813e-08,1.3065407718052345e-05
-27.9375,-145.4375,1.721855639963797e-07,1.1609266459051143e-05
-49.6875,-152.0625,1.5950498300321226e-07,5.864727999850663e-06
59.4375,-19.1875,6.202816946588288e-07,-2.1871373185991113e-05
-40.6875,174.1875,5.689184212167984e-07,1.6738566745327353e-05
-32.4375,-177.9375,1.210209224092142e-07,5.595925875483459e-06
39.3125,-172.1875,4.6970905564541973e-07,-1.447228558233392e-05
-59.0625,-172.9375,4.3562181533378154e-07,1.0847178784355995e-05
10.1875,90.3125,8.48433179250831e-08,-1.3256141141312967e-05
22.6875,-172.5625,1.7329187841771734e-07,-9.538507186221694e-06
10.3125,73.8125,2.7776794240936697e-08,-8.248200369194528e-06
-42.0625,-164.4375,1.979665187383542e-07,1.0518877229738018e-05
-47.5625,84.9375,2.447621657614943e-07,1.4788717164324691e-05
-34.5625,175.5625,3.1173036210524256e-07,9.711415067964237e-06
24.0625,134.6875,4.6529819144026773e-07,-1.904039789293517e-05
27.8125,-77.8125,2.3036959801098982e-07,-2.522014109797591e-05
58.3125,-23.5625,4.09707139942219e-07,-1.7028561858340723e-05
-30.4375,80.3125,8.793359470770763e-08,6.349462176580142e-06
-24.3125,-46.5625,1.6492947601116436e-07,7.71598768379182e-06
34.0625,-61.5625,1.8946580944006345e-07,-1.5433322025404182e-05
25.8125,-160.9375,8.283492456733333e-08,-5.575479000223861e-06
-43.5625,-130.0625,3.8136735350514574e-07,1.0642904951184962e-05
35.3125,-65.1875,2.3204028131346484e-07,-1.342973775830598e-05
53.5625,-173.6875,5.329270202223215e-07,-1.5226278709221947e-05
-35.5625,-151.3125,2.4199769211866695e-07,6.1977393840288005e-06
-46.1875,-25.1875,3.957086706838916e-07,1.1574278453604495e-05
-31.0625,-174.5625,1.438607057544396e-07,8.876911300399052e-06
-43.5625,-126.6875,1.5804382512141445e-07,7.71641474469352e-06
-40.1875,-27.0625,1.3702109958032724e-07,7.816066638110497e-06
-38.0625,-103.4375,1.2667316050425622e-07,5.355463809357849e-06
-47.3125,-143.6875,2.3647732528457466e-07,7.0095358161713724e-06
-58.9375,92.6875,8.303114568539568e-08,1.1667197240154358e-05
-41.1875,-169.5625,3.521644814025084e-07,1.0569703096731398e-05
-61.4375,-177.9375,8.060061248323563e-07,1.9634991665233706e-05
-44.3125,-150.6875,1.7296192322259223e-07,5.706686050310185e-06
-43.8125,159.4375,2.656704887616184e-07,7.680082782035934e-06
-35.1875,-2.8125,1.285630445339441e-07,5.568990235592275e-06
-55.5625,-123.1875,7.540093316241854e-07,1.0521885522877286e-05
46.1875,-33.4375,1.838496489583877e-07,-1.1385239802709015e-05
-52.0625,-118.5625,4.4744292418554914e-07,1.4190024286052773e-05
-34.3125,-75.4375,4.5268787848313096e-07,1.531775727867926e-05
27.9375,136.3125,1.9008132811539312e-07,-1.9573272211845994e-05
54.9375,-13.5625,1.3259322829089355e-06,-2.269095105359992e-05
-44.4375,143.0625,2.9145828883141374e-07,1.3171113468501457e-05
-39.6875,-163.1875,7.15799235951368e-08,1.2523664598892736e-05
-35.9375,-157.8125,1.1463507474909059e-07,6.565390306342624e-06
-34.8125,100.6875,2.827244871735516e-07,1.6923257288815616e-05
34.3125,-56.0625,4.2579492455036365e-07,-1.9035332441149583e-05
-44.6875,-139.9375,1.1522412248924629e-07,7.50349610400299e-06
-43.1875,-135.8125,2.01900988346698e-07,1.0165492684094499e-05
-34.1875,-161.4375,8.101000606833398e-08,3.1829285274004046e-06
-37.4375,134.9375,1.7950169756215875e-07,1.2979103570280169e-05
11.6875,70.0625,2.4234535375799097e-08,-6.027952297593314e-06
45.9375,-27.3125,3.267707708563015e-07,-1.7914091555587095e-05
-55.1875,47.8125,2.831238582502292e-07,1.3864048972042006e-05
-51.9375,-46.4375,1.6541066391004017e-07,1.6465970861358818e-05
-44.8125,-167.1875,1.1200384412739172e-07,7.66024752474366e-06
-51.9375,177.9375,2.8790264950024596e-07,9.83057829814622e-06
-63.0625,129.3125,6.131308246930035e-07,1.4372476122854878e-05
46.1875,-22.5625,7.962542142178927e-08,-8.151794551789069e-06
-40.1875,93.4375,3.335628929027894e-07,1.0396701214387049e-05
28.8125,-70.6875,5.101043707089639e-07,-1.5094623844686297e-05
-39.9375,-168.1875,4.746487183007406e-08,7.895851996723194e-06
-37.9375,-21.1875,1.3091356156058893e-07,8.044015299929446e-06
11.8125,-125.4375,5.860299767394798e-08,-4.0176562552341545e-06
-56.9375,-89.3125,1.18499218537425e-07,9.61259645253716e-06
-58.4375,67.8125,4.3908403459624153e-07,8.552523926961127e-06
48.8125,169.4375,1.2649920060081912e-07,-6.678422185020644e-06
-53.4375,-56.6875,6.403455775666605e-07,1.847356572675007e-05
12.8125,-91.0625,1.9440996967373474e-07,-1.2837379596120937e-05
-26.8125,-40.3125,1.0804917985730782e-07,8.699726442884788e-06
-24.1875,-42.3125,9.531448528268943e-08,1.3649037679660377e-05
-26.1875,-32.1875,8.583222716142821e-08,5.735475499518229e-06
17.1875,61.0625,1.3920399304030512e-07,-1.0301939243855153e-05
-27.1875,-155.4375,1.3135999690690377e-07,6.031023533701705e-06
-30.6875,-172.1875,1.0414214045219448e-07,5.639515401010524e-06
-58.8125,-72.4375,1.5788019811240777e-07,1.57280590192048e-05
30.0625,-56.1875,2.595377521665729e-07,-1.3505015298087396e-05
15.6875,-94.4375,9.223658377038875e-08,-1.7191780182825698e-05
-42.0625,-147.0625,1.3323721976149518e-07,7.020487412552818e-06
-56.0625,-37.4375,5.958000222903913e-07,1.4987775299529711e-05
-41.9375,119.6875,9.862499140092316e-07,2.577072147057724e-05
-42.0625,-98.0625,3.2803304294624235e-07,9.159722142097055e-06
-51.8125,-131.4375,4.053856605083693e-07,1.08074541364419e-05
18.4375,72.4375,1.5811053585222853e-07,-1.064353337753366e-05
49.1875,-18.9375,5.749311974745692e-07,-2.1975894468877013e-05
13.8125,156.8125,7.745428833413142e-08,-5.318372091065877e-06
18.1875,166.5625,8.71631245983211e-08,-1.1392013611921239e-05
-54.6875,49.8125,1.0243932907849245e-07,4.996140414199042e-06
-41.6875,-133.0625,5.417426570430491e-08,2.5682799969512725e-06
60.8125,-4.8125,1.2858227566627228e-06,-3.5216098122739076e-05
16.4375,125.8125,1.9095114618651106e-08,-5.4190231174934365e-06
-36.6875,-177.9375,2.7783687529290357e-07,8.785374268459853e-06
53.6875,-178.3125,3.4619317328589456e-07,-1.830949041040926e-05
12.1875,-88.9375,1.1876735243042826e-07,-1.2239986668686806e-05
-55.9375,107.5625,8.867277952294101e-07,1.6681686963633126e-05
-48.8125,-133.9375,7.477374841278712e-08,3.328821664693952e-06
-41.6875,148.8125,2.747830062349228e-07,9.886230645500765e-06
-31.9375,130.5625,6.88723351331377e-08,4.296634396986964e-06
-36.5625,101.5625,2.7732587881088474e-07,1.0462661728949316e-05
-12.5625,170.6875,7.608511360015104e-08,6.1941652339223066e-06
21.9375,-145.0625,5.733732406182387e-08,-3.7668383742810563e-06
-38.3125,-173.3125,5.9431573142697634e-08,3.906218924272068e-06
-46.1875,165.0625,2.5936652828061315e-07,1.018033812862782e-05
-42.4375,-28.1875,2.3807576958111003e-07,1.1480618931999418e-05
-53.3125,-133.9375,8.637933209249498e-07,1.7302046769141855e-05
39.9375,-32.6875,4.3998797849356714e-07,-1.8926743834740853e-05
57.5625,171.1875,8.174123546574809e-07,-2.75630504252107e-05
-47.0625,163.6875,2.6204357856748295e-07,8.512693342030123e-06
46.9375,146.6875,4.6979370379762214e-07,-2.397213425579619e-05
51.8125,-21.4375,4.085300090050524e-07,-1.0975657917779395e-05
-28.1875,-157.4375,1.5809172984112723e-07,6.223966023248498e-06
-9.8125,121.8125,1.0810104690185232e-07,1.0535829467248945e-05
-31.1875,82.1875,1.1495113421803842e-07,7.53897296437307e-06
-28.8125,104.4375,2.800170133728378e-07,8.673675096050985e-06
-46.5625,139.6875,2.371352255808171e-07,1.1817394220077835e-05
-43.8125,-176.5625,3.1120130919968936e-07,8.35348273676991e-06
25.0625,150.3125,1.4258858432066e-07,-7.26142366971552e-06
-48.8125,100.5625,3.9933648532372576e-07,1.0679784069606945e-05
34.6875,-34.4375,2.1974866894646117e-07,-1.2758716974775921e-05
-39.8125,-166.4375,2.238170875422406e-07,7.5535531259689185e-06
-38.3125,-117.8125,2.443774433528393e-07,9.757649143886637e-06
48.3125,-41.9375,6.400195180275767e-07,-1.2996452500999075e-05
-62.0625,171.8125,2.2559212118201366e-07,1.3650026004944505e-05
-41.4375,171.8125,1.2663745408224351e-07,6.886252962928014e-06
-22.6875,156.4375,2.3395328587380438e-07,1.4142109812566405e-05
-21.5625,93.1875,1.1906976130428952e-07,6.406237010668639e-06
-17.6875,159.3125,2.1256119466527126e-08,7.162819052327291e-06
-47.4375,-146.8125,7.576358386083508e-08,5.854187256988715e-06
10.6875,-177.1875,1.6145025522904403e-08,-3.7003225469784334e-06
-46.3125,-141.1875,2.2470295164947048e-07,6.34274976488611e-06
11.6875,168.1875,2.9466345018201856e-08,-5.522759620788368e-06
-10.0625,118.0625,9.504610703248117e-08,9.450340479257299e-06
-50.0625,153.8125,2.282662217095405e-07,1.6155629741935773e-05
76.9375,1.4375,2.003494208542751e-07,-1.9349613319852994e-05
-35.6875,-146.8125,4.1488533735394364e-08,3.618638078234748e-06
-47.0625,173.9375,2.143742524963612e-07,9.788464613019219e-06
-36.8125,-4.4375,2.5417907543743285e-07,9.54999483828696e-06
-25.0625,-147.1875,2.48196225023565e-07,1.0403422757014032e-05
9.8125,85.5625,3.0751166677916316e-08,-5.64062749821487e-06
26.3125,-172.6875,9.720908290878406e-08,-1.2107698141424115e-05
-50.8125,-25.8125,8.660192751884098e-08,5.515200637121562e-06
-31.5625,-49.4375,2.2382890396094417e-07,1.9992330692482188e-05
18.8125,177.0625,1.5477137911222223e-07,-9.262695223710707e-06
52.8125,-176.1875,3.0536478827826285e-07,-2.2218432014639336e-05
72.0625,6.1875,7.469253205770286e-07,-2.4070461068464995e-05
-40.1875,-126.4375,1.0940503745555966e-07,5.853997757923716e-06
-38.4375,6.1875,1.5618815655716253e-07,1.0761695888392586e-05
-50.6875,115.0625,1.0883721539545502e-07,9.53040153972401e-06
44.5625,-177.6875,8.33513298148307e-08,-3.777789693900586e-06
67.4375,4.9375,1.3133110219049351e-06,-2.5596949141095204e-05
43.9375,176.0625,2.1932379475638563e-07,-8.163873275416575e-06
44.5625,149.9375,9.234973178543366e-07,-2.2582743798435524e-05
16.3125,96.9375,1.1677738916609255e-06,-8.908645486493201e-05
-41.9375,-149.4375,1.5475090647019523e-07,5.502046006103382e-06
-41.9375,-19.3125,9.449683125261805e-08,7.267216105294625e-06
-31.6875,52.6875,2.2219534272690836e-07,6.296738344400231e-06
-58.6875,-131.4375,1.2230134643133616e-06,4.544723492021503e-05
-42.0625,-174.8125,1.619499164782249e-07,1.1403461305937496e-05
-39.8125,-105.1875,1.734669274348762e-07,7.039227423925073e-06
12.1875,87.8125,3.415817868778027e-08,-5.990204706295301e-06
51.9375,-44.3125,1.7265909541777352e-07,-1.3205728201509873e-05
43.0625,164.6875,1.1532248410076301e-07,-6.572354145846732e-06
-49.6875,83.6875,8.220606412494735e-08,1.347993237299445e-05
28.8125,152.3125,1.7180113826148893e-07,-1.1944489310708616e-05
-56.5625,-35.3125,2.512504335576704e-07,1.2105969138327976e-05
50.9375,-49.8125,6.307920363693277e-07,-1.8472547317334875e-05
-45.0625,-145.5625,1.9948281777801086e-07,6.6624614220371096e-06
-35.4375,129.4375,1.1389613498118064e-08,9.967185923937468e-06
-54.5625,-169.8125,1.2448356988797445e-08,2.9341218953855752e-06
-44.8125,-160.6875,1.4531416971143296e-07,5.244146403327017e-06
12.1875,164.8125,5.403869856678461e-08,-4.2296998675490095e-06
20.4375,-164.0625,2.104969803792217e-07,-1.2278037116125108e-05
-41.1875,2.6875,2.878652003951349e-07,7.436323808372125e-06
-37.6875,55.9375,2.0769640893639387e-07,6.1066880879092255e-06
-57.1875,-113.3125,6.846738992014479e-07,1.7884361395106766e-05
69.4375,2.1875,1.070843275270179e-06,-2.9826454142923627e-05
-48.9375,-53.1875,2.3131908640964123e-07,2.01471125870155e-05
-54.6875,-48.6875,1.0751322608784517e-06,3.189210709941997e-05
62.6875,-53.8125,4.3280130333159066e-07,-2.1566438450120963e-05
-56.5625,-42.9375,4.358402787899517e-07,1.711858256728076e-05
60.5625,-17.1875,6.330139830296128e-07,-1.4225986600125463e-05
-48.4375,-158.4375,2.664789528739795e-07,7.725863339400556e-06
13.4375,153.8125,4.025523029873893e-08,-4.4257976246966625e-06
-60.1875,167.1875,1.7301420176742938e-07,1.4729077194054599e-05
-53.1875,37.3125,3.3186512094915584e-07,1.2572183164829093e-05
-64.4375,-78.6875,1.022113405458591e-06,1.6400649742624977e-05
56.8125,-12.8125,8.448527135613032e-07,-2.081206707331123e-05
-57.4375,-133.1875,5.511673512411204e-07,2.695604400932742e-05
-19.1875,107.9375,3.4508933245062265e-08,3.1320112536392887e-06
48.0625,150.8125,8.828369182889122e-07,-1.9566080680462598e-05
-30.3125,-5.9375,2.1616802452026965e-07,9.819411968255112e-06
-48.8125,19.9375,2.248745156410986e-07,9.756100400760228e-06
-25.5625,-104.6875,7.32441807601613e-08,3.0826838618474056e-06
-55.3125,-134.4375,6.128246901875213e-07,3.726815869315086e-05
-42.0625,39.1875,3.084329589640099e-07,1.1249408509861277e-05
32.0625,163.1875,3.212626686497987e-07,-1.4404257337914693e-05
21.5625,69.0625,1.7277224965213655e-07,-1.0712737958186405e-05
-45.5625,94.6875,3.187836378287257e-07,9.220956729812591e-06
40.3125,-37.4375,3.365095872977743e-07,-1.5601961707100913e-05
-59.5625,96.3125,2.467627190199169e-07,1.3103792470066653e-05
-50.5625,121.9375,2.778560341836066e-07,1.0141466035514331e-05
18.3125,-86.3125,6.928742041550511e-08,-6.965407613029528e-06
-37.6875,-134.5625,1.4620695223911832e-07,6.999982311810055e-06
-27.8125,-36.9375,6.111321997837131e-08,2.7735779350677484e-06
41.0625,-29.9375,6.086310105404609e-07,-1.6011720412420575e-05
59.5625,168.1875,4.926371551944647e-07,-3.141335152706559e-05
-35.6875,-12.5625,1.2714525856796474e-07,3.951257084668517e-06
-44.0625,-20.5625,2.904127950252517e-07,9.11524747840089e-06
-22.3125,-157.9375,1.1971818701282601e-07,7.237686100483681e-06
16.0625,-59.4375,1.7982879721610385e-07,-1.727324035637179e-05
-53.5625,-70.3125,2.6816884671037927e-06,2.7096415808728902e-05
-33.8125,34.0625,9.803104179879149e-08,9.026492312069981e-06
51.1875,-156.8125,3.7652191959802745e-07,-1.3561724347279956e-05
-36.3125,169.4375,1.6071295928369442e-07,4.568599431694637e-06
8.6875,-159.3125,3.759307864873614e-08,-5.980809578061939e-06
53.3125,-16.0625,1.132627406493795e-07,-9.44773932770631e-06
-32.4375,48.1875,1.0467579351106223e-07,5.489709447033325e-06
18.6875,-149.8125,1.1222247221812143e-07,-1.0921952436584925e-05
-52.8125,-113.4375,3.1319014254795175e-07,5.72264207371515e-06
-47.1875,-6.4375,5.368340522768312e-07,1.432635085488302e-05
-41.9375,-141.8125,1.2891303908635368e-07,5.2963261616299155e-06
-39.0625,156.3125,1.1742054711217815e-07,8.552568898246856e-06
33.1875,-40.8125,2.4667633811409167e-07,-1.2353761450201634e-05
-48.5625,-18.1875,5.760504830966671e-07,1.3933400579604596e-05
-47.9375,108.9375,7.057575402827487e-07,2.1477573897078173e-05
-47.6875,165.5625,2.733914576331158e-07,1.4500022718178718e-05
-42.5625,-173.0625,5.792873779508776e-08,4.998362528339837e-06
-49.3125,-45.9375,4.095683657121658e-07,1.229569619873901e-05
28.3125,142.3125,1.3511578878513173e-07,-1.5923542141606717e-05
-38.0625,25.0625,9.23242711074867e-07,3.5738108708834946e-05
-33.4375,-7.9375,9.460384873412189e-08,4.173893365164748e-06
38.6875,-51.5625,5.259315209072756e-07,-1.8075855420325617e-05
55.1875,-168.5625,8.423353797434424e-07,-2.9310440536899673e-05
-54.1875,56.1875,2.6016945536632525e-07,9.225242943942623e-06
-34.6875,169.8125,1.7246440393131607e-07,6.617095259300938e-06
-43.9375,-98.6875,1.047982908997405e-07,8.76402140464221e-06
-41.6875,98.9375,1.0202047231987953e-07,7.620607051377283e-06
-10.6875,132.6875,8.427475544468289e-08,8.8718326912699e-06
-45.5625,99.9375,1.3144537022135982e-07,6.8162667840273965e-06
-49.6875,-114.4375,4.294242907914175e-07,1.1550682151466298e-05
-52.4375,-42.1875,3.2965008119533413e-07,1.5345953199904407e-05
35.0625,-36.6875,1.7930928588748373e-07,-8.916963408207273e-06
-34.1875,74.3125,1.1227619179806753e-07,5.81541821116398e-06
-42.5625,104.3125,2.6005976319679916e-07,9.43789597628989e-06
-39.6875,-145.5625,1.1781636847743e-07,6.415670082805208e-06
22.6875,-160.3125,2.1583547867725897e-08,-9.967657574015257e-06
25.1875,-167.0625,2.57719427654202e-07,-2.02735813459584e-05
74.8125,-0.6875,1.1215958939702397e-07,-1.696899506334561e-05
-58.9375,86.5625,2.981446744437369e-07,1.8727864033569646e-05
17.3125,-160.6875,1.5828060178403664e-07,-1.3570155457253204e-05
-46.9375,-157.9375,1.771411312348826e-07,5.353233195619357e-06
-63.5625,178.6875,2.0511188098532098e-07,1.44128991706503e-05
-56.5625,34.9375,1.0061852620036443e-06,2.700129946920499e-05
22.6875,-154.9375,5.901836454771915e-08,-9.232524304061984e-06
-51.8125,-44.3125,5.43101780087059e-07,1.106246887227185e-05
24.5625,-138.8125,1.6986065729775007e-07,-8.142595778820363e-06
-48.5625,92.0625,4.4004056086418625e-07,1.9616238013575933e-05
55.1875,-29.0625,7.432733117463933e-07,-2.0337065193760592e-05
57.5625,-176.0625,3.301919527050026e-07,-1.4048046607677219e-05
-12.9375,143.8125,1.1292176399058698e-07,1.2576139187617172e-05
-45.4375,-136.0625,1.733282053186667e-07,6.270727504181515e-06
-38.5625,123.4375,2.85252035400541e-08,6.6628070434535855e-06
-49.5625,74.1875,2.0425584392227855e-07,1.768902830531083e-05
-16.8125,109.1875,1.1019105984680057e-07,1.0263321364276356e-05
-49.8125,-120.0625,4.5507763546643195e-08,4.559465234499865e-06
27.8125,-74.0625,4.1938165603751685e-07,-1.725229431617104e-05
13.5625,-63.4375,2.8778242502784063e-08,-1.1052671396468388e-05
-30.3125,2.1875,1.0727572242323011e-07,1.0657472889433615e-05
-36.5625,-0.4375,1.6919697763197454e-07,1.2248888071313064e-05
-39.1875,111.9375,1.3119160166962545e-07,6.886582117594001e-06
-32.8125,-10.8125,1.7241929317678354e-07,6.556542020571822e-06
53.5625,-52.1875,5.373042552073652e-07,-2.0277492220027777e-05
-34.5625,-29.6875,2.9402056773103266e-07,1.1921779059873802e-05
-38.4375,164.6875,1.0863806038369706e-07,7.205164339486671e-06
-28.1875,-135.8125,1.3288925992025533e-07,5.223645346728182e-06
11.3125,-129.6875,7.33724364757519e-09,-3.1821739291778913e-06
30.1875,133.6875,4.034732710809048e-07,-1.3405582066825221e-05
-55.9375,44.0625,5.653709277124049e-07,1.7457475755891428e-05
-37.3125,-138.8125,1.0052261868148206e-07,4.529284163773294e-06
-23.9375,0.6875,8.825831081068516e-08,6.346787756607343e-06
18.4375,119.8125,1.57670947522628e-07,-2.027296147594088e-05
-31.1875,177.4375,3.37348291885496e-07,1.2192701414789204e-05
31.1875,-69.0625,6.861517276508744e-07,-2.0918670066617544e-05
-40.1875,-129.9375,1.4962553562858458e-07,6.176783009146317e-06
-29.9375,-72.8125,3.448780798380891e-07,1.5543459049116522e-05
56.1875,-18.4375,4.345005020388951e-07,-1.6573953528350427e-05
-48.9375,98.1875,3.4489805380112466e-07,1.3055054237295923e-05
-33.8125,87.4375,7.311866599053341e-08,9.443423530815041e-06
-55.9375,100.5625,7.317670468421807e-07,1.9672392272169206e-05
-39.1875,142.9375,2.895614464479307e-07,8.066448475355912e-06
10.8125,-173.8125,1.9674019654538517e-08,-2.6764267510109454e-06
-53.5625,94.6875,4.139135627359354e-07,9.739957935059565e-06
-46.3125,-123.1875,2.498304603655325e-07,5.800674896875458e-06
-20.8125,67.5625,1.7420709220678034e-07,7.846760190536244e-06
-38.3125,-129.3125,1.7154401194867963e-07,6.174229887176014e-06
59.8125,-14.3125,1.018057275227294e-06,-2.793981467453546e-05
-38.5625,-154.8125,2.5092697421267e-07,5.254852962707878e-06
-61.8125,-80.8125,3.825969856641423e-07,1.042216129477884e-05
-52.1875,-122.9375,2.354269998891546e-07,1.0899787108161575e-05
26.0625,155.0625,2.1559343371011507e-07,-1.2605761237519808e-05
-25.4375,59.4375,1.0205794765557966e-07,7.309151382639677e-06
54.8125,-170.3125,3.455650331038711e-07,-2.1520751227434243e-05
29.5625,-91.8125,7.875762932841888e-08,-1.013606886411627e-05
-8.9375,128.0625,6.347300926063109e-08,1.28845729385147e-05
39.1875,6.5625,4.786597045971662e-07,-1.8969023394741027e-05
-22.0625,163.9375,4.007769105519573e-07,1.5855771988127588e-05
-21.1875,60.5625,1.4013765402155518e-07,8.58268338926204e-06
-48.9375,56.8125,1.5049526040528466e-07,4.093615187933201e-06
16.1875,163.1875,1.0798380098568934e-07,-6.6476104932454925e-06
-59.0625,117.9375,2.205211393015108e-07,1.0788391265884759e-05
-46.8125,-119.9375,1.2427072284892978e-07,8.65396164227734e-06
-35.1875,82.0625,2.2004509791057216e-07,7.437817565961028e-06
23.3125,167.3125,3.3921520070491045e-07,-1.2956505726457185e-05
53.5625,-19.4375,3.879637572685193e-07,-1.0625240149967757e-05
-51.6875,-17.5625,2.39166095912796e-07,7.401099557719491e-06
-48.9375,-149.1875,2.595247292687149e-07,7.573557963121324e-06
10.4375,174.6875,0.0,-2.4709387407527784e-06
-43.4375,94.6875,1.3376043855339275e-07,9.604649847993012e-06
67.5625,41.9375,1.0686176329883289e-07,-8.880891810692278e-06
-40.8125,-136.0625,1.4751753154893858e-07,8.204167648281645e-06
24.1875,-151.5625,6.941024493845073e-08,-9.243530549632701e-06
-52.4375,-156.3125,1.1565279865303283e-07,6.081046436639215e-06
-38.8125,-150.8125,1.3407505065102098e-07,4.36824777193903e-06
-25.5625,61.8125,3.851641196664642e-08,9.876093905276176e-06
-32.1875,73.9375,1.154264582188301e-07,6.183618540765124e-06
15.5625,123.1875,8.604970737455334e-08,-7.991335545058697e-06
-9.8125,-177.8125,3.615771314833611e-08,6.895105859516929e-06
22.6875,161.5625,3.4645492438983326e-07,-1.7192615378168938e-05
-37.3125,-115.9375,1.1819615760244759e-07,5.417287961767095e-06
-40.5625,-90.6875,1.927884847892243e-08,7.355457115312556e-06
-58.0625,124.6875,3.1663423768338096e-07,7.888898772848009e-06
-19.0625,-135.0625,7.671975111183693e-08,8.30818293540398e-06
-37.6875,-152.5625,1.500523726763018e-07,5.70634878300037e-06
-43.6875,-143.4375,1.8028485486058328e-07,6.276801582635684e-06
-28.8125,-114.4375,5.5278093473267775e-08,5.842589357057061e-06
-39.5625,-140.6875,9.187244560476108e-08,4.434182949246875e-06
27.5625,-52.3125,1.2346410952094477e-07,-1.0145946487724044e-05
-42.3125,-138.3125,3.1823209117760844e-08,5.383996680465797e-06
-45.3125,11.0625,5.336617155919459e-08,3.6758764032034275e-06
46.5625,172.6875,1.1575151212744808e-07,-5.464751094912183e-06
-41.8125,-107.4375,1.64821633436775e-07,7.2226261130347684e-06
-46.8125,172.0625,2.336520582827242e-07,5.47069763493274e-06
24.0625,-135.6875,7.622359940385084e-08,-9.884125155500922e-06
-38.0625,-121.0625,6.517394479898817e-08,4.40169765494118e-06
-57.3125,126.9375,2.9115620496032325e-07,1.4343151938415853e-05
-51.4375,15.3125,1.4444733226970994e-07,7.734041406210179e-06
-48.0625,15.3125,2.2244800175283114e-07,8.130810649384756e-06
-10.9375,52.1875,1.1183581764912629e-07,1.4998851731947879e-05
-29.6875,-149.8125,4.69479516512961e-08,1.0040486358129423e-05
69.8125,7.0625,1.1592202455423324e-06,-3.48549652274985e-05
-25.6875,-111.0625,1.2624246745684696e-07,6.607218607646662e-06
13.6875,-71.9375,1.410167224203152e-07,-9.349243839956408e-06
-28.3125,-94.0625,3.040648772207412e-08,4.679337710613036e-06
35.0625,-162.0625,1.9205623103109683e-07,-1.052197434444314e-05
-60.8125,-19.0625,2.9656976519596876e-07,2.0390008329575395e-05
-54.0625,-161.9375,2.59162099121114e-07,8.668118318228005e-06
22.8125,127.3125,1.8554750495060794e-07,-1.745996877264202e-05
-37.5625,114.6875,3.2458764011294225e-07,8.245632278526326e-06
38.3125,-163.8125,2.465366993331585e-07,-1.0753550805493201e-05
-55.0625,59.4375,3.3570147045909943e-07,1.7211477916853033e-05
-43.4375,-112.0625,2.72016337893971e-07,6.523219220032355e-06
-38.3125,-30.3125,2.9170474751670933e-07,8.480572941624167e-06
-54.9375,38.8125,2.7952793365071494e-07,1.1417564347422653e-05
-58.1875,-39.4375,2.5682624661759887e-07,1.5849672043150493e-05
-21.4375,-110.1875,2.6548236016254324e-08,4.118927076845344e-06
24.6875,-164.3125,2.974089481365569e-08,-7.864394507284292e-06
-52.0625,39.1875,3.0936704497046375e-07,7.794837880723163e-06
-51.0625,54.8125,1.9196468891566828e-07,1.2292391259939546e-05
-44.1875,31.8125,1.8195802610789067e-07,1.0200006222078217e-05
-37.5625,-144.1875,1.241025488775027e-07,6.462125338158248e-06
-52.0625,137.3125,3.292803717624744e-07,1.5272904908226492e-05
-29.3125,-148.0625,1.0063237401770309e-07,7.43671003866245e-06
48.9375,-23.4375,6.432460912458896e-07,-1.5052742122458183e-05
-47.9375,-117.6875,2.2145625549135766e-07,6.437173326985074e-06
15.6875,118.4375,1.71867102664644e-07,-1.265405592937607e-05
32.8125,-73.3125,3.3691161493502357e-07,-1.758348870168582e-05
-54.9375,-158.1875,2.898625550632252e-07,1.0051169329668711e-05
-48.1875,50.8125,3.489784974348517e-07,6.265182458099075e-06
44.9375,-170.3125,1.7266999105415298e-07,-4.391322178674751e-06
-65.3125,-72.6875,7.306804745173419e-07,1.4030901223238636e-05
-34.3125,77.4375,9.454755583514303e-08,3.7376251225954005e-06
63.5625,-0.3125,7.116022141121945e-07,-2.4833187270439665e-05
-34.9375,-92.0625,7.103441177514054e-08,8.675950392225734e-06
-33.6875,-142.4375,5.5585734616048194e-08,5.64636101032513e-06
-56.9375,-120.6875,5.229095784860495e-07,1.2641921162713023e-05
-49.3125,-75.6875,4.3614977855010363e-07,1.0496749526927885e-05
-22.4375,2.5625,1.2242513490179145e-07,5.248623272964777e-06
18.5625,-81.9375,4.895949797346683e-08,-9.370434458321393e-06
13.6875,161.3125,2.9619410944162864e-08,-3.313599379465023e-06
75.5625,-2.5625,4.938595181579226e-07,-1.2218389861208424e-05
-37.1875,-141.4375,2.045878634502825e-07,7.382484105061941e-06
50.0625,-136.8125,2.596268745111799e-07,-7.0352156548769716e-06
-31.8125,-92.5625,5.13315670030068e-08,6.036012807148184e-06
14.3125,89.9375,5.4422231612637146e-08,-6.459910244556853e-06
23.5625,156.4375,1.274248924863069e-07,-1.4000695017792255e-05
-28.1875,-17.5625,1.387955226467731e-07,6.701759298482642e-06
-59.6875,178.0625,2.2909374048067085e-07,1.3985481732792819e-05
-35.5625,-141.6875,1.3180048610464977e-07,4.550042146920676e-06
15.5625,-167.1875,2.2838996245952552e-08,-4.33162106420091e-06
58.6875,-16.0625,1.971190505250094e-07,-1.556293514126272e-05
-52.8125,-74.3125,4.34120959258655e-08,4.437661531745947e-06
-52.4375,145.4375,3.705678631252328e-07,9.639569093423594e-06
-20.4375,-106.1875,3.8951942813361096e-08,3.850824392707659e-06
-19.1875,58.0625,5.515631140587865e-08,7.608474827145548e-06
-57.4375,-74.8125,2.643633350492194e-07,8.283962560627338e-06
-51.9375,65.0625,1.2549094784753922e-07,4.686417679685479e-06
-43.0625,36.6875,1.8647971954889064e-08,1.1772541900332207e-05
-29.5625,65.1875,6.347185969480202e-08,5.953477549818292e-06
58.3125,-10.8125,3.4296182223439645e-07,-1.7413237752586093e-05
-43.8125,-62.4375,1.5775653118920841e-07,5.160217910937363e-06
-18.9375,-121.9375,9.724456761706228e-08,4.83529341219371e-06
-55.6875,-150.1875,4.86051000681077e-07,1.4015133309284212e-05
-51.8125,56.9375,1.2696804219232163e-07,5.653064617869487e-06
-58.9375,88.8125,2.5766968670940283e-07,2.090895323315702e-05
-27.4375,-107.1875,4.335697494540109e-08,6.3595432472010176e-06
8.5625,-51.4375,2.9324110308132e-08,-6.73500431876223e-06
-60.5625,39.6875,1.5545498380245035e-07,5.018652803126407e-06
-45.6875,117.8125,9.517060279289048e-08,8.404320935796513e-06
-42.0625,-117.8125,1.6539308365276315e-07,6.773692658097635e-06
-23.5625,7.4375,7.992618167130909e-08,4.753509870916463e-06
-54.1875,-73.5625,2.9163908915842805e-07,5.756375827003312e-06
-37.5625,129.1875,1.6120277845197104e-07,6.524626820059948e-06
14.9375,-65.8125,3.597481020251041e-07,-1.9107221556851213e-05
-29.4375,-79.4375,7.120649036521866e-08,8.335501057412785e-06
-22.5625,-29.9375,9.833927640334888e-08,5.041458235351744e-06
46.0625,-58.4375,6.030164368760068e-07,-1.950687059682309e-05
-57.8125,22.5625,1.654752964190948e-07,7.384005257245662e-06
-42.1875,-13.8125,2.1420725662139497e-07,5.544501656548939e-06
31.1875,-73.4375,1.8269657206168072e-07,-1.9500346730709648e-05
23.5625,-148.6875,2.0164441703402778e-07,-9.276065940458112e-06
-44.5625,-28.1875,3.769727613791634e-07,1.4404312047016325e-05
-36.8125,-86.3125,2.2469659573864836e-07,8.951452591224045e-06
-23.4375,95.5625,2.2796300701882379e-07,1.1564058317769614e-05
-56.0625,42.3125,2.474787594807117e-07,1.2771916355567988e-05
-45.5625,7.8125,3.027546166995866e-07,8.231495347335549e-06
12.6875,-24.9375,2.2436531424459197e-07,-1.9444639046033185e-05
-49.4375,-4.4375,1.357717386210431e-07,8.538120203317557e-06
36.0625,-10.4375,3.242234782660132e-07,-1.1845407694769721e-05
-16.0625,-127.3125,8.319973635219699e-08,5.5492622820403e-06
10.9375,121.8125,1.4038311411020048e-07,-2.0394209536099034e-05
21.1875,-137.6875,1.0842226586984585e-07,-9.086849448129211e-06
24.8125,173.0625,7.833952507535999e-08,-8.159584472375941e-06
28.9375,-152.6875,1.3844038764066156e-07,-1.0637566000221165e-05
-59.8125,-17.5625,3.2186074987039053e-07,1.6456327729968726e-05
-20.3125,-116.1875,5.2121192812023443e-08,3.34566793661371e-06
-16.9375,156.5625,1.1520721758645271e-07,1.106272265491491e-05
-55.6875,-130.1875,1.9557040652824694e-06,4.4144704826267205e-05
35.4375,21.5625,4.14334210786887e-07,-1.646322122213655e-05
-27.0625,-73.8125,3.0530320257101184e-07,9.908537051908032e-06
23.8125,-82.0625,4.765334470794552e-07,-2.8435310792537293e-05
70.1875,14.4375,9.614838609920187e-07,-3.0310168349479227e-05
-44.1875,119.3125,4.129632011059531e-07,8.663941667073973e-06
-35.5625,-131.4375,6.201400646040559e-08,2.3104322114334445e-06
-50.3125,166.9375,6.361294692206267e-08,3.0778261525273458e-06
64.1875,3.1875,5.120453847395904e-07,-2.0524252781201226e-05
-44.9375,136.3125,9.542854834218979e-08,4.945391670789374e-06
29.5625,-163.0625,1.7817390391840192e-07,-8.16731136566691e-06
-42.8125,177.1875,2.407129500847129e-07,1.0082765543719951e-05
-19.1875,-131.0625,2.6195500915328024e-08,4.4612266421461e-06
38.3125,-136.8125,1.726411719134718e-07,-9.678726074345519e-06
-37.3125,132.4375,3.8321034903755124e-07,1.2092220651567186e-05
-26.0625,-96.8125,5.7879542648998106e-08,4.039428160294108e-06
-30.5625,-75.6875,1.1761107309166398e-07,1.0485190692780758e-05
-49.4375,171.9375,9.966176381391269e-08,3.09965306258596e-06
-43.5625,-73.5625,5.709560463860694e-07,1.4517921263794506e-05
-48.8125,-14.5625,2.0513625051954738e-07,9.33248168798031e-06
-45.5625,120.5625,1.5055725535432017e-07,5.616056790136377e-06
-21.4375,-102.6875,3.9497131419122164e-08,2.841012850296687e-06
-46.1875,170.3125,1.5540265999322963e-07,4.495109343842536e-06
-43.5625,3.8125,1.0449972061148026e-07,6.565925483989515e-06
12.8125,-159.9375,3.7637006892200566e-08,-2.9745618503349314e-06
35.3125,-24.1875,1.3244714120949407e-07,-7.687780593954742e-06
-28.1875,-26.5625,1.243210774116964e-07,6.5138003856567125e-06
26.3125,-153.3125,2.7081909638253717e-07,-1.1658432925831136e-05
-42.6875,115.4375,2.6264712841277683e-07,8.741831032146032e-06
47.5625,-168.8125,2.1585582322902322e-07,-6.180627542491e-06
-58.4375,109.8125,6.133513618129225e-07,1.349120151010189e-05
16.0625,63.5625,6.17125101315147e-08,-7.317489338207776e-06
56.5625,-58.3125,1.734899287545008e-06,-1.706553484391868e-05
74.3125,8.0625,4.827324677838945e-07,-2.14504338875838e-05
-53.4375,-67.0625,2.055563310088032e-07,7.940312199665658e-06
-26.5625,-23.9375,8.849841758603603e-08,3.967004775582402e-06
-21.6875,78.1875,7.115404046865931e-08,9.220414644532278e-06
-58.9375,-122.5625,3.992033092086562e-07,1.8196016610231213e-05
-42.4375,-25.3125,2.6513317783941074e-07,1.3976713768841537e-05
-33.6875,-42.5625,3.133580319895668e-07,8.311598131242984e-06
-28.3125,9.9375,4.7996844199067645e-08,3.405761746058965e-06
26.4375,-70.8125,2.5462388000685777e-07,-9.185910383082662e-06
-34.4375,-87.5625,4.856101440350888e-08,6.868779085564951e-06
-14.6875,-174.9375,3.872241504598907e-08,3.1117664900559967e-06
-55.4375,-154.3125,1.621930074003484e-07,6.478759921278574e-06
-32.3125,-36.4375,2.724342986773464e-07,1.0028129803772316e-05
9.1875,-42.6875,1.4575845276340806e-08,-2.610825560040611e-06
-26.0625,-16.9375,4.3167095735451794e-08,3.135173534252636e-06
-60.3125,-107.4375,2.78250650407977e-07,1.1754678476621905e-05
-21.0625,-32.6875,1.0830185169325015e-07,5.411055566565693e-06
53.4375,176.8125,2.756329929080561e-07,-1.3274998250234443e-05
60.8125,-36.0625,5.547858093304552e-07,-2.2502311341996393e-05
-61.1875,59.4375,4.5068649165377306e-07,1.2305596616496188e-05
55.1875,-11.4375,4.1072857119108357e-07,-1.1044035351105267e-05
57.1875,-16.3125,2.1265461613662412e-07,-8.901151211828723e-06
-18.3125,150.0625,8.641784283527666e-08,5.718553681573021e-06
12.8125,-168.5625,3.974188778617546e-08,-2.78532018754549e-06
-61.3125,20.5625,1.492649305684395e-07,1.4113374313754246e-05
-46.5625,132.0625,1.167113249621485e-07,4.986094790127778e-06
-59.6875,98.8125,1.0728444775187895e-06,2.106795943584492e-05
-23.4375,-96.3125,9.01681875090835e-08,7.671330677846721e-06
38.4375,-160.1875,2.6620769353998313e-07,-7.516073089174311e-06
29.0625,166.8125,2.7686953488777006e-07,-9.190583461422352e-06
-29.3125,-13.9375,5.1936124860009256e-08,4.986664710248774e-06
-22.6875,-107.6875,1.5914699561384655e-08,1.9054765373460917e-06
11.4375,-167.3125,2.63050723341752e-08,-2.4109222525919523e-06
54.1875,-55.6875,2.402689520860248e-07,-1.052267015232221e-05
-30.1875,-84.5625,1.2593561271205594e-07,1.109466231521501e-05
-29.9375,-1.9375,1.2817274737264582e-07,5.3990423602725115e-06
-20.0625,-168.0625,5.80938323724827e-08,1.1131112793436242e-05
-48.0625,175.9375,4.492641004700749e-08,3.1329642182083073e-06
-22.8125,9.5625,4.0332729211123926e-08,8.332140914246469e-06
-44.6875,141.1875,4.466949331497933e-07,1.1143028556827824e-05
-32.8125,-2.6875,1.2466867339094376e-07,7.5317626986731435e-06
-28.1875,-126.8125,2.4566543484651124e-07,7.4974388869440684e-06
-21.1875,-25.6875,6.062511883492048e-08,3.388434311732466e-06
-62.3125,144.8125,3.020894038452115e-07,8.27207639196382e-06
-31.0625,77.4375,2.7173923707258316e-07,9.720670298419582e-06
-62.3125,-98.3125,1.8410381835533418e-07,1.1101855841130164e-05
64.1875,-55.9375,3.6558792200214613e-07,-1.647336002028655e-05
-18.4375,-81.4375,1.1005675166737697e-07,8.736722406725317e-06
51.4375,-34.8125,9.459220098267961e-07,-2.286376979266039e-05
-34.5625,97.3125,1.1903137566021653e-07,6.22707231038264e-06
-57.3125,52.9375,3.3194324578044553e-07,7.022917079932051e-06
-60.1875,112.9375,6.741688433645992e-07,1.4412495456982851e-05
9.0625,119.9375,4.428376681125481e-08,-1.4446899200994416e-05
37.0625,126.0625,7.365548703082801e-07,-2.643469672828187e-05
-26.9375,-84.5625,3.403687335297901e-08,3.141869432457309e-06
-32.4375,-148.8125,5.511219891177657e-08,3.872992535819809e-06
31.6875,-175.6875,1.8800753570727556e-07,-1.2453402084393515e-05
-12.8125,150.6875,2.3265562962299663e-08,4.9001280249654125e-06
62.9375,-58.0625,5.080101833005899e-07,-1.7611609437326577e-05
-22.9375,-27.1875,5.320942625873787e-08,3.444153515068531e-06
-40.4375,137.5625,1.6890043235567587e-07,7.004868549600214e-06
-16.1875,163.1875,1.2157158291557206e-07,1.027373068927949e-05
-15.3125,-172.6875,1.899202065930658e-08,4.019615614787281e-06
-18.8125,-124.3125,1.8357867171438802e-08,3.4811509577856096e-06
26.9375,-139.0625,7.597307606514278e-08,-6.6937957150542796e-06
41.5625,153.8125,6.782663337397032e-07,-2.364076662040818e-05
49.3125,-30.1875,3.366674042674839e-07,-1.7152904874768913e-05
-31.9375,-86.0625,1.9971319664198703e-07,6.261216589060501e-06
-25.1875,-26.5625,1.7911267739255254e-07,5.689577907934029e-06
-15.3125,-152.1875,5.034549706831869e-08,9.043684704441799e-06
-41.8125,101.9375,2.2309089508686943e-07,9.19008149746258e-06
-66.3125,-79.0625,4.0698204441947725e-07,1.614192371827712e-05
-63.0625,-75.6875,4.801897415040584e-07,1.076869104582461e-05
-46.9375,-78.9375,4.119607883690449e-07,1.576069018815315e-05
-45.8125,-62.1875,1.9400254785479075e-07,4.701829567726792e-06
24.3125,-169.3125,2.941770700348857e-07,-1.2995149067493365e-05
-40.3125,-12.0625,4.731285414829735e-08,6.143222625309616e-06
13.3125,175.1875,3.084164714796766e-08,-4.203586946422424e-06
-23.0625,-121.3125,1.7782092543732002e-07,7.143641260699647e-06
-28.1875,-76.6875,1.5994494277866394e-07,6.93036389878879e-06
34.0625,20.0625,2.1026340067758652e-07,-1.7098328525819692e-05
-49.4375,169.1875,1.1063878088593452e-07,3.6080259193398077e-06
-16.0625,164.9375,5.998526519087627e-08,7.923165340885753e-06
-47.8125,22.5625,1.8320636380336835e-07,1.2099900786371682e-05
-28.0625,4.1875,1.1732340129696772e-07,6.137462134550532e-06
-20.8125,6.8125,7.663209976560491e-08,6.909469938005239e-06
-22.6875,-40.3125,3.241731384642641e-07,1.653253286500097e-05
26.1875,-68.0625,1.221847229383242e-07,-1.4663078803030104e-05
-29.0625,13.0625,1.9785035020195935e-07,1.0908734607327774e-05
28.8125,158.5625,2.2480946403684795e-07,-1.046802511599276e-05
-17.3125,-154.8125,8.764049894075594e-08,5.260522690052735e-06
-10.0625,-82.5625,2.106319907716453e-08,8.667518241251147e-06
24.8125,-141.5625,2.71978946591513e-07,-1.2629157279513376e-05
69.1875,4.9375,4.7460924488621335e-07,-1.1115218914786202e-05
-33.1875,62.9375,6.537384611561722e-08,8.204448708903615e-06
-33.4375,-78.8125,8.19606367545746e-08,4.00412849690366e-06
14.9375,-155.3125,6.485377054349442e-08,-5.5813225006297335e-06
54.8125,-143.5625,1.5340311464312004e-07,-1.3725837971730816e-05
-43.0625,-101.8125,1.8636312277417136e-07,7.825264947014839e-06
-31.6875,-141.4375,2.252221663259891e-07,6.856975005253406e-06
23.6875,154.0625,2.5919136072505935e-07,-1.5410208600056777e-05
51.3125,-41.8125,9.945470085989917e-07,-2.9772718118370486e-05
-40.4375,-154.5625,1.351499512659694e-07,4.192116296792496e-06
51.6875,150.9375,4.09593088358267e-07,-1.8185473456277015e-05
-46.1875,-114.1875,1.5031454501062076e-07,8.789320491127637e-06
-60.1875,50.5625,1.3746082144913962e-07,6.703645911543194e-06
-33.1875,94.4375,2.1599637616381968e-07,8.083057079563739e-06
-59.9375,-168.1875,2.3139600193422132e-07,9.231340989490418e-06
-36.8125,86.5625,1.8007862457343338e-07,6.2028790598375766e-06
38.1875,-32.8125,8.260255906509928e-07,-1.801663643355229e-05
11.4375,-135.9375,8.07629392712419e-09,-3.549205575429181e-06
-22.5625,-36.9375,2.3796732274971715e-08,7.049320947480685e-06
-21.3125,-71.0625,8.018613435920495e-08,5.350253807990593e-06
-50.9375,170.0625,1.8022608941080695e-07,4.875964854371802e-06
30.5625,-35.9375,9.050448180952936e-08,-9.739724271187735e-06
-48.5625,54.1875,1.1128852235893842e-07,6.969761829462548e-06
66.4375,-55.0625,5.387891185036161e-07,-1.2982994350342725e-05
-20.5625,176.6875,7.340569081158694e-08,7.899332758876033e-06
-22.4375,-122.9375,4.588835166443307e-08,2.672133383083079e-06
43.3125,157.0625,2.4466698369994493e-07,-6.94455873457781e-06
-38.1875,-109.3125,5.2237423905436483e-08,6.264038974826228e-06
-53.9375,64.6875,4.559085372512877e-07,1.0480938763134699e-05
-34.5625,-116.9375,1.044128828687117e-07,6.018405135685494e-06
-45.8125,-74.6875,1.334993657693092e-07,6.80184031572891e-06
50.0625,153.3125,4.652772878749421e-07,-1.5111025920384259e-05
-23.6875,-90.1875,1.331622156921976e-07,1.0633877594491093e-05
26.3125,-18.1875,3.492962888321178e-07,-1.4883744845733997e-05
33.8125,-71.3125,2.990544339701215e-07,-1.3592215541605404e-05
-53.6875,-19.1875,2.9554006659122867e-07,1.3317436310588219e-05
-26.5625,-138.3125,9.485108030639149e-08,5.65306513978103e-06
-20.6875,-164.3125,7.623362107379748e-08,4.140413301762793e-06
11.1875,97.3125,3.0218251264192633e-07,-2.2212824561460266e-05
-34.0625,-84.0625,1.3937270968006279e-07,5.805235705820777e-06
44.1875,-166.1875,5.6360501242069755e-08,-3.679230190773662e-06
58.4375,9.8125,1.584542434149547e-07,-1.7623351647754515e-05
-23.4375,-126.3125,5.5705102970664964e-08,5.091087130965341e-06
-15.1875,-76.9375,9.642147430380987e-08,8.15955554949523e-06
-52.4375,-94.3125,2.6213524914456704e-07,9.442047983884624e-06
-67.4375,-82.1875,6.630289190482282e-07,1.6449007498810693e-05
-35.8125,-120.0625,6.632825127372903e-08,3.786020562537947e-06
27.9375,-135.6875,1.727431854617406e-07,-1.113386962865693e-05
-27.9375,-120.9375,8.69695905303441e-08,4.468590001931047e-06
32.4375,-178.3125,2.974278179020707e-07,-1.1611426455537141e-05
27.1875,-175.3125,4.94831608893421e-07,-1.875406479992064e-05
31.1875,-37.9375,1.4344840988594488e-07,-5.101859755703963e-06
36.1875,-124.9375,3.7240099320556677e-07,-1.0542692790186072e-05
-58.3125,33.3125,3.260372273347229e-07,7.989916564031196e-06
-37.3125,171.9375,5.353385688403234e-08,6.152482908878167e-06
-30.3125,-87.8125,1.4810741408382652e-07,6.44193159804858e-06
-23.0625,-10.1875,5.606870455321544e-08,4.448856960980036e-06
-9.0625,-90.5625,1.4571280946009806e-08,1.7331350728969617e-06
40.3125,-163.9375,5.706662057796133e-08,-5.585624342705486e-06
-28.0625,-21.3125,5.395913768803905e-08,2.6118067282197843e-06
-12.1875,-80.0625,3.1419082635617624e-08,5.142985195094914e-06
-60.0625,-24.4375,5.230140180345461e-07,1.6474312245614695e-05
-26.5625,-100.1875,8.075848027078015e-08,2.4809709903760962e-06
-33.3125,-73.1875,2.6855521749029086e-07,1.5686659980620324e-05
-22.6875,-130.3125,2.3355293039319607e-07,9.884606698772637e-06
46.3125,-19.5625,1.4704916111637477e-07,-8.674869270376643e-06
-22.4375,-19.4375,3.260861613517277e-08,2.539729988822612e-06
-51.1875,109.8125,2.2855448878940863e-07,1.5764366765633333e-05
-26.6875,81.0625,1.5096479316276447e-07,1.0208734934151024e-05
-64.4375,-94.5625,3.014702683659964e-07,1.2111130891440637e-05
-56.4375,-101.5625,2.6994673107901055e-07,1.1545266436799075e-05
-59.5625,135.8125,1.9256535602243486e-07,7.119319708284031e-06
-39.3125,-75.4375,1.2242557070173738e-07,1.0315693187033102e-05
-34.4375,-112.6875,5.088379459163411e-08,9.71739013266688e-06
12.4375,-111.0625,5.14891213655558e-09,-1.845306363828621e-06
-56.6875,-166.5625,2.3205473632954393e-07,8.25175625738482e-06
-40.1875,-152.6875,1.6574304718676138e-07,4.455863641810518e-06
-39.6875,-88.1875,1.359918057314519e-07,1.0341548445647392e-05
-8.6875,-1.5625,1.956628903870377e-08,2.2806082652136417e-06
-39.9375,-111.9375,2.7978133917030605e-07,8.461010325168366e-06
-37.0625,-25.9375,2.0400498492305855e-07,7.603177923610861e-06
23.9375,-43.4375,2.877780548257424e-07,-1.158521232688823e-05
-44.6875,-114.1875,1.6487039568579586e-07,7.481306016488073e-06
40.8125,-40.3125,3.5125225254613036e-07,-1.0723381631845875e-05
-39.0625,99.1875,1.4219349335899972e-07,4.910272065582805e-06
23.4375,-23.4375,9.928971744091764e-08,-1.024476693792641e-05
-43.9375,125.9375,3.372621218873106e-07,8.673129765940957e-06
-24.6875,-24.1875,5.597380996505236e-08,3.148130700837815e-06
-33.1875,-100.0625,1.6767765190844136e-07,5.9382671253421425e-06
-23.0625,-118.6875,1.7512332239791877e-07,6.4369975073331075e-06
52.0625,-28.1875,2.6973705975148795e-07,-1.3309728489387589e-05
-59.4375,-164.0625,2.3052643436924172e-07,1.4843379169709079e-05
-55.1875,-95.4375,3.616629855777229e-07,1.0995491068555657e-05
-36.5625,-107.3125,8.559840734444881e-08,6.290621645533846e-06
-11.6875,-87.8125,3.2583331518411875e-08,5.050647463305927e-06
43.9375,-53.8125,8.106699899568042e-07,-3.2239601443271774e-05
-47.1875,-97.0625,2.972763647322967e-07,8.098590704149678e-06
-57.3125,56.9375,1.1638350452318875e-07,1.2302909750663104e-05
-23.4375,-84.9375,2.296441936657371e-08,5.447037600244066e-06
-54.3125,68.3125,1.37368715136983e-07,7.723861438535285e-06
-48.6875,12.0625,5.887332119620425e-08,6.555846636721529e-06
-19.5625,-6.0625,4.383770433059655e-08,3.890853406607804e-06
38.3125,131.9375,2.349007994505771e-07,-1.6032032745595594e-05
49.3125,-13.5625,2.950262312046571e-07,-1.2386975750675298e-05
-39.0625,121.3125,3.170860301163385e-07,7.08241246850907e-06
-37.0625,71.6875,2.7285951667247277e-08,4.541074618693229e-06
23.9375,-46.9375,1.1864155380638489e-07,-1.0725215639115738e-05
30.4375,-52.8125,2.7554150459006316e-07,-9.358961981344776e-06
-42.3125,34.4375,6.84835864345666e-08,6.192409083562234e-06
-19.4375,-36.0625,8.818615194155346e-08,4.222379587343054e-06
13.4375,93.9375,5.96224514876692e-08,-7.823943105422983e-06
32.9375,-120.4375,3.129783202296976e-07,-1.5678325331000805e-05
47.9375,-171.9375,1.808083687289421e-07,-5.431433717493851e-06
51.5625,-53.8125,1.1925544224125159e-07,-6.1082413489452065e-06
-12.4375,-164.6875,5.593477078234959e-08,4.214894407290965e-06
44.8125,-17.0625,3.9140163997540173e-07,-1.0818149977217904e-05
-38.1875,-94.8125,3.4223211332674693e-07,9.520988796217734e-06
-42.6875,132.6875,1.7649136949784807e-07,6.737845190950713e-06
-18.8125,-77.6875,4.550882204250249e-08,5.26742153786981e-06
62.8125,-8.6875,1.8042511773019513e-07,-7.130791705375521e-06
-47.5625,-2.3125,2.2008629463906734e-07,2.0189184716192204e-05
-53.8125,-147.0625,2.076494416923173e-07,1.2242124922084811e-05
-17.3125,-144.1875,7.022347160145485e-08,4.994980575702545e-06
45.6875,-173.1875,5.0203718305284525e-08,-3.845138913000535e-06
52.0625,-153.5625,1.8539507853201366e-07,-6.862973121154976e-06
-19.9375,88.3125,1.1149554508113138e-07,5.9197579691128984e-06
47.5625,-165.6875,1.4027655625745327e-07,-4.539019048405422e-06
42.9375,-168.1875,3.194366066986282e-08,-3.4194355478443903e-06
-61.3125,33.1875,2.1188600888636121e-07,8.486284550096723e-06
13.5625,59.1875,8.829504123787393e-08,-1.0780251763717306e-05
-44.3125,45.9375,2.0502832888340957e-07,6.094320565830999e-06
-14.0625,-165.8125,1.1692592551460147e-08,3.7948545837779917e-06
-35.0625,-94.1875,1.3771387529823486e-07,8.079814508339707e-06
-24.3125,-140.3125,8.132821120319216e-08,8.763177508239973e-06
27.3125,-48.0625,1.4479963482246015e-07,-6.5250100432784565e-06
-52.4375,-64.8125,7.795245298656582e-08,2.877164532975032e-06
35.6875,-157.0625,7.001181045167164e-08,-4.5005358753256835e-06
59.4375,-9.0625,5.639769545853737e-07,-1.5893791512418655e-05
-43.9375,-105.8125,8.76507972707646e-08,4.834761528093263e-06
-20.5625,-94.1875,8.156322822355334e-09,5.21925011352638e-06
31.4375,148.1875,1.6633190841056218e-07,-1.5189889009219444e-05
61.9375,-50.9375,4.427256932083609e-07,-2.5257825308069748e-05
-55.0625,70.1875,1.2730748405977924e-07,6.339841291593903e-06
-30.9375,-98.1875,1.86396848746686e-07,5.2028337691375585e-06
-17.0625,-118.3125,1.5475800787522022e-08,4.124393370692433e-06
-12.9375,-156.0625,4.224316541095396e-08,4.976278178701604e-06
14.6875,-147.8125,3.736172058685696e-08,-4.390209199983121e-06
-41.5625,-159.1875,1.6591199835661848e-07,5.836442535248307e-06
-24.8125,-20.9375,6.428426280354704e-08,3.0719532758347353e-06
-14.1875,-85.0625,5.988529425631898e-08,3.7941831472932153e-06
-23.4375,-75.6875,7.231449603992232e-08,6.834920723726554e-06
33.8125,-166.8125,3.921044251612868e-07,-1.262191178832989e-05
71.5625,-2.1875,6.609685969020101e-07,-1.1325573955124006e-05
-35.0625,63.0625,7.179345263679884e-08,4.150678067876664e-06
74.5625,3.9375,5.093128499761981e-08,-4.818591747057996e-06
-61.6875,105.1875,2.118910214475092e-07,1.218715570487421e-05
-44.3125,-108.3125,9.918676484811795e-08,8.473974271645986e-06
60.5625,176.3125,4.998469103095227e-07,-1.2674184233835169e-05
-59.6875,141.4375,8.680735420648993e-08,6.604763219353184e-06
-34.9375,65.9375,1.0906424469519827e-07,5.959285574509305e-06
10.4375,-77.5625,1.4034207872263114e-07,-1.0959051967116436e-05
36.6875,12.6875,6.035304831642762e-07,-1.612038714965235e-05
-40.4375,-79.0625,2.703855820458305e-07,7.933873618245724e-06
-39.6875,-73.5625,1.854364905626199e-07,5.821019000678976e-06
-18.9375,-172.0625,1.2747871989900005e-07,8.169992486941246e-06
-59.1875,-160.3125,1.941095707355343e-07,7.4067128569231895e-06
49.3125,-64.3125,9.930475942367467e-07,-2.0948118389047934e-05
-53.8125,-84.5625,3.245138939157045e-07,1.0579711586891504e-05
-48.8125,72.1875,3.152913035156455e-07,8.613130024682138e-06
-23.5625,-79.1875,2.2966961956503268e-08,3.807024739531215e-06
-48.6875,59.6875,1.8643064766926154e-07,1.4274380937832659e-05
-61.0625,91.3125,4.427159974887958e-07,1.770950946827632e-05
-57.5625,104.6875,3.004071819622543e-07,9.82223652705811e-06
-35.9375,-27.5625,2.384472562518249e-07,6.723203689547918e-06
-38.3125,65.0625,6.824961116011282e-08,6.027552729705006e-06
22.9375,175.1875,1.1036653691795575e-07,-7.652562695334616e-06
-23.9375,-14.1875,9.344777128452985e-08,4.284780684596177e-06
13.8125,95.8125,4.855359918924649e-08,-6.314596045458517e-06
24.1875,-129.9375,1.619038681359429e-07,-8.887576600062016e-06
-35.0625,-96.4375,1.145909346223648e-07,4.866492311968046e-06
-37.9375,96.4375,4.032611085159093e-07,9.625419442403944e-06
-10.0625,-85.4375,3.2375589820313144e-08,2.5924481646693383e-06
30.8125,160.6875,2.7105713662655316e-07,-9.59465074445302e-06
48.6875,-174.9375,4.490913601640028e-08,-2.633552984080019e-06
-50.5625,-2.5625,2.484974628657783e-07,8.923673155181215e-06
-27.0625,-71.1875,4.620516822430203e-07,4.8802232043335465e-06
23.6875,-68.3125,6.912821145101698e-08,-9.213283466707963e-06
-36.4375,-73.1875,1.163127071626686e-07,3.833125108262158e-06
-32.0625,-82.9375,6.987309912226933e-08,4.6438516326719195e-06
56.4375,-48.8125,6.64911899689749e-07,-2.104012506016348e-05
-16.4375,50.8125,1.21415910306939e-07,7.762626895445761e-06
-20.1875,-11.8125,6.140889820403002e-08,5.2127615140969745e-06
26.3125,-143.5625,1.5468684011450108e-07,-1.2408300669965007e-05
-57.4375,-23.9375,1.8217784456931943e-07,1.1149295700461172e-05
-42.4375,-93.8125,9.283235933127187e-08,6.0562225068554286e-06
-24.4375,-29.5625,8.188953113971736e-08,4.619407809718257e-06
-38.9375,84.0625,1.4150881653418505e-07,6.17578619186193e-06
29.0625,-129.5625,7.079028814498409e-08,-8.489417961483123e-06
-59.6875,35.4375,2.6346199679565213e-07,9.673052412336089e-06
23.4375,-126.0625,2.2619573101975654e-07,-1.1081936862418398e-05
-39.5625,-86.3125,1.8461422494929956e-07,7.0563293516271575e-06
32.4375,-19.9375,3.005208392807589e-08,-5.89575593703577e-06
-57.4375,-110.6875,4.976142742031526e-07,1.4129246469913833e-05
-31.8125,90.8125,1.1940013643877933e-07,7.580726003490149e-06
-12.5625,-18.4375,6.475117964062629e-08,5.765558515489621e-06
-63.9375,-90.0625,4.892997065480336e-07,1.0998578292579274e-05
42.1875,-19.9375,1.9393960882741493e-07,-8.732331641474727e-06
45.4375,-162.8125,7.320068901965343e-08,-2.4889940542900843e-06
74.0625,10.1875,1.3970246078726494e-07,-2.1873284414685646e-05
-16.6875,-88.5625,4.520891238562858e-08,3.556667331707676e-06
-43.3125,-47.4375,1.984045526768317e-07,1.775538682966829e-05
-16.1875,-17.3125,1.1535646137337229e-07,7.684626268505123e-06
68.8125,-52.1875,1.189232504895479e-07,-6.703292678729048e-06
-45.0625,42.8125,1.0595395089623535e-07,6.238636405397763e-06
-31.3125,-115.4375,1.4992286185367974e-08,6.986007276202875e-06
56.4375,-173.5625,6.115691457642787e-07,-2.2188753890746032e-05
72.5625,0.5625,6.542920216956625e-07,-1.8110959456435516e-05
-36.4375,93.3125,5.3777816439900044e-08,6.928474319255802e-06
-57.5625,100.3125,2.4550966157086555e-07,1.3337746444369276e-05
-31.8125,-80.5625,6.031989075192791e-08,5.91132444925734e-06
-14.0625,-159.9375,1.1692592551460147e-08,4.646910509848238e-06
25.6875,123.8125,1.0608006316621194e-07,-9.925742899502498e-06
21.5625,-21.0625,1.7770349083102007e-07,-1.1407556797793721e-05
58.0625,-34.9375,8.461027566278552e-07,-1.3949250547909629e-05
-50.8125,3.3125,1.1255954557946519e-07,5.360809332023904e-06
34.6875,-138.5625,2.2032170243753011e-07,-1.046266919088657e-05
-58.3125,-162.5625,8.294141925019683e-08,7.436113550879668e-06
14.9375,-150.9375,5.395913768803905e-08,-3.0950937506155594e-06
65.8125,1.3125,5.915375555899125e-07,-1.427870743444905e-05
-57.5625,-154.9375,2.1658663263085004e-07,6.880695861565887e-06
-46.3125,-90.3125,3.1309771263852274e-07,7.43099633589365e-06
-29.9375,-109.4375,1.9803072866657068e-08,3.8390679282893345e-06
38.8125,-26.1875,8.216471227303061e-08,-5.422272415825177e-06
-58.5625,-43.1875,7.42324945082679e-07,1.2145586235583081e-05
8.5625,96.0625,3.069663145746193e-08,-6.665955796311171e-06
13.5625,-46.5625,1.8318175602920807e-08,-4.0612791495105144e-06
-22.5625,-146.1875,4.843177374450452e-08,5.007942701746902e-06
-57.9375,0.6875,5.432325896701603e-07,1.0097447803624851e-05
-10.8125,10.1875,3.3420699757663545e-08,7.384380152584403e-06
-54.3125,-89.3125,2.2581692254030416e-07,5.903756027936113e-06
-23.9375,-71.8125,6.560597827659457e-08,7.406305849300954e-06
-19.4375,-128.3125,9.065725172647538e-08,4.500603770586501e-06
50.3125,-145.1875,1.9098878028799585e-07,-4.404057579935862e-06
27.8125,-33.5625,3.044658219424567e-08,-6.770483406726885e-06
-44.4375,132.3125,1.185807689688143e-07,4.617512956112792e-06
-35.5625,67.5625,1.7879664111547982e-07,6.395299469798608e-06
42.0625,137.4375,7.105289404216636e-07,-2.391876329777901e-05
33.4375,16.9375,1.2292977777933896e-07,-9.486676648058961e-06
73.6875,77.8125,5.059436585798221e-07,-1.4605475181061017e-05
-12.6875,6.5625,1.8360289001817372e-08,3.236401742144009e-06
51.0625,158.4375,7.095530258827827e-07,-1.5649536301006922e-05
-33.6875,-80.8125,8.86343885560021e-08,3.813252438600858e-06
28.5625,-168.0625,2.6370353454765547e-07,-1.484696490009144e-05
-32.9375,-39.1875,2.3605623135360166e-07,9.654675503533829e-06
-23.6875,-133.5625,1.619256063567926e-07,5.948876144527783e-06
-56.0625,-0.3125,3.26819432821812e-07,1.0389101975499552e-05
-46.8125,-59.0625,7.90144980127218e-08,6.189664407699933e-06
-54.3125,-105.5625,2.813500784331099e-07,5.71473744973404e-06
-40.0625,-8.6875,2.3233123512160587e-07,1.0890086853970077e-05
45.3125,-46.0625,6.072577633974026e-07,-1.9821034871674828e-05
56.5625,-24.3125,6.226057007308099e-07,-1.835101114709855e-05
-40.1875,102.5625,1.7150990354061817e-07,6.7706883888840305e-06
-53.8125,-23.8125,2.6091016671593315e-07,8.835793535029888e-06
21.4375,-133.5625,1.6652272479549324e-07,-7.562300546278555e-06
37.5625,-156.9375,2.4528843243144647e-07,-7.372551109267068e-06
-17.0625,-33.1875,8.119075244030585e-09,2.509222022575293e-06
-43.9375,130.6875,1.1136467839546142e-07,3.273546018271895e-06
-55.5625,-20.1875,3.969780087731924e-07,9.850389319779357e-06
-47.8125,136.6875,1.2245237012091558e-07,8.445685774289853e-06
-19.9375,-147.8125,1.5228485339222262e-07,8.16610849237643e-06
17.0625,-142.1875,4.333133279480309e-08,-3.6615794150643256e-06
29.5625,-49.5625,3.3795213900697977e-07,-1.188562466962653e-05
-27.1875,-88.8125,6.941698911174235e-08,3.333101709563547e-06
30.8125,-171.8125,3.576904720844762e-07,-1.3670291564217725e-05
53.5625,174.0625,3.967539619181469e-07,-2.1391705607057303e-05
-63.1875,124.8125,4.3894132378852904e-07,1.6686971672624607e-05
-23.9375,-155.3125,4.388780876533896e-08,5.824466582429896e-06
-16.5625,-149.3125,8.128268305489814e-08,5.42755989694806e-06
34.8125,-134.8125,1.557258524690568e-07,-8.247293923042911e-06
-67.3125,-85.1875,7.690473067654079e-08,1.1977172765684131e-05
-57.6875,48.5625,6.056756404495913e-08,5.723302088311617e-06
-17.9375,176.4375,1.7755818017165678e-07,1.1423388299606597e-05
-41.6875,126.1875,1.9552314429653696e-07,6.227055204812848e-06
49.9375,-39.6875,2.6449550328532714e-07,-1.1554854618788565e-05
32.9375,-22.0625,1.98926190302175e-07,-8.873324069919088e-06
42.3125,-22.0625,7.45990112935016e-08,-3.914755742144647e-06
-44.0625,-89.9375,9.823407357019299e-08,8.407745274599461e-06
-37.3125,-80.3125,7.86040442201637e-08,3.583832062884421e-06
30.9375,-122.3125,1.0824430565837263e-07,-6.417402777696532e-06
-30.5625,-102.6875,3.085123372130861e-08,6.771767545164736e-06
-23.3125,-16.5625,7.699372185206209e-08,3.166861780553457e-06
-19.9375,-15.3125,4.717095379253353e-08,3.506661008954846e-06
-60.8125,-155.6875,4.071548674011922e-07,9.995506194160447e-06
-57.9375,136.6875,2.090373604188146e-07,8.160673064695734e-06
50.9375,-131.8125,4.7542164165447883e-07,-1.357222779020194e-05
-52.6875,-61.8125,7.451101557770241e-08,4.764801179072109e-06
-19.5625,-2.0625,4.48128941039485e-08,2.7375608694945284e-06
25.6875,-27.9375,2.1583762282705338e-07,-1.3626490893296023e-05
-52.6875,-58.8125,1.317488492115878e-07,5.1807959172898326e-06
49.6875,-140.0625,1.1478073706794473e-07,-5.166435163510887e-06
-59.3125,161.0625,6.174779432660497e-07,2.1620441002899352e-05
-32.4375,-107.0625,6.483935120839977e-08,7.3410197167135554e-06
-32.1875,-40.6875,2.261013493049221e-07,7.863064023323141e-06
-20.9375,-85.3125,1.4955071320114804e-07,7.864963076270522e-06
25.6875,-115.0625,2.459978267894683e-07,-1.1981578324858827e-05
50.3125,-162.3125,2.398440604781906e-07,-7.996796441799878e-06
-18.1875,-139.5625,6.782990788813396e-08,4.30177385200514e-06
-17.1875,-169.3125,3.4067463215591804e-08,3.982287185311817e-06
45.0625,14.4375,4.649870744904942e-07,-9.379023771352087e-06
-42.9375,-86.0625,1.0477992055827946e-07,7.10912682485045e-06
-16.1875,-99.3125,2.284677684473033e-08,5.4359624033400585e-06
20.8125,-114.4375,1.7841555506264412e-07,-1.181710968900315e-05
40.0625,131.6875,1.6570481908595428e-07,-2.5096905553309318e-05
47.3125,-11.9375,3.684275587414412e-07,-8.02322376762123e-06
-67.3125,-97.1875,2.8490815236725294e-07,1.1160328279134734e-05
-21.8125,56.4375,1.6232908892471688e-07,9.84819006331214e-06
57.6875,-38.3125,6.799548624690727e-07,-2.2694926630617625e-05
-44.9375,-100.9375,1.3197143385775926e-07,5.5530424755156805e-06
34.9375,-144.8125,6.178038879796431e-08,-4.272879461697535e-06
74.6875,12.9375,3.963388887848128e-07,-1.646184981370787e-05
-18.5625,8.8125,9.191170851252837e-08,7.744985916429698e-06
29.0625,-43.5625,1.2324454437432006e-07,-6.055621037587218e-06
-16.4375,-163.3125,5.906369575667423e-08,6.212794738486044e-06
-68.1875,32.5625,5.840882808245464e-07,3.4589105676188693e-06
-64.1875,142.0625,1.7485025989425609e-07,1.7510717430881267e-05
-41.1875,121.4375,1.0093493363910647e-07,5.041040779969048e-06
-25.3125,-86.8125,8.160278515425379e-08,6.432162038795737e-06
-10.5625,-165.8125,3.9320492997319345e-08,6.0629461911381896e-06
47.5625,-15.1875,3.822429181664953e-07,-7.457176445242796e-06
51.1875,-12.6875,7.403352807718448e-08,-8.348596571622476e-06
-50.1875,-57.3125,1.1728624083111106e-07,4.487882592497536e-06
-19.3125,165.9375,1.350834483456295e-07,1.1347634950439091e-05
18.3125,-138.3125,1.6424487761844094e-07,-6.374842091973213e-06
-13.0625,-91.1875,7.552184315034845e-08,6.723303714094965e-06
-11.5625,-169.1875,1.615502389320386e-08,2.839039224282522e-06
40.9375,160.5625,3.892043185027255e-07,-1.1122528032985073e-05
-56.1875,-78.3125,6.504316483687878e-08,3.27067233886605e-06
-12.6875,-82.8125,3.7746629319124856e-08,3.862074376426654e-06
-21.1875,-96.9375,1.1574443832178495e-08,3.3577713563525907e-06
-66.1875,-107.4375,2.309150905987202e-07,1.1586867332042095e-05
-49.5625,-59.9375,5.2926635556679404e-08,2.0505975086868156e-06
49.4375,-149.3125,4.2696821369889925e-08,-2.404908571150302e-06
13.1875,115.8125,6.223142516242589e-08,-7.2031319440919754e-06
-18.4375,-72.6875,7.33219105840406e-08,5.542259842987731e-06
34.1875,-123.5625,3.490869919686575e-07,-1.3315445567352258e-05
-45.4375,-88.0625,2.046273631192079e-07,8.344373158593191e-06
-51.9375,-30.8125,1.1393170619414793e-07,1.4286315914246909e-05
45.5625,-9.1875,8.15907813561207e-08,-5.8318328308773115e-06
29.9375,169.8125,7.379739822585433e-08,-1.1628814127266874e-05
59.8125,156.6875,2.389837804454539e-07,-7.2627283377834256e-06
68.4375,47.4375,1.7898200945136264e-07,-6.063781746114117e-06
-16.4375,-161.4375,2.9739671427964606e-08,2.251094736510393e-06
-39.6875,127.1875,2.552101193392569e-07,9.071462155036203e-06
-52.8125,-78.9375,2.0636826404349278e-07,9.799645545854066e-06
34.1875,-13.1875,7.246916723763287e-08,-3.6529187537818393e-06
-39.8125,130.9375,8.684131195202843e-08,3.738789303036649e-06
-65.5625,-85.0625,2.2074265382074143e-07,1.1390030930992628e-05
-54.4375,-92.1875,2.9164279317884963e-07,8.839027880844963e-06
21.1875,91.8125,1.51950513542123e-07,-1.5617939868041162e-05
28.6875,127.4375,3.7408972561026314e-07,-2.628394972053438e-05
-15.9375,-138.3125,3.7410949124647996e-08,2.8413467978283936e-06
-25.6875,11.8125,5.6001052009972764e-08,7.675217145997125e-06
-16.1875,-12.1875,4.3812803478918136e-08,2.1813569141613583e-06
-12.1875,-15.1875,1.616197006286668e-08,6.088972891186253e-06
28.8125,-139.8125,8.720888681473334e-08,-6.883966587099191e-06
51.1875,-25.0625,4.260736136501813e-07,-1.3945245906557139e-05
27.9375,-147.6875,2.1977418724891218e-07,-7.533800518621144e-06
53.3125,-24.9375,1.206621207780595e-07,-6.820772353701695e-06
33.1875,-130.5625,1.0984237899972491e-07,-5.7553372158181675e-06
-58.6875,-2.1875,3.308331348222679e-07,1.587663126384642e-05
-54.8125,15.4375,3.633792730361808e-07,1.1536940601735977e-05
13.0625,-150.3125,2.4260569702988926e-08,-1.6951348273086892e-06
60.6875,-24.1875,7.843462685909206e-07,-1.7758188124325764e-05
-56.5625,-30.5625,4.1082178917004615e-07,7.724874832454164e-06
-54.9375,-109.5625,1.0249001008827076e-07,4.664489991029523e-06
-46.5625,45.1875,3.093735754927267e-07,1.0984792127674811e-05
-43.8125,-78.5625,9.563150194887432e-08,4.2192358996090405e-06
24.1875,-89.4375,3.165473549456689e-07,-1.7838421224222217e-05
61.4375,-14.5625,9.313658537924056e-07,-1.4687369474156946e-05
-56.5625,-2.8125,3.099678791699172e-07,8.93130685110301e-06
-12.0625,-11.9375,2.1101901434218838e-08,1.3054218131952115e-06
52.5625,-151.5625,3.5973473175290823e-09,-5.834369746058011e-06
28.3125,-142.3125,2.551027585661077e-08,-4.880277128886495e-06
-14.1875,-9.0625,7.422166168486669e-08,5.2169400906667085e-06
20.1875,-130.6875,6.820355988310322e-08,-7.888618560016145e-06
-60.4375,54.0625,2.906744705733731e-07,6.978112285632573e-06
-58.6875,-32.1875,2.8917649675161807e-07,1.1397443396609277e-05
38.0625,-11.6875,1.4214211585087194e-07,-6.585863422638292e-06
-36.6875,-82.6875,2.4377176679401643e-07,8.132914318259262e-06
-10.8125,-9.9375,1.304300264441878e-08,4.506874577320557e-06
43.6875,-11.6875,1.1066449260995289e-07,-7.435848312667603e-06
59.5625,-55.4375,4.601056196036137e-07,-2.1259227939996272e-05
-48.4375,68.4375,5.3359312547079405e-08,5.131913794732516e-06
55.9375,164.0625,2.5485443707752753e-07,-1.452712311591048e-05
-63.5625,137.1875,7.819776260263143e-07,2.439479209125579e-05
-8.5625,-102.1875,7.275790719991561e-09,1.8937057096662867e-06
49.1875,-25.9375,7.699392967449626e-08,-4.053276012128991e-06
19.8125,-123.4375,1.225669308554944e-07,-6.60384664950614e-06
-13.3125,157.6875,3.9244556747925006e-08,6.391639383258333e-06
-20.4375,156.6875,1.1315599598123429e-07,8.852202993981612e-06
33.0625,28.9375,2.497957313599099e-07,-1.3179625189001231e-05
37.3125,-127.5625,1.7857892519482948e-07,-6.113916439712707e-06
-58.4375,-150.9375,8.956071921918554e-08,6.528586435440734e-06
-43.3125,122.0625,5.289563144711109e-08,8.512018856280612e-06
-39.9375,115.4375,1.358480815252965e-07,5.9693327037295235e-06
-9.9375,-33.5625,4.612630384921403e-08,4.787598797479457e-06
-66.8125,-88.5625,1.7673952426594683e-07,9.038173998764114e-06
-56.3125,135.4375,2.3922364833958524e-07,1.2429444079276789e-05
-13.1875,-37.6875,8.199681906274326e-08,5.949770217381491e-06
28.1875,-156.4375,2.5423177113940647e-07,-1.0801836849910353e-05
-53.0625,111.3125,1.5584605388715117e-07,6.060338376994602e-06
47.1875,-151.4375,2.573124003026033e-08,-2.3238735518333984e-06
61.3125,-12.5625,2.9613527909079243e-07,-2.051318670718446e-05
-10.9375,-29.0625,3.93626415200324e-08,6.828276763510719e-06
-50.9375,0.5625,3.1215024138727027e-07,9.475836628489472e-06
31.9375,-12.6875,1.7639254097668813e-07,-7.2157348655178395e-06
-16.9375,79.5625,6.433036982002346e-08,5.101545986547943e-06
38.3125,-133.0625,3.8124131447445883e-07,-1.1187730483933716e-05
-14.6875,-5.3125,4.1391705724425325e-08,3.2688002003365345e-06
-40.5625,116.8125,8.747938983494382e-08,6.0743436543947036e-06
45.4375,-6.6875,1.5447002391596153e-07,-8.031824897587935e-06
-27.8125,83.4375,1.5146526669084878e-07,1.2942106191968673e-05
33.1875,-10.8125,3.214193666168885e-07,-8.143293361982469e-06
38.6875,135.8125,6.29740467613192e-07,-2.597473194721217e-05
35.6875,18.0625,4.120687109105004e-07,-1.7401759439626818e-05
-50.5625,-33.4375,4.3180678419252644e-07,1.127846372230739e-05
-8.6875,5.1875,1.8351178020473978e-08,2.420284140046014e-06
61.5625,-30.4375,6.671752519359205e-07,-1.9886687585695275e-05
29.5625,130.1875,1.4354828371045823e-07,-1.0041455420242097e-05
-16.5625,76.3125,3.090237338125355e-08,2.4472077929609745e-06
-51.1875,-13.3125,2.3326075980442133e-07,9.391023908289028e-06
-58.4375,102.1875,1.9726937198611109e-07,1.1167797201474717e-05
25.3125,-146.3125,8.859784719015508e-08,-8.359159945545819e-06
-20.1875,-173.8125,2.6474538453036517e-08,5.9434475633461735e-06
20.0625,-94.5625,9.529901435218625e-08,-9.58372981800647e-06
-61.6875,-62.6875,2.0465636367405367e-07,8.987794334132098e-06
-54.8125,78.5625,2.92877348361158e-07,9.222193437742957e-06
-14.6875,56.1875,2.4785538153579616e-08,5.893547817420097e-06
32.8125,-51.6875,1.4536896206179902e-07,-1.0160235480278691e-05
41.9375,-17.8125,1.400349153287545e-07,-9.966751285155827e-06
-41.6875,-22.1875,1.65703778976802e-07,7.34423992755493e-06
-53.5625,-30.9375,1.6723925053447373e-07,9.905702734419872e-06
61.0625,-21.4375,2.9127643180479985e-07,-1.4170260408526895e-05
28.0625,-121.1875,1.8471005354794794e-07,-7.297442873534538e-06
46.1875,158.3125,3.183593867554932e-07,-1.0939807417048104e-05
-65.9375,-174.3125,2.8387573060436303e-07,1.3091833569915218e-05
-46.4375,1.1875,1.1452976348534495e-07,5.115044287287877e-06
-16.0625,-123.4375,5.0237463937132114e-08,3.2455364260912783e-06
-60.1875,-119.9375,1.3814799533408838e-06,2.5670650502633594e-05
62.9375,-5.8125,3.631038008008143e-07,-9.563061909784456e-06
-18.4375,-85.6875,6.998068804460992e-08,3.19158691005706e-06
35.4375,-7.5625,1.97900146366535e-07,-7.984803145979545e-06
-39.8125,134.6875,1.1713236516488414e-07,5.261202985564506e-06
20.4375,114.6875,9.195761986297271e-08,-1.6601206449475312e-05
-61.1875,-52.3125,3.008983511121659e-07,6.7616738060233375e-06
35.6875,-131.1875,2.9360686098823894e-07,-1.150019731988325e-05
-57.0625,72.5625,2.4482634373948e-07,5.494768423638624e-06
13.9375,-145.5625,2.6487342949892788e-08,-3.1661068256135175e-06
24.4375,-18.9375,9.043823977115559e-08,-9.924277168238983e-06
-12.5625,-4.5625,7.922580591666656e-08,5.295413186235812e-06
-57.4375,-108.4375,2.225201330836208e-07,1.02317268352361e-05
-16.1875,-132.6875,6.019036016809485e-08,4.304691303574511e-06
-17.1875,-95.3125,1.438938927011633e-08,1.9680137340599798e-06
-10.1875,-20.0625,5.3574996749960914e-08,4.215579501708836e-06
-44.8125,-92.4375,1.3819359695974271e-07,5.521067071713838e-06
-39.1875,-4.8125,1.5371462799319358e-07,5.080054982548939e-06
-30.3125,-105.8125,1.1151615873105576e-07,4.61785986577685e-06
-20.9375,100.3125,3.4628053815865124e-08,1.0699480683618515e-05
10.5625,-153.1875,1.1395570812290002e-08,-3.0243979252632542e-06
-54.5625,-97.8125,2.355153298147896e-07,7.67848674047656e-06
-19.9375,-151.8125,1.4910868400364916e-07,8.68574549113156e-06
54.8125,-25.0625,2.9786291136582873e-07,-1.1958195403606581e-05
70.4375,-54.8125,8.548255002877533e-08,-2.5650417306422174e-06
56.9375,2.4375,4.34592592879744e-08,-1.4238469151119092e-06
40.5625,-157.6875,6.592855506374166e-08,-4.103582492083362e-06
41.1875,133.3125,6.070168485430175e-07,-2.3579979022676492e-05
15.6875,-41.5625,3.178019642908112e-08,-5.076379762176828e-06
-17.6875,10.6875,4.921643543085037e-08,1.0634769373055418e-05
-16.1875,-9.8125,3.390351170388135e-08,4.613628524887637e-06
-54.6875,105.3125,3.9855003973739164e-07,1.905515572753548e-05
-43.8125,49.0625,4.630489431439809e-07,1.2366748711874332e-05
61.8125,-66.8125,6.260067250733774e-08,-3.881078581124529e-06
-50.9375,-83.5625,2.267875754234185e-07,9.209185534086764e-06
-18.1875,-20.1875,6.011793309831954e-08,4.250456026298107e-06
-14.6875,9.4375,8.424747142691435e-08,5.076851709119256e-06
-16.8125,-23.0625,3.898709512546457e-08,2.173217928705616e-06
-18.3125,-175.1875,1.4567705126103392e-07,1.0446270008225654e-05
78.8125,1.9375,1.7904662074388223e-07,-5.969348964607141e-06
-60.6875,87.0625,7.138307501793782e-07,1.648225387629794e-05
-52.8125,-100.3125,3.1437538942997504e-07,7.103913211536921e-06
56.1875,4.4375,8.14819036927457e-08,-4.50041519954758e-06
-13.8125,11.4375,1.3935725002086973e-07,8.60286210723328e-06
29.5625,-146.3125,1.3408992257833463e-07,-5.183377000474882e-06
25.1875,161.3125,1.5970967356514551e-07,-1.1823615553526914e-05
41.3125,-134.3125,9.208216596153541e-08,-5.187831047565784e-06
-26.1875,-79.8125,4.072827052098467e-08,4.6026814772961156e-06
30.3125,-15.5625,1.417481628706933e-07,-6.852812347671205e-06
67.4375,-3.1875,6.835487671991281e-07,-1.4110412032279557e-05
-14.5625,-3.0625,5.945482682588578e-08,4.017308435495595e-06
29.3125,-150.3125,1.1562399215965766e-07,-7.734730259205353e-06
-14.3125,-135.5625,4.226491284311896e-08,3.2391051196096076e-06
24.5625,-49.9375,1.4754156956126167e-07,-5.102341784310557e-06
28.3125,144.6875,3.114048485410227e-07,-1.3990163973059462e-05
46.3125,-154.0625,6.81305483063614e-08,-3.2637358999242668e-06
-17.3125,5.9375,3.571181572907232e-08,2.1668104519027246e-06
-47.4375,-100.3125,1.0505010856551245e-07,3.973204262155628e-06
30.0625,-169.8125,1.4757463578127942e-07,-9.320406800962879e-06
-52.4375,74.3125,6.730633234717484e-08,2.052005378658735e-06
-17.1875,-27.8125,3.4067802826318254e-08,2.6069782307119682e-06
45.5625,-159.8125,4.842912695062833e-08,-2.9212816773647584e-06
-61.5625,-160.8125,1.3086598307859843e-07,5.188862570318817e-06
40.8125,-12.6875,4.337735645347878e-08,-6.241902548043335e-06
-58.1875,-15.5625,2.2295474795821895e-07,5.064325043967731e-06
60.5625,-33.6875,3.2009915508166236e-07,-1.3105869040840396e-05
-13.0625,68.9375,8.086622453594991e-09,4.589174443688063e-06
-23.9375,-4.4375,5.584029221404739e-08,3.253271096675141e-06
-52.6875,-36.6875,1.1809833065713975e-07,9.694016289680297e-06
-47.5625,-93.8125,9.508670091351158e-08,5.7608382852413585e-06
28.6875,-117.3125,1.869118173432387e-07,-1.15198151069174e-05
35.4375,-141.6875,1.2830213136701411e-07,-6.941405160232656e-06
17.3125,-26.8125,9.901880041627262e-08,-9.164514558553612e-06
-35.1875,-24.4375,1.285630445339441e-07,6.167476922436765e-06
-13.4375,67.5625,7.64716119176258e-08,5.4445531726734694e-06
59.9375,-27.4375,2.5542159097009073e-07,-1.3624693069525214e-05
-13.0625,2.9375,3.8818137389437113e-08,3.830319849214535e-06
-64.1875,139.0625,5.311236862154986e-07,2.4187800864382478e-05
-63.3125,84.1875,2.716853156245117e-07,1.4114720411478802e-05
-16.8125,4.3125,4.1661734711596416e-08,4.404878871809751e-06
-54.5625,76.4375,1.1219586164489258e-07,4.652132008211105e-06
25.0625,-40.8125,1.1179864554163165e-07,-7.3379705139793335e-06
-45.4375,-83.3125,4.316763177290039e-08,5.493597034752961e-06
41.3125,-126.9375,3.159420535523926e-07,-1.0407893870215128e-05
-54.9375,132.1875,3.7504541934466863e-07,9.073596886646825e-06
-50.0625,-8.9375,1.8492096588880104e-07,7.408826543428538e-06
60.1875,-31.1875,1.5619880483082874e-07,-1.2633997852671264e-05
-54.8125,117.8125,2.9093900647395774e-07,1.2338939428753365e-05
11.1875,-35.9375,2.622755999165289e-08,-3.2319852925970826e-06
-18.3125,-92.6875,1.3187179946865586e-08,2.1868202974685128e-06
19.9375,-50.5625,1.2670666758791224e-07,-1.1327636805006364e-05
22.9375,-32.9375,1.669197386697917e-07,-1.645049703003395e-05
32.8125,-139.9375,1.0825780685646778e-07,-6.2655235045155476e-06
-45.6875,-94.0625,1.5956529773804856e-07,8.158168289493576e-06
-48.0625,-88.4375,2.0271517329844398e-07,5.826404471966213e-06
22.6875,-29.3125,1.2886718200431527e-07,-1.3256889821228614e-05
-56.0625,98.0625,4.2612654989283757e-07,1.870513661684092e-05
-10.4375,-22.4375,2.3185515543022513e-08,4.156300049772955e-06
-53.4375,10.0625,1.8972909601230605e-08,5.987024340851182e-06
-40.0625,-6.8125,2.0081434043838225e-07,7.925566429809906e-06
-16.9375,173.9375,7.575520812799766e-08,7.205043821224376e-06
-64.1875,-101.1875,8.044793743341742e-07,1.7259257488425755e-05
-10.8125,-99.6875,2.518089518525498e-08,4.282406117311724e-06
51.3125,-134.0625,4.102378797839509e-07,-1.22983268097875e-05
-53.3125,107.4375,2.791227854032499e-08,7.993908803982318e-06
-47.5625,-81.9375,3.3966635758598617e-07,1.0194483635096804e-05
-51.4375,23.1875,3.896785182334101e-07,1.35256704357133e-05
-35.6875,91.1875,7.872227975021101e-08,8.823389899298938e-06
-15.1875,-25.6875,4.954820065444699e-08,3.71469560104438e-06
49.1875,-128.0625,5.60873208650347e-08,-1.0030378618853978e-05
26.6875,-62.1875,2.345332553228039e-07,-1.1263095521058969e-05
-40.4375,-82.4375,9.673783671277222e-08,4.776482597395182e-06
-50.9375,18.5625,7.640057423970028e-08,7.965700335332626e-06
54.3125,-39.1875,2.5501516371855985e-07,-1.541182714704378e-05
32.1875,-149.4375,4.392402270650403e-08,-4.465248979765872e-06
42.0625,-14.9375,2.2949539114444018e-07,-5.373038994251895e-06
-63.0625,-85.6875,5.211411409812862e-07,1.2812088418811408e-05
-51.5625,-91.4375,2.28570743852796e-07,6.659076175479978e-06
-15.5625,0.3125,4.112486099116741e-08,2.7587621539107578e-06
45.8125,-13.8125,7.760556452650735e-08,-1.1435840315403332e-05
-63.6875,-170.9375,5.854247869259578e-07,1.7082768787700984e-05
-53.1875,117.6875,5.553284964285386e-07,1.3167353204078418e-05
-12.9375,71.1875,1.9442187581120853e-08,2.2490487566889726e-06
-18.5625,71.4375,1.9968643128497606e-07,1.1192271190701525e-05
-68.1875,-93.1875,2.6543821923306543e-07,1.1533659548900459e-05
-57.8125,74.4375,2.2959059291652328e-07,9.686267257149362e-06
-59.8125,147.9375,6.685158671562145e-08,5.451375737547667e-06
-17.5625,1.1875,6.777087877195459e-08,4.334738158378587e-06
43.9375,-155.3125,5.6216321337335495e-08,-3.201582541509009e-06
-46.0625,-107.5625,4.1152222232332755e-07,1.054198034923801e-05
29.4375,-18.1875,2.934307445822822e-07,-1.2011731352769307e-05
79.0625,5.4375,4.369203444499185e-07,-8.196769245641031e-06
-64.4375,-177.4375,2.2011702773462803e-07,5.879762045903281e-06
-54.3125,17.8125,6.862641037246758e-08,7.096078177950047e-06
22.6875,-71.1875,6.138184477932092e-08,-1.0668757274313454e-05
40.0625,-23.1875,6.503382710116717e-08,-3.6621372086292543e-06
-20.3125,97.3125,1.0185908415943206e-07,7.63380011265915e-06
-60.3125,-56.4375,5.125377776246593e-07,1.737821377642576e-05
-58.5625,25.8125,3.6397264664275625e-07,1.5024781984610058e-05
26.9375,-132.8125,8.473649085775435e-08,-4.7500690193539836e-06
40.0625,1.5625,4.891091986589203e-07,-1.4207485293716482e-05
27.3125,-39.3125,1.3316100254306397e-07,-8.501670304763777e-06
34.9375,-127.8125,2.7293887296312e-08,-6.0799282032666645e-06
41.0625,-159.4375,3.380814625211303e-08,-1.552064059219926e-06
49.9375,-32.9375,7.574970410107034e-08,-7.4236678118079246e-06
67.9375,-1.0625,3.0459046913556663e-07,-8.787380367998602e-06
-64.0625,-54.4375,5.901885026037743e-08,8.985059285937016e-06
20.4375,-53.8125,5.787052705254603e-08,-1.157587693533601e-05
-57.4375,-139.3125,6.757047362992294e-07,2.1870416205388244e-05
8.8125,110.3125,2.213565128519868e-08,-4.306340074962458e-06
51.3125,-142.1875,5.0689554961585944e-08,-1.5055085008520848e-06
16.6875,-29.8125,3.772644351565776e-08,-4.614515515600819e-06
-48.3125,103.6875,1.8633537072313622e-07,6.640734269704901e-06
-48.0625,6.4375,3.503070315739084e-07,7.17235330195875e-06
40.3125,-14.6875,1.9448255139307897e-07,-7.814699463092759e-06
-62.8125,119.3125,3.8583334556260206e-07,9.895358938379876e-06
41.6875,-70.3125,5.860376771992979e-07,-2.0232499856653853e-05
-62.0625,56.3125,1.996648300626455e-07,6.393173322016726e-06
-42.5625,-80.6875,9.34222047967652e-08,5.673660870716324e-06
10.8125,-31.8125,1.3042559119758079e-08,-2.467365855974306e-06
56.8125,-31.6875,5.765802878131846e-07,-2.0189278233017327e-05
65.9375,-23.8125,2.216203157474606e-07,-1.0622085445578555e-05
24.8125,-55.1875,3.24361732460682e-07,-1.0232984531324003e-05
42.5625,-147.9375,1.0613475186238983e-07,-4.5421049352225426e-06
59.1875,-53.1875,8.224818368999342e-07,-1.6251180929011794e-05
15.5625,-36.8125,8.919454532209013e-08,-4.851491314623083e-06
-56.5625,-5.3125,6.100227719286798e-08,6.250010672481205e-06
20.0625,-40.1875,3.2200827025610643e-07,-1.196417037862635e-05
38.4375,-130.4375,1.8576548891318335e-07,-9.744207706567956e-06
-60.0625,-46.5625,3.0676932355917814e-07,9.59821469543197e-06
43.3125,-128.9375,2.010358296695469e-07,-5.439034515901383e-06
-61.3125,148.4375,1.689615090986569e-07,7.787424835358883e-06
-60.5625,-104.1875,2.891770072157866e-07,1.1978908326216613e-05
-51.5625,-7.6875,9.2863210972629e-08,3.909562914623917e-06
49.8125,145.3125,4.8401806610501746e-08,-3.0827823465074914e-06
62.5625,2.1875,2.8043692140165126e-07,-1.3525684914698597e-05
38.0625,-9.5625,1.4871078576470643e-07,-6.8300082976201846e-06
44.6875,-60.6875,1.328838994501404e-07,-8.81169436584779e-06
9.6875,-90.8125,6.297044238831221e-08,-4.665811792526081e-06
39.8125,-125.3125,2.99380871161994e-07,-1.4553339207208838e-05
-18.9375,64.8125,2.662694604098693e-07,1.0937482120153545e-05
58.3125,141.9375,1.23478205537137e-07,-4.915241711011013e-06
31.3125,-167.3125,1.90246525488969e-07,-1.0606350862299473e-05
-49.5625,-86.9375,6.569440861831678e-08,7.596333794712456e-06
56.6875,152.5625,1.9647682686375337e-07,-5.8270493096935035e-06
56.6875,177.1875,6.766719527053916e-08,-6.983579180796324e-06
-50.5625,-99.6875,1.4487145359501577e-07,4.289528368327415e-06
25.1875,-76.5625,6.718562267798641e-07,-2.5716837253334658e-05
-13.8125,-101.3125,2.2515516184893732e-08,3.6289425307418556e-06
26.6875,125.9375,2.39919724785748e-07,-1.747245721575585e-05
27.3125,-20.0625,1.4408993779430668e-07,-1.1264050639019944e-05
32.5625,-145.9375,1.3621854733705292e-07,-5.6630447566155735e-06
30.3125,-28.8125,7.096948468794585e-08,-3.6568900155815135e-06
64.5625,-32.0625,3.517691147231391e-07,-2.1464340246899215e-05
22.9375,-115.8125,2.8273821274497496e-08,-6.271084485961222e-06
49.8125,-17.0625,3.491148777751968e-07,-6.128982461025996e-06
36.4375,-4.1875,2.057923096245794e-07,-9.77381493698953e-06
-67.8125,-68.1875,1.4401321943256825e-07,1.1672726742518692e-05
53.1875,-148.1875,1.2007202374070865e-08,-2.272187282855177e-06
19.1875,-23.9375,1.1255215569754458e-07,-6.379648924772679e-06
40.4375,121.9375,1.9536964261761974e-07,-9.263790831518773e-06
-56.4375,-14.0625,1.9904283019937272e-07,6.245273526310753e-06
-49.1875,-96.4375,1.8116694932132985e-08,4.722709285571955e-06
50.4375,-1.4375,1.1578111666710396e-06,-1.5102060313867494e-05
-50.3125,9.6875,5.5863015176751077e-08,5.532726319084248e-06
58.3125,145.9375,6.374307944268532e-08,-1.7527727203898697e-06
-12.4375,-96.8125,4.892033432523384e-08,3.952501424197587e-06
31.4375,-128.6875,5.635840194521415e-08,-8.65585957129796e-06
21.4375,-42.4375,7.674962578352324e-08,-7.590957588628177e-06
34.5625,-147.9375,2.1616666860102138e-07,-6.85234790652365e-06
66.9375,-4.9375,8.682174125807169e-08,-7.1767518987192295e-06
-63.0625,25.4375,1.2031252709576375e-07,9.566192013647977e-06
-14.4375,58.8125,6.772799663315454e-08,7.835168871523406e-06
-63.1875,147.8125,2.0998684055576504e-07,1.1405498036311185e-05
-57.6875,-9.8125,4.5212154665432157e-07,8.784422610098523e-06
-54.9375,20.1875,2.2473725869165443e-07,6.417231477003106e-06
17.5625,-120.1875,5.8518824548300004e-08,-6.7745839261840686e-06
25.8125,-117.3125,2.1159186920966597e-07,-8.689696653426028e-06
-46.9375,-56.6875,2.8300180757486413e-07,7.981128242077626e-06
15.8125,-103.6875,7.782789578617271e-08,-1.0981626692934689e-05
-32.6875,-109.9375,7.045438431763171e-08,5.679090769659397e-06
36.5625,-20.9375,1.694924240900234e-08,-4.233272504146803e-06
59.0625,-0.1875,5.036205838923426e-08,-2.4340850374931696e-06
-14.6875,63.4375,1.2281542457777847e-07,1.0344317881121333e-05
69.4375,-4.0625,7.348979916113252e-07,-1.5456804265778924e-05
52.3125,-137.8125,1.5450230420396996e-07,-4.261185653055224e-06
-68.0625,-104.8125,6.902320060675631e-08,9.443403086784636e-06
-13.5625,-33.1875,2.8574186991758507e-08,3.7489797820030694e-06
26.0625,54.3125,1.0910080182365129e-07,-4.52227193475368e-06
37.6875,-151.1875,1.616346872787006e-07,-6.336978465714705e-06
40.1875,-69.8125,2.554505027786531e-07,-1.2973905174488995e-05
39.8125,15.1875,3.285858626169429e-07,-1.0335325872507152e-05
64.9375,-13.8125,1.4784651199574328e-07,-6.28269980472228e-06
-61.0625,-36.0625,1.4484098798917132e-07,5.253646570186486e-06
59.9375,171.6875,1.3990832387681713e-07,-1.1145517425045104e-05
-58.0625,132.4375,2.1561846097672803e-07,7.579129856963987e-06
37.9375,-19.0625,5.5787699597367296e-08,-6.3654610920568e-06
47.3125,-47.1875,1.779401197551913e-07,-8.820634602264754e-06
46.3125,-157.1875,3.6455762868567935e-08,-2.513817836049058e-06
-52.1875,-97.9375,1.987216309690191e-07,6.11990277631635e-06
26.4375,159.1875,1.3035701413660712e-07,-8.723809520356625e-06
-47.4375,-103.5625,1.4979156186347237e-07,6.361860280385637e-06
-16.6875,104.3125,5.259310144189062e-08,5.341453467215304e-06
35.8125,-26.8125,6.062219558765945e-08,-3.6217679976384672e-06
47.8125,-37.3125,1.973420785664932e-07,-1.7286392410569957e-05
49.5625,-47.3125,3.480861507274033e-07,-1.359667875161427e-05
50.4375,155.3125,2.0388721638502806e-07,-7.8310553727169e-06
27.5625,-14.5625,3.45886111970658e-07,-1.0831467063998848e-05
35.5625,30.4375,3.957262099433545e-07,-1.4270286666723385e-05
-60.1875,-112.9375,2.0531719215866742e-07,1.089103626340897e-05
41.9375,8.0625,1.633752237844648e-07,-1.158719455274135e-05
-61.6875,134.1875,9.759464546302894e-08,3.3015351841694695e-06
71.3125,-5.9375,1.0130123952224096e-07,-4.139351918637977e-06
-60.1875,-41.0625,2.0195226133901202e-07,5.661657385455525e-06
38.8125,-141.6875,1.4998520320905977e-07,-7.651175596191904e-06
10.0625,-81.3125,2.307142197829781e-08,-3.194628333557767e-06
16.9375,-117.6875,1.1723482445560841e-07,-1.2737820053673449e-05
-49.6875,-91.3125,7.713053413377358e-08,5.3242865359911725e-06
53.5625,149.3125,3.0707174560375586e-07,-7.755418057045617e-06
54.9375,154.0625,2.267156259295575e-07,-7.416372424465012e-06
41.3125,-130.5625,3.4352117596264757e-07,-7.894884440363316e-06
49.3125,-36.0625,5.963636277856502e-07,-2.2338765741878663e-05
60.8125,1.9375,1.0457593080251648e-07,-4.718866725791693e-06
65.5625,9.9375,4.2890814190554273e-07,-4.276133000560123e-06
70.8125,-10.4375,6.212549251709856e-08,-3.4843683509751626e-06
58.8125,-48.3125,3.843745928126111e-07,-1.250251204012286e-05
41.4375,17.9375,1.1291255589634873e-07,-4.571648103075555e-06
73.9375,23.6875,3.093665089330151e-07,-9.044180987945758e-06
-55.8125,111.9375,2.3117183487009634e-07,7.726778065306012e-06
-55.3125,103.4375,2.2036644123958334e-07,1.0092577082495935e-05
17.3125,-72.9375,1.8127970881886748e-07,-1.9575871178713216e-05
-17.5625,55.5625,1.4581322774854704e-07,1.0288373112562531e-05
22.4375,-57.8125,1.1096670638521078e-07,-8.610228046334052e-06
32.6875,-162.3125,6.248356729425825e-08,-5.9809221730609665e-06
-66.1875,-120.6875,6.117984157320173e-07,1.1267684518775722e-05
49.3125,-52.8125,2.5422971005184686e-07,-8.628840780410025e-06
-62.8125,-174.9375,3.3588796676712074e-07,1.4516773020210434e-05
-68.3125,37.6875,1.2574585087544741e-07,2.8392178382839784e-06
73.5625,20.8125,2.803712836383748e-07,-7.252875783586945e-06
59.8125,159.3125,1.2285591364421538e-07,-6.474505401305619e-06
39.8125,-19.6875,1.5405106865242868e-07,-5.838397418453657e-06
63.8125,7.3125,1.0254585406530044e-07,-8.1785523143186e-06
-53.0625,120.5625,3.5776506029025975e-07,1.0992876041181124e-05
-20.0625,-89.0625,4.203381988930989e-08,2.6689839866085876e-06
-68.8125,-99.4375,1.0583302687697996e-07,1.0847632391595771e-05
54.3125,-153.6875,2.3774101608849058e-07,-6.312155129015978e-06
-56.3125,5.3125,1.2342976181067516e-07,4.296507726648349e-06
27.0625,-128.8125,5.700993158560138e-08,-4.475983206420421e-06
19.0625,-135.5625,1.5040654042429482e-07,-8.79168600779222e-06
52.6875,-162.5625,7.202729430805387e-08,-3.210830238054843e-06
52.9375,171.5625,4.3152784062423086e-08,-6.451452945200002e-06
-49.4375,-106.5625,2.1291063507581368e-07,8.21702743285573e-06
10.1875,-28.9375,1.5055695339251612e-08,-1.8413115260912192e-06
-58.1875,-19.4375,2.0360421403045992e-07,5.851119885733964e-06
58.5625,-141.1875,5.541442279103138e-07,-1.7690997641481262e-05
67.3125,-9.5625,1.9872792803461862e-07,-3.746861429526661e-06
42.8125,131.8125,2.089781734714523e-07,-7.6273719120061365e-06
27.5625,-16.0625,3.599312663638545e-07,-1.8981374606771198e-05
-55.3125,142.9375,1.1224524267414002e-07,5.916593944156038e-06
-31.3125,-113.0625,1.0912726379036665e-07,4.25384736570824e-06
41.4375,-61.0625,1.937314230234955e-07,-1.0898322791315537e-05
8.0625,113.1875,4.215433033967957e-08,-5.201532473017518e-06
-62.8125,150.0625,1.3468422140571425e-07,5.632834547053189e-06
54.1875,-21.8125,3.5210523273864646e-07,-1.8572700686146394e-05
67.9375,-7.5625,7.194560625696016e-08,-3.90567096661806e-06
-12.1875,64.3125,3.4158325921838955e-08,3.0340012562305416e-06
32.6875,-25.3125,8.711127743103355e-08,-4.5236773497774215e-06
-62.6875,-118.9375,2.1238447199187208e-07,1.379859029927156e-05
21.1875,-119.1875,2.3699558438830514e-08,-4.748125092966422e-06
19.4375,-30.3125,4.5917518103578133e-08,-3.12624297372284e-06
40.9375,11.3125,5.956295262361779e-07,-1.4666250362447636e-05
-54.0625,-13.3125,2.990786304958844e-07,8.913560008542655e-06
-61.0625,-174.8125,4.1968287582415206e-07,1.1062491992769884e-05
-56.8125,76.5625,2.166972714482031e-07,1.0115254241537383e-05
29.5625,-119.3125,5.4243014292988156e-08,-8.350206321283688e-06
-55.5625,-9.3125,3.642201453176647e-07,7.254178260138572e-06
-13.5625,-106.0625,5.0342803461047924e-08,2.973756136887304e-06
-51.9375,-106.4375,1.2258388948787817e-07,4.688832646079597e-06
-56.9375,-8.0625,9.25936282966252e-08,5.048404577931878e-06
-10.8125,-105.6875,1.0267004388924968e-08,3.815697894677031e-06
57.4375,-41.0625,5.216279843012899e-07,-1.5272519482364086e-05
30.5625,-142.6875,1.4605844377830855e-07,-7.224282806495934e-06
-15.6875,-105.0625,1.223076646461944e-07,6.128810559475171e-06
-65.6875,-64.5625,2.4961496690703023e-07,5.93868867367935e-06
44.1875,-146.4375,6.223667634810854e-08,-2.477180408075115e-06
19.5625,-63.0625,6.408957623882879e-08,-1.1001428126609748e-05
59.0625,-50.4375,1.2722767628559002e-07,-8.032441577021832e-06
-64.8125,146.6875,4.287121077854643e-08,4.732351185567341e-06
-51.3125,107.0625,1.242338684805283e-07,6.622559480915639e-06
56.0625,-41.1875,4.5478237624027004e-07,-1.4308067975246142e-05
-64.3125,-112.5625,7.126976985783351e-07,1.183084958995612e-05
33.6875,-15.6875,1.258383509050701e-07,-5.341760613229732e-06
66.4375,-15.4375,1.4144379988319164e-07,-4.946455721679397e-06
-61.9375,-158.0625,3.4196876056571984e-07,1.2968518244002401e-05
49.0625,-159.9375,1.1471461950472631e-07,-3.1830794574516307e-06
19.3125,-46.9375,7.832854260089975e-08,-5.082171188358654e-06
41.0625,139.4375,1.8605480845579145e-07,-2.3453134095668116e-05
43.6875,-58.6875,6.991328968498717e-07,-1.6375051550579555e-05
-67.5625,164.8125,5.717470550638342e-08,6.9605866120215045e-06
-15.8125,72.3125,5.997114019666365e-08,4.151290211154689e-06
20.8125,-45.6875,1.9844911193114783e-07,-1.134574869650105e-05
38.5625,19.6875,4.458865984082696e-07,-1.0044196356815594e-05
46.6875,-143.3125,1.1523260945787432e-07,-3.903025328673652e-06
53.8125,-140.3125,6.85463720523851e-08,-3.6520144077700285e-06
57.6875,165.8125,2.119915821340945e-07,-1.3266847092159168e-05
22.0625,-18.1875,1.7081791177173612e-07,-8.244061362793972e-06
52.4375,144.0625,8.193093442388931e-08,-3.2240689658843127e-06
-13.6875,-30.6875,1.8858433552857463e-08,4.87641330052186e-06
64.4375,-30.3125,4.664394289925358e-07,-1.833759436089459e-05
-13.6875,-118.5625,4.691105064026955e-08,4.13497148802635e-06
68.3125,-16.9375,1.6255769789797748e-07,-7.49745092071748e-06
-66.0625,-115.0625,3.374719218010394e-07,5.765867843880317e-06
-51.1875,-108.4375,2.360476796451653e-07,6.575436522842141e-06
32.3125,-80.1875,3.1100396185706567e-07,-9.3344487241884e-06
52.9375,168.0625,1.0500195481007052e-07,-4.377722867498956e-06
30.6875,-137.5625,7.825610562575388e-08,-3.4005260898934173e-06
39.5625,-153.9375,7.00846110730843e-08,-3.144338845495483e-06
41.4375,-152.9375,4.323958048887699e-08,-1.83531789824205e-06
17.5625,-48.3125,1.0101167526468791e-07,-6.497085650471405e-06
17.8125,-55.8125,9.259023833968914e-08,-9.44145477701165e-06
20.5625,-36.9375,8.452153233394689e-08,-1.0359176601768355e-05
29.3125,-160.3125,3.1465753322236254e-07,-9.735549725986494e-06
45.1875,12.4375,7.746133953657038e-07,-3.945775970997455e-06
70.9375,-15.1875,2.109107539937242e-08,-9.781465955930892e-07
51.8125,163.3125,1.452624571444633e-07,-6.9169081767803094e-06
-67.1875,-91.0625,2.9853773245467866e-08,9.236936379941682e-06
-65.3125,160.8125,4.14224587022134e-08,3.119548271936431e-06
56.9375,-51.0625,2.1123119204308335e-07,-1.3685059726476864e-05
57.1875,148.4375,6.257866728696284e-08,-1.9021628283907507e-06
-68.3125,-102.0625,3.2190422119927165e-07,1.055819246600234e-05
-12.6875,-114.0625,3.2584898622084426e-08,2.9165463579927085e-06
14.0625,-31.3125,3.356909725318444e-08,-5.273260668981424e-06
-67.8125,-108.1875,1.1129576725472993e-07,1.1137180832584702e-05
-67.6875,175.8125,5.045848023681052e-08,4.190266250865333e-06
-56.6875,14.5625,2.5323317540329486e-07,4.249376364174887e-06
-64.3125,-172.8125,4.2688350733343244e-07,1.1969044573330599e-05
31.8125,-156.0625,1.5581552326397378e-07,-6.812555294434478e-06
-63.5625,-60.5625,1.6715136218649418e-07,4.719440165578756e-06
31.3125,-153.9375,1.2257226265956737e-07,-4.980237796552627e-06
-55.4375,91.1875,6.391947216831446e-07,1.331775592470859e-05
73.5625,18.0625,9.469444864573107e-08,-4.347021931003313e-06
60.1875,-151.8125,3.247851006020167e-07,-2.0180518356725087e-05
18.4375,-115.8125,1.4086772829361456e-07,-7.343390757998325e-06
17.3125,-33.1875,4.872930718772219e-08,-4.1557671172932675e-06
47.5625,-54.1875,2.2151182981456834e-07,-9.61800460165689e-06
18.0625,-112.4375,1.8994119558050356e-07,-1.5562505106375702e-05
-63.8125,156.1875,1.9682927895282408e-07,5.280713017711506e-06
42.6875,-150.1875,5.829696932646019e-08,-2.3018055529350705e-06
47.0625,-134.4375,5.8504538244781284e-08,-4.483246169394974e-06
81.4375,52.6875,2.302262080409968e-07,-4.564265060447065e-06
-61.3125,-134.3125,4.877502276758708e-07,1.5808128885663262e-05
-64.5625,144.6875,2.184604927720672e-07,9.049122599065835e-06
-9.4375,-172.6875,1.960131164407878e-08,7.666128520090662e-06
36.8125,-15.4375,1.1770721300243043e-07,-5.83178130025617e-06
28.8125,-25.0625,6.591215745007826e-08,-2.194273031645741e-06
18.3125,-133.8125,1.3570780946891043e-07,-6.349290894049494e-06
68.6875,-15.1875,7.321614644846474e-08,-3.911525434365385e-06
-60.0625,13.3125,1.9120043756400453e-07,4.956991551845959e-06
27.5625,-65.5625,1.1385523805739725e-07,-1.2058611357586102e-05
22.3125,-55.6875,1.713699331356113e-08,-4.761311569575423e-06
21.4375,-60.8125,1.6043935909989025e-07,-8.039746402635715e-06
-54.5625,6.6875,2.71573977943061e-07,5.008986594769663e-06
-68.9375,-178.4375,1.2528042703363746e-07,3.6766567071099437e-06
30.5625,-133.8125,1.872746878112081e-07,-7.66759065013155e-06
-61.0625,121.4375,2.778874327172707e-07,7.322512994476826e-06
-53.9375,2.9375,1.365908288357554e-07,3.8122292938831335e-06
-68.8125,-140.3125,4.045747626043476e-08,1.570013005547317e-06
56.0625,-46.1875,9.523482935845702e-08,-3.1740063482090623e-06
46.1875,140.1875,1.9524511638905713e-07,-9.380945148153777e-06
-55.1875,8.9375,7.580556906798177e-08,4.076445355598579e-06
-51.1875,20.8125,4.3768962690829547e-07,1.625828669753323e-05
-70.4375,-75.6875,7.213452713319505e-08,4.192561563988446e-06
-60.5625,-149.0625,1.2070710102166275e-07,5.584008096643672e-06
27.4375,-126.0625,5.592634419843374e-08,-4.1812570170397025e-06
37.4375,16.4375,2.1109214819802892e-07,-7.215183027270596e-06
-60.4375,11.3125,5.1164912036572084e-08,5.190876644381161e-06
-11.8125,-125.5625,1.1597293491154272e-08,3.0474777295799804e-06
34.5625,-18.0625,9.840102956292119e-08,-5.966757861908031e-06
-51.8125,-10.5625,1.654437159104971e-07,5.51926289153411e-06
-64.5625,-168.6875,7.967784043434155e-08,5.629759032211177e-06
-58.4375,-146.9375,1.4536113602219948e-07,6.1260911057105055e-06
44.3125,31.5625,5.915976846627954e-07,-1.427296427440121e-05
-18.4375,73.4375,5.357237704990086e-08,5.615619927419776e-06
-64.6875,134.4375,1.592965105905833e-07,4.722970675744415e-06
-66.8125,169.8125,7.6093430589324e-08,3.7213488962590292e-06
52.0625,-39.6875,2.4489507312017444e-07,-1.9836982761392005e-05
-59.5625,8.9375,4.730076364832769e-08,3.846874383771502e-06
-62.8125,-125.9375,1.489197408078923e-07,1.6729954260222035e-05
-65.1875,-126.6875,2.1792507111050933e-07,1.4501350090533991e-05
25.3125,-121.9375,1.0633898817978499e-07,-4.213879680980484e-06
-63.9375,-110.3125,3.4152848317475075e-07,1.7348797552643686e-05
25.1875,-109.8125,3.2785442919201743e-07,-1.9046468794601693e-05
-63.8125,39.9375,1.04221959522155e-07,4.795707410513672e-06
26.0625,-65.6875,2.786522918417363e-07,-1.1143134123290458e-05
55.9375,174.1875,1.7273571434053908e-07,-6.96045288925093e-06
-67.8125,173.6875,6.674906675209604e-08,4.3164498363169e-06
24.8125,-30.3125,9.59012716136654e-08,-8.1088014052528e-06
-64.3125,-121.8125,2.279925575664382e-07,6.499422991853001e-06
-67.6875,-116.3125,1.8950462426772954e-08,4.347981377514963e-06
-63.3125,-144.5625,3.333645904072859e-07,7.001141077055338e-06
-58.6875,-144.9375,3.132698702188158e-07,8.032637020108968e-06
21.0625,-80.1875,9.258571148961133e-08,-1.0766057938025478e-05
-60.4375,-130.9375,4.893585237808855e-07,2.26202912156694e-05
-63.5625,-19.6875,9.05511966600992e-08,2.5107997119345087e-06
-66.5625,-143.4375,1.206637082301074e-07,9.593900819236981e-06
46.0625,138.6875,1.7958826324247102e-07,-6.1005072653039475e-06
57.0625,-155.5625,4.0961603834901337e-07,-8.443237026191223e-06
39.5625,124.6875,2.0032176578005618e-07,-1.0649854227278928e-05
-62.8125,41.8125,1.510861751677028e-07,4.115145633031647e-06
-59.5625,-139.1875,9.973333370439406e-07,1.95315447906509e-05
22.8125,-27.4375,2.274858792587673e-07,-1.0583714769723142e-05
63.0625,-27.9375,2.072133876504707e-07,-1.3632914115648503e-05
-67.8125,-112.3125,1.1704999273846789e-07,5.486468114681558e-06
-64.1875,-165.9375,8.245467591166304e-08,5.842555478289222e-06
-66.8125,-101.1875,1.7044549647191005e-07,8.396096366437086e-06
40.6875,-142.8125,2.2376337349375247e-07,-8.331049475120107e-06
24.6875,-61.5625,1.9848367946068763e-07,-1.377361265676984e-05
-62.0625,-152.6875,2.0476369162995985e-07,6.325404239486434e-06
-66.4375,-103.6875,1.0492648978307337e-07,7.927741644143844e-06
49.0625,-59.9375,1.0847570901262472e-07,-5.3366726405372086e-06
-15.6875,89.8125,7.085552300739657e-08,6.846627118206924e-06
-67.9375,-128.9375,4.071250402582866e-08,1.8103152703514977e-06
39.4375,-150.9375,6.13037215181304e-08,-2.9456426629820773e-06
54.9375,-35.0625,1.6554863210896932e-07,-6.11949845844954e-06
81.4375,72.1875,2.1583547867725897e-08,-1.5164088769928643e-06
40.8125,-145.3125,7.914030089201832e-08,-4.654657318770388e-06
42.9375,31.0625,7.841170404941947e-08,-7.07376082165238e-06
15.1875,-113.8125,1.0134270800226156e-07,-8.075249414737786e-06
20.3125,-34.4375,7.671492007310226e-09,-7.17990813991634e-06
-63.9375,-10.1875,1.4420833525922905e-07,5.41539744591135e-06
17.5625,-53.9375,1.2680859239527786e-07,-8.923749670063666e-06
15.4375,-50.0625,5.091211886105147e-08,-7.021357611662e-06
23.9375,-59.8125,1.6332120732666894e-07,-8.924868885263426e-06
81.8125,67.1875,3.566711455183342e-08,-1.455992666786869e-06
55.1875,-156.6875,1.4720476681250603e-07,-6.711002583243318e-06
20.1875,-65.5625,1.401787543522188e-07,-8.104921712442402e-06
-70.1875,-101.4375,1.2841629277664062e-07,3.191289614581697e-06
47.1875,-61.9375,7.937817587516264e-08,-1.1272480723556197e-05
55.0625,170.3125,1.3113640063891588e-07,-7.58131718019053e-06
-8.1875,-139.1875,1.9544051709705093e-08,3.212281037147976e-06
-69.3125,-160.6875,2.3865008883943677e-08,4.28187535093138e-07
-64.1875,-21.5625,2.190994254275629e-08,8.507582012100592e-07
-63.8125,-152.8125,1.4040481594702202e-07,3.533422146512036e-06
-62.5625,-148.1875,1.2177222216485572e-07,4.888273054258977e-06
27.0625,-55.8125,1.7173102959611184e-07,-8.01483648054086e-06
35.5625,35.1875,2.6762201899061136e-07,-1.6100958484847987e-05
51.1875,-37.6875,1.7077636595264773e-07,-1.3580275751404111e-05
-68.5625,-123.1875,4.744397977707913e-08,1.0601717684944827e-06
-64.3125,-150.3125,6.335256747243463e-08,3.5942285699948847e-06
-65.0625,82.0625,6.384566470033551e-08,4.793147098557217e-06
40.3125,24.0625,1.8368890495452243e-07,-9.965459982621139e-06
-63.5625,-128.5625,4.8478241742926576e-08,1.4884377475237918e-05
16.4375,-122.8125,3.6167934756051824e-08,-7.639520590386908e-06
-57.9375,12.5625,2.8596908529742123e-08,3.3375435220586997e-06
-63.8125,-5.4375,3.500216824147569e-07,5.035859758443059e-06
59.6875,-46.1875,6.910099308114053e-07,-1.2641422004450796e-05
-10.9375,-142.6875,2.518089518525498e-08,3.835169174671848e-06
9.0625,106.4375,4.7200266847221116e-07,-3.8729137740062135e-05
44.3125,140.8125,2.673198763427073e-07,-1.2744786741783624e-05
48.8125,-2.3125,1.9647322470729597e-07,-7.235633943800777e-06
-63.5625,-7.1875,1.3914036599215528e-07,5.327223778617259e-06
-63.0625,152.3125,8.00154716700271e-08,6.018178795526426e-06
-66.1875,-171.3125,2.2903534820466766e-08,1.591150197281216e-06
-60.3125,156.0625,3.234683860356528e-07,1.0259587474909016e-05
-68.5625,-134.1875,6.09581669155578e-08,2.236483615903003e-06
-62.8125,-141.4375,8.778961770325323e-08,8.697221362581138e-06
43.5625,-142.5625,6.612125579130089e-08,-2.824134384446643e-06
46.1875,-132.0625,9.467406645980283e-08,-2.8662362396947437e-06
-61.5625,70.1875,2.0841867019441556e-07,9.402060346813132e-06
9.3125,-15.0625,1.139075447709104e-08,-3.458638667032554e-06
44.9375,-126.3125,1.682149345929516e-07,-6.3870875967816265e-06
37.9375,-148.1875,1.0264007793009713e-07,-6.576510547080608e-06
-56.0625,12.1875,1.37303171569117e-07,3.2727051595072882e-06
18.4375,-19.4375,1.2309980637657856e-07,-9.096691251186007e-06
43.5625,-137.0625,2.086051079364248e-07,-4.815384696833666e-06
-64.6875,-2.0625,5.9571036796961656e-08,5.2333868158852145e-06
68.0625,-23.1875,4.2463458779111223e-07,-8.51460188145366e-06
-64.1875,-157.4375,1.973477024135888e-08,2.5179360606269594e-06
29.5625,123.6875,2.8539557268085914e-07,-9.124994435631296e-06
37.9375,-144.3125,5.5204402377149425e-08,-3.614792348934895e-06
41.9375,-138.3125,9.243236698850931e-08,-3.8817526035892384e-06
-61.5625,8.3125,1.2667765681778632e-07,3.6078153940055664e-06
11.0625,-20.3125,3.621955233963692e-08,-2.76695407804491e-06
41.0625,-136.6875,5.483052008471425e-08,-5.6167253273340546e-06
-63.5625,87.3125,9.728802878685435e-08,4.188923445390234e-06
-62.5625,77.5625,1.299874373612685e-07,5.755149339137595e-06
71.8125,32.3125,3.100029750521201e-08,-2.85971417698131e-06
-61.6875,157.6875,1.881753887143688e-07,6.79857676822399e-06
49.0625,-5.1875,1.0965145223927289e-07,-3.2281156397298474e-06
71.8125,29.8125,1.4999821469727517e-07,-1.163920486357389e-06
-34.0625,42.4375,4.703470059846251e-07,1.573360880013061e-05
53.3125,-5.9375,1.0632664906145533e-07,-7.494199059206377e-06
-63.8125,114.4375,2.738795001600674e-07,6.318397559896429e-06
-65.9375,-131.0625,1.306336300010521e-07,1.3531487009449003e-05
-70.3125,-146.8125,2.2535569872372913e-08,7.046812014886353e-07
58.5625,-161.3125,4.019462978213106e-07,-1.6665184512872182e-05
60.4375,-39.4375,2.523049769126408e-07,-8.715732670235216e-06
-62.3125,80.1875,1.3466783166672996e-07,9.012770518671312e-06
76.5625,-76.5625,4.450669341295491e-07,-9.992879065770416e-06
-63.3125,73.3125,8.270765100117706e-08,3.0168604348606783e-06
79.3125,42.3125,5.5415423827799684e-08,-3.448719158543756e-06
-71.1875,-93.4375,1.0039352390916551e-07,7.296125696894375e-06
64.4375,-36.5625,1.1200267655782967e-07,-1.0880617651196269e-05
-62.5625,-131.8125,2.219477907491074e-07,9.778394768220168e-06
-64.8125,-135.9375,2.056776831027424e-07,5.638437966505054e-06
13.9375,-18.0625,8.185773335977891e-08,-1.1006018310840351e-05
-64.9375,-139.0625,1.2347483959475671e-07,3.880262178201625e-06
-65.3125,57.5625,2.1936428554380747e-07,4.6931311810728714e-06
-62.5625,2.5625,6.877848892224089e-08,3.085499622437262e-06
-64.4375,-141.8125,1.3721342947479296e-07,4.687765527832107e-06
-58.4375,79.8125,8.292499068346414e-08,5.2734344721484085e-06
20.4375,-72.3125,1.7335009715946116e-07,-1.613723809779987e-05
-65.1875,125.0625,3.5973473175290823e-09,1.0784075329241683e-06
-9.1875,-134.0625,0.0,2.602898286567751e-06
-64.8125,119.1875,4.287123326751352e-08,2.5235296086637853e-06
-63.6875,106.8125,1.261662753715916e-07,3.6405608732098602e-06
20.0625,-67.8125,6.877621876542735e-08,-9.870967843007353e-06
75.4375,30.0625,1.7697944940583453e-07,-6.330270761243701e-06
-63.1875,10.1875,6.881223277080677e-08,1.82402351245566e-06
-61.9375,64.0625,6.966160965208706e-08,4.864408698371521e-06
-59.9375,79.0625,3.5973473175290823e-09,5.833168416786202e-06
-11.4375,56.9375,1.0740646489010984e-07,7.3358262005147465e-06
-60.5625,109.3125,1.2072421562732835e-07,5.2378785474574915e-06
18.4375,-17.0625,1.3596031740663857e-07,-6.322691239481634e-06
-64.4375,63.6875,4.647826028529156e-08,4.516737140442035e-06
73.6875,31.8125,1.1091688154817104e-07,-4.665530319992992e-06
-65.0625,130.5625,2.836769220427959e-07,2.551042476960855e-06
-62.4375,94.3125,3.255407506791694e-07,9.255394623620496e-06
38.1875,-146.4375,1.2835069520143485e-07,-5.464295609768942e-06
-62.5625,-116.6875,1.1174608489345786e-07,1.0099305912830403e-05
-58.5625,81.9375,5.5250842349110034e-08,4.444059037722303e-06
78.9375,45.6875,3.901801510862395e-08,-1.2544553616376375e-06
-71.3125,-112.4375,5.5114959520639234e-08,8.034272573976617e-07
-70.1875,-115.6875,3.656857622777537e-08,1.1963302547432214e-06
58.3125,18.5625,7.668802517299926e-08,-5.600818175065923e-06
-64.3125,99.3125,4.749534806834752e-08,2.726307200534303e-06
-68.9375,-150.5625,4.159220883360412e-08,2.3602950361175558e-06
-62.0625,100.1875,2.3826789985606584e-07,1.1513505872308425e-05
78.1875,49.8125,2.2712431295367036e-08,-1.708484810446387e-06
32.9375,124.5625,1.584584312903297e-07,-7.640590734101458e-06
78.0625,59.1875,5.41212395347914e-08,-1.7542198599723187e-06
23.0625,117.3125,2.925858696378573e-07,-2.7947587945664324e-05
-63.4375,69.6875,3.2972412186512444e-08,4.718513926846153e-06
-66.6875,-8.0625,3.362748460163685e-08,1.2507343681153482e-06
-66.4375,75.8125,9.691033035151463e-09,2.611926125934527e-07
37.8125,25.5625,1.9840575916011163e-07,-6.939074538469303e-06
-64.3125,59.6875,2.052131948465845e-07,4.62602511481786e-06
36.4375,132.1875,4.158725059250851e-07,-1.6319750459722357e-05
-65.1875,25.6875,2.6703908689980892e-08,1.9794092031945136e-06
36.0625,130.8125,3.1561988245734095e-07,-1.4514180141200624e-05
-63.4375,-103.8125,2.516576221391553e-07,6.137378504314106e-06
58.8125,-171.0625,5.2777250808989015e-08,-2.6138912877664097e-06
77.8125,62.1875,1.7247282492885647e-07,-3.4551342085943217e-06
-71.8125,-121.5625,3.5315901018342216e-08,9.121385396278543e-07
45.4375,36.5625,2.1218621383154082e-07,-8.733459956604533e-06
-64.0625,66.6875,1.37683012438533e-07,1.959923407514686e-06
55.3125,-132.0625,2.3406585573933994e-07,-6.723763982886534e-06
53.8125,-3.8125,1.95251199733597e-07,-9.432638194763858e-06
25.6875,-156.3125,1.9470450505452846e-07,-7.968512373299195e-06
-62.4375,-3.0625,9.060005771827305e-08,4.6376905417562395e-06
