{"type": "FeatureCollection", "features": [{"type": "Feature", "geometry": {"type": "Point", "coordinates": [16.8125, -37.8125]}, "properties": {"type": "anticyclone", "ssh_m": 1.1644, "zeta_s-1": 2.42e-05, "hemisphere": "S", "time": "2025-05-01T00:00:00.000000000"}}, {"type": "Feature", "geometry": {"type": "Point", "coordinates": [21.3125, -39.0625]}, "properties": {"type": "anticyclone", "ssh_m": 0.9376, "zeta_s-1": 3.03e-05, "hemisphere": "S", "time": "2025-05-01T00:00:00.000000000"}}, {"type": "Feature", "geometry": {"type": "Point", "coordinates": [-49.1875, -39.8125]}, "properties": {"type": "anticyclone", "ssh_m": 0.8616, "zeta_s-1": 1.52e-05, "hemisphere": "S", "time": "2025-05-01T00:00:00.000000000"}}, {"type": "Feature", "geometry": {"type": "Point", "coordinates": [155.5625, -35.0625]}, "properties": {"type": "anticyclone", "ssh_m": 0.8603, "zeta_s-1": 2.73e-05, "hemisphere": "S", "time": "2025-05-01T00:00:00.000000000"}}, {"type": "Feature", "geometry": {"type": "Point", "coordinates": [145.8125, 35.4375]}, "properties": {"type": "anticyclone", "ssh_m": 0.8369, "zeta_s-1": -2.67e-05, "hemisphere": "N", "time": "2025-05-01T00:00:00.000000000"}}, {"type": "Feature", "geometry": {"type": "Point", "coordinates": [21.5625, -42.3125]}, "properties": {"type": "anticyclone", "ssh_m": 0.8034, "zeta_s-1": 3.45e-05, "hemisphere": "S", "time": "2025-05-01T00:00:00.000000000"}}, {"type": "Feature", "geometry": {"type": "Point", "coordinates": [-63.6875, 39.5625]}, "properties": {"type": "anticyclone", "ssh_m": 0.7957, "zeta_s-1": -2.89e-05, "hemisphere": "N", "time": "2025-05-01T00:00:00.000000000"}}, {"type": "Feature", "geometry": {"type": "Point", "coordinates": [12.3125, -40.1875]}, "properties": {"type": "anticyclone", "ssh_m": 0.771, "zeta_s-1": 2.14e-05, "hemisphere": "S", "time": "2025-05-01T00:00:00.000000000"}}, {"type": "Feature", "geometry": {"type": "Point", "coordinates": [48.1875, -40.3125]}, "properties": {"type": "anticyclone", "ssh_m": 0.7539, "zeta_s-1": 1.21e-05, "hemisphere": "S", "time": "2025-05-01T00:00:00.000000000"}}, {"type": "Feature", "geometry": {"type": "Point", "coordinates": [-53.5625, -42.8125]}, "properties": {"type": "anticyclone", "ssh_m": 0.7505, "zeta_s-1": 1.83e-05, "hemisphere": "S", "time": "2025-05-01T00:00:00.000000000"}}, {"type": "Feature", "geometry": {"type": "Point", "coordinates": [41.0625, -40.0625]}, "properties": {"type": "anticyclone", "ssh_m": 0.7464, "zeta_s-1": 1.06e-05, "hemisphere": "S", "time": "2025-05-01T00:00:00.000000000"}}, {"type": "Feature", "geometry": {"type": "Point", "coordinates": [150.3125, 37.0625]}, "properties": {"type": "anticyclone", "ssh_m": 0.7379, "zeta_s-1": -2.56e-05, "hemisphere": "N", "time": "2025-05-01T00:00:00.000000000"}}, {"type": "Feature", "geometry": {"type": "Point", "coordinates": [-54.3125, -56.0625]}, "properties": {"type": "anticyclone", "ssh_m": 0.7351, "zeta_s-1": 1.81e-05, "hemisphere": "S", "time": "2025-05-01T00:00:00.000000000"}}, {"type": "Feature", "geometry": {"type": "Point", "coordinates": [11.3125, -35.4375]}, "properties": {"type": "anticyclone", "ssh_m": 0.7333, "zeta_s-1": 3.04e-05, "hemisphere": "S", "time": "2025-05-01T00:00:00.000000000"}}, {"type": "Feature", "geometry": {"type": "Point", "coordinates": [151.5625, -41.0625]}, "properties": {"type": "anticyclone", "ssh_m": 0.7186, "zeta_s-1": 3.31e-05, "hemisphere": "S", "time": "2025-05-01T00:00:00.000000000"}}, {"type": "Feature", "geometry": {"type": "Point", "coordinates": [161.8125, 36.3125]}, "properties": {"type": "anticyclone", "ssh_m": 0.7162, "zeta_s-1": -1.66e-05, "hemisphere": "N", "time": "2025-05-01T00:00:00.000000000"}}, {"type": "Feature", "geometry": {"type": "Point", "coordinates": [27.8125, -38.6875]}, "properties": {"type": "anticyclone", "ssh_m": 0.7161, "zeta_s-1": 2.31e-05, "hemisphere": "S", "time": "2025-05-01T00:00:00.000000000"}}, {"type": "Feature", "geometry": {"type": "Point", "coordinates": [152.1875, -35.8125]}, "properties": {"type": "anticyclone", "ssh_m": 0.7118, "zeta_s-1": 2.32e-05, "hemisphere": "S", "time": "2025-05-01T00:00:00.000000000"}}, {"type": "Feature", "geometry": {"type": "Point", "coordinates": [40.8125, -27.1875]}, "properties": {"type": "anticyclone", "ssh_m": 0.7012, "zeta_s-1": 1.81e-05, "hemisphere": "S", "time": "2025-05-01T00:00:00.000000000"}}, {"type": "Feature", "geometry": {"type": "Point", "coordinates": [-36.5625, -43.6875]}, "properties": {"type": "anticyclone", "ssh_m": 0.7002, "zeta_s-1": 1.12e-05, "hemisphere": "S", "time": "2025-05-01T00:00:00.000000000"}}, {"type": "Feature", "geometry": {"type": "Point", "coordinates": [154.3125, 37.5625]}, "properties": {"type": "anticyclone", "ssh_m": 0.6987, "zeta_s-1": -2.56e-05, "hemisphere": "N", "time": "2025-05-01T00:00:00.000000000"}}, {"type": "Feature", "geometry": {"type": "Point", "coordinates": [-67.0625, 38.3125]}, "properties": {"type": "anticyclone", "ssh_m": 0.6956, "zeta_s-1": -5.67e-05, "hemisphere": "N", "time": "2025-05-01T00:00:00.000000000"}}, {"type": "Feature", "geometry": {"type": "Point", "coordinates": [46.0625, -41.0625]}, "properties": {"type": "anticyclone", "ssh_m": 0.6927, "zeta_s-1": 2.04e-05, "hemisphere": "S", "time": "2025-05-01T00:00:00.000000000"}}, {"type": "Feature", "geometry": {"type": "Point", "coordinates": [168.9375, 38.0625]}, "properties": {"type": "anticyclone", "ssh_m": 0.682, "zeta_s-1": -1.77e-05, "hemisphere": "N", "time": "2025-05-01T00:00:00.000000000"}}, {"type": "Feature", "geometry": {"type": "Point", "coordinates": [-52.1875, -46.5625]}, "properties": {"type": "anticyclone", "ssh_m": 0.6785, "zeta_s-1": 2.15e-05, "hemisphere": "S", "time": "2025-05-01T00:00:00.000000000"}}, {"type": "Feature", "geometry": {"type": "Point", "coordinates": [61.4375, -43.5625]}, "properties": {"type": "anticyclone", "ssh_m": 0.6561, "zeta_s-1": 2.11e-05, "hemisphere": "S", "time": "2025-05-01T00:00:00.000000000"}}, {"type": "Feature", "geometry": {"type": "Point", "coordinates": [32.5625, -38.0625]}, "properties": {"type": "anticyclone", "ssh_m": 0.6431, "zeta_s-1": 2.82e-05, "hemisphere": "S", "time": "2025-05-01T00:00:00.000000000"}}, {"type": "Feature", "geometry": {"type": "Point", "coordinates": [-47.9375, 40.5625]}, "properties": {"type": "anticyclone", "ssh_m": 0.6262, "zeta_s-1": -1.64e-05, "hemisphere": "N", "time": "2025-05-01T00:00:00.000000000"}}, {"type": "Feature", "geometry": {"type": "Point", "coordinates": [-171.3125, 51.3125]}, "properties": {"type": "anticyclone", "ssh_m": 0.6215, "zeta_s-1": -2.63e-05, "hemisphere": "N", "time": "2025-05-01T00:00:00.000000000"}}, {"type": "Feature", "geometry": {"type": "Point", "coordinates": [153.4375, -55.5625]}, "properties": {"type": "anticyclone", "ssh_m": 0.6146, "zeta_s-1": 3.68e-05, "hemisphere": "S", "time": "2025-05-01T00:00:00.000000000"}}, {"type": "Feature", "geometry": {"type": "Point", "coordinates": [-40.3125, -41.8125]}, "properties": {"type": "anticyclone", "ssh_m": 0.6049, "zeta_s-1": 2.11e-05, "hemisphere": "S", "time": "2025-05-01T00:00:00.000000000"}}, {"type": "Feature", "geometry": {"type": "Point", "coordinates": [-37.8125, -38.8125]}, "properties": {"type": "anticyclone", "ssh_m": 0.593, "zeta_s-1": 1.03e-05, "hemisphere": "S", "time": "2025-05-01T00:00:00.000000000"}}, {"type": "Feature", "geometry": {"type": "Point", "coordinates": [38.9375, -21.9375]}, "properties": {"type": "anticyclone", "ssh_m": 0.5723, "zeta_s-1": 2.32e-05, "hemisphere": "S", "time": "2025-05-01T00:00:00.000000000"}}, {"type": "Feature", "geometry": {"type": "Point", "coordinates": [-70.6875, 37.5625]}, "properties": {"type": "anticyclone", "ssh_m": 0.5722, "zeta_s-1": -5.03e-05, "hemisphere": "N", "time": "2025-05-01T00:00:00.000000000"}}, {"type": "Feature", "geometry": {"type": "Point", "coordinates": [-91.3125, 26.5625]}, "properties": {"type": "anticyclone", "ssh_m": 0.5717, "zeta_s-1": -2.44e-05, "hemisphere": "N", "time": "2025-05-01T00:00:00.000000000"}}, {"type": "Feature", "geometry": {"type": "Point", "coordinates": [-65.0625, 45.3125]}, "properties": {"type": "anticyclone", "ssh_m": 0.559, "zeta_s-1": -4.16e-05, "hemisphere": "N", "time": "2025-05-01T00:00:00.000000000"}}, {"type": "Feature", "geometry": {"type": "Point", "coordinates": [152.1875, -52.4375]}, "properties": {"type": "anticyclone", "ssh_m": 0.5565, "zeta_s-1": 1.43e-05, "hemisphere": "S", "time": "2025-05-01T00:00:00.000000000"}}, {"type": "Feature", "geometry": {"type": "Point", "coordinates": [-43.0625, -45.8125]}, "properties": {"type": "anticyclone", "ssh_m": 0.5546, "zeta_s-1": 3.53e-05, "hemisphere": "S", "time": "2025-05-01T00:00:00.000000000"}}, {"type": "Feature", "geometry": {"type": "Point", "coordinates": [37.9375, -31.8125]}, "properties": {"type": "anticyclone", "ssh_m": 0.5538, "zeta_s-1": 2.29e-05, "hemisphere": "S", "time": "2025-05-01T00:00:00.000000000"}}, {"type": "Feature", "geometry": {"type": "Point", "coordinates": [159.5625, -57.1875]}, "properties": {"type": "anticyclone", "ssh_m": 0.5503, "zeta_s-1": 3e-05, "hemisphere": "S", "time": "2025-05-01T00:00:00.000000000"}}, {"type": "Feature", "geometry": {"type": "Point", "coordinates": [153.9375, -43.3125]}, "properties": {"type": "anticyclone", "ssh_m": 0.5471, "zeta_s-1": 4.47e-05, "hemisphere": "S", "time": "2025-05-01T00:00:00.000000000"}}, {"type": "Feature", "geometry": {"type": "Point", "coordinates": [168.8125, -58.0625]}, "properties": {"type": "anticyclone", "ssh_m": 0.5467, "zeta_s-1": 1.01e-05, "hemisphere": "S", "time": "2025-05-01T00:00:00.000000000"}}, {"type": "Feature", "geometry": {"type": "Point", "coordinates": [160.3125, -35.3125]}, "properties": {"type": "anticyclone", "ssh_m": 0.5442, "zeta_s-1": 2.56e-05, "hemisphere": "S", "time": "2025-05-01T00:00:00.000000000"}}, {"type": "Feature", "geometry": {"type": "Point", "coordinates": [157.9375, 33.8125]}, "properties": {"type": "anticyclone", "ssh_m": 0.5426, "zeta_s-1": -1.66e-05, "hemisphere": "N", "time": "2025-05-01T00:00:00.000000000"}}, {"type": "Feature", "geometry": {"type": "Point", "coordinates": [165.8125, 34.8125]}, "properties": {"type": "anticyclone", "ssh_m": 0.5418, "zeta_s-1": -1.28e-05, "hemisphere": "N", "time": "2025-05-01T00:00:00.000000000"}}, {"type": "Feature", "geometry": {"type": "Point", "coordinates": [172.8125, -57.5625]}, "properties": {"type": "anticyclone", "ssh_m": 0.5412, "zeta_s-1": 2.83e-05, "hemisphere": "S", "time": "2025-05-01T00:00:00.000000000"}}, {"type": "Feature", "geometry": {"type": "Point", "coordinates": [162.4375, -33.5625]}, "properties": {"type": "anticyclone", "ssh_m": 0.539, "zeta_s-1": 1.86e-05, "hemisphere": "S", "time": "2025-05-01T00:00:00.000000000"}}, {"type": "Feature", "geometry": {"type": "Point", "coordinates": [-51.5625, 41.4375]}, "properties": {"type": "anticyclone", "ssh_m": 0.5299, "zeta_s-1": -3.64e-05, "hemisphere": "N", "time": "2025-05-01T00:00:00.000000000"}}, {"type": "Feature", "geometry": {"type": "Point", "coordinates": [65.8125, -41.5625]}, "properties": {"type": "anticyclone", "ssh_m": 0.5278, "zeta_s-1": 1.19e-05, "hemisphere": "S", "time": "2025-05-01T00:00:00.000000000"}}, {"type": "Feature", "geometry": {"type": "Point", "coordinates": [167.8125, 34.0625]}, "properties": {"type": "anticyclone", "ssh_m": 0.5251, "zeta_s-1": -1.29e-05, "hemisphere": "N", "time": "2025-05-01T00:00:00.000000000"}}, {"type": "Feature", "geometry": {"type": "Point", "coordinates": [-54.6875, 39.4375]}, "properties": {"type": "anticyclone", "ssh_m": 0.519, "zeta_s-1": -1.9e-05, "hemisphere": "N", "time": "2025-05-01T00:00:00.000000000"}}, {"type": "Feature", "geometry": {"type": "Point", "coordinates": [158.8125, -32.3125]}, "properties": {"type": "anticyclone", "ssh_m": 0.518, "zeta_s-1": 1.2e-05, "hemisphere": "S", "time": "2025-05-01T00:00:00.000000000"}}, {"type": "Feature", "geometry": {"type": "Point", "coordinates": [158.8125, -47.4375]}, "properties": {"type": "anticyclone", "ssh_m": 0.5152, "zeta_s-1": 2.26e-05, "hemisphere": "S", "time": "2025-05-01T00:00:00.000000000"}}, {"type": "Feature", "geometry": {"type": "Point", "coordinates": [40.1875, -18.5625]}, "properties": {"type": "anticyclone", "ssh_m": 0.5135, "zeta_s-1": 2.29e-05, "hemisphere": "S", "time": "2025-05-01T00:00:00.000000000"}}, {"type": "Feature", "geometry": {"type": "Point", "coordinates": [36.5625, -40.0625]}, "properties": {"type": "anticyclone", "ssh_m": 0.5112, "zeta_s-1": 2.28e-05, "hemisphere": "S", "time": "2025-05-01T00:00:00.000000000"}}, {"type": "Feature", "geometry": {"type": "Point", "coordinates": [157.4375, -36.8125]}, "properties": {"type": "anticyclone", "ssh_m": 0.51, "zeta_s-1": 2.96e-05, "hemisphere": "S", "time": "2025-05-01T00:00:00.000000000"}}, {"type": "Feature", "geometry": {"type": "Point", "coordinates": [-49.4375, -48.6875]}, "properties": {"type": "anticyclone", "ssh_m": 0.5089, "zeta_s-1": 2.44e-05, "hemisphere": "S", "time": "2025-05-01T00:00:00.000000000"}}, {"type": "Feature", "geometry": {"type": "Point", "coordinates": [156.1875, 34.1875]}, "properties": {"type": "anticyclone", "ssh_m": 0.5024, "zeta_s-1": -1.24e-05, "hemisphere": "N", "time": "2025-05-01T00:00:00.000000000"}}, {"type": "Feature", "geometry": {"type": "Point", "coordinates": [176.9375, 49.1875]}, "properties": {"type": "anticyclone", "ssh_m": 0.5017, "zeta_s-1": -1.25e-05, "hemisphere": "N", "time": "2025-05-01T00:00:00.000000000"}}, {"type": "Feature", "geometry": {"type": "Point", "coordinates": [23.9375, -35.4375]}, "properties": {"type": "anticyclone", "ssh_m": 0.4904, "zeta_s-1": 3.52e-05, "hemisphere": "S", "time": "2025-05-01T00:00:00.000000000"}}, {"type": "Feature", "geometry": {"type": "Point", "coordinates": [55.0625, -41.3125]}, "properties": {"type": "anticyclone", "ssh_m": 0.4903, "zeta_s-1": 2.12e-05, "hemisphere": "S", "time": "2025-05-01T00:00:00.000000000"}}, {"type": "Feature", "geometry": {"type": "Point", "coordinates": [-168.9375, -50.3125]}, "properties": {"type": "anticyclone", "ssh_m": 0.4864, "zeta_s-1": 1.68e-05, "hemisphere": "S", "time": "2025-05-01T00:00:00.000000000"}}, {"type": "Feature", "geometry": {"type": "Point", "coordinates": [34.3125, -28.1875]}, "properties": {"type": "anticyclone", "ssh_m": 0.4798, "zeta_s-1": 2.29e-05, "hemisphere": "S", "time": "2025-05-01T00:00:00.000000000"}}, {"type": "Feature", "geometry": {"type": "Point", "coordinates": [82.6875, 13.1875]}, "properties": {"type": "anticyclone", "ssh_m": 0.4778, "zeta_s-1": -1e-05, "hemisphere": "N", "time": "2025-05-01T00:00:00.000000000"}}, {"type": "Feature", "geometry": {"type": "Point", "coordinates": [51.0625, -26.3125]}, "properties": {"type": "anticyclone", "ssh_m": 0.4763, "zeta_s-1": 1.52e-05, "hemisphere": "S", "time": "2025-05-01T00:00:00.000000000"}}, {"type": "Feature", "geometry": {"type": "Point", "coordinates": [138.3125, 33.1875]}, "properties": {"type": "anticyclone", "ssh_m": 0.4718, "zeta_s-1": -2.92e-05, "hemisphere": "N", "time": "2025-05-01T00:00:00.000000000"}}, {"type": "Feature", "geometry": {"type": "Point", "coordinates": [158.1875, 38.3125]}, "properties": {"type": "anticyclone", "ssh_m": 0.47, "zeta_s-1": -2.61e-05, "hemisphere": "N", "time": "2025-05-01T00:00:00.000000000"}}, {"type": "Feature", "geometry": {"type": "Point", "coordinates": [74.8125, -43.1875]}, "properties": {"type": "anticyclone", "ssh_m": 0.4696, "zeta_s-1": 1.2e-05, "hemisphere": "S", "time": "2025-05-01T00:00:00.000000000"}}, {"type": "Feature", "geometry": {"type": "Point", "coordinates": [26.1875, -47.8125]}, "properties": {"type": "anticyclone", "ssh_m": 0.4687, "zeta_s-1": 2.49e-05, "hemisphere": "S", "time": "2025-05-01T00:00:00.000000000"}}, {"type": "Feature", "geometry": {"type": "Point", "coordinates": [-93.4375, 23.5625]}, "properties": {"type": "anticyclone", "ssh_m": 0.4673, "zeta_s-1": -1.85e-05, "hemisphere": "N", "time": "2025-05-01T00:00:00.000000000"}}, {"type": "Feature", "geometry": {"type": "Point", "coordinates": [176.3125, -56.3125]}, "properties": {"type": "anticyclone", "ssh_m": 0.4666, "zeta_s-1": 4.5e-05, "hemisphere": "S", "time": "2025-05-01T00:00:00.000000000"}}, {"type": "Feature", "geometry": {"type": "Point", "coordinates": [85.8125, 17.0625]}, "properties": {"type": "anticyclone", "ssh_m": 0.4607, "zeta_s-1": -8.8e-06, "hemisphere": "N", "time": "2025-05-01T00:00:00.000000000"}}, {"type": "Feature", "geometry": {"type": "Point", "coordinates": [83.9375, -54.4375]}, "properties": {"type": "anticyclone", "ssh_m": 0.46, "zeta_s-1": 4.98e-05, "hemisphere": "S", "time": "2025-05-01T00:00:00.000000000"}}, {"type": "Feature", "geometry": {"type": "Point", "coordinates": [-67.5625, -59.9375]}, "properties": {"type": "anticyclone", "ssh_m": 0.4599, "zeta_s-1": 1.87e-05, "hemisphere": "S", "time": "2025-05-01T00:00:00.000000000"}}, {"type": "Feature", "geometry": {"type": "Point", "coordinates": [-35.9375, -48.6875]}, "properties": {"type": "anticyclone", "ssh_m": 0.4594, "zeta_s-1": 3.24e-05, "hemisphere": "S", "time": "2025-05-01T00:00:00.000000000"}}, {"type": "Feature", "geometry": {"type": "Point", "coordinates": [151.8125, 39.6875]}, "properties": {"type": "anticyclone", "ssh_m": 0.4569, "zeta_s-1": -3.05e-05, "hemisphere": "N", "time": "2025-05-01T00:00:00.000000000"}}, {"type": "Feature", "geometry": {"type": "Point", "coordinates": [-161.6875, -49.8125]}, "properties": {"type": "anticyclone", "ssh_m": 0.4548, "zeta_s-1": 1.16e-05, "hemisphere": "S", "time": "2025-05-01T00:00:00.000000000"}}, {"type": "Feature", "geometry": {"type": "Point", "coordinates": [-173.3125, -49.3125]}, "properties": {"type": "anticyclone", "ssh_m": 0.4514, "zeta_s-1": 1.18e-05, "hemisphere": "S", "time": "2025-05-01T00:00:00.000000000"}}, {"type": "Feature", "geometry": {"type": "Point", "coordinates": [34.3125, -50.4375]}, "properties": {"type": "anticyclone", "ssh_m": 0.4502, "zeta_s-1": 1.58e-05, "hemisphere": "S", "time": "2025-05-01T00:00:00.000000000"}}, {"type": "Feature", "geometry": {"type": "Point", "coordinates": [113.0625, -33.9375]}, "properties": {"type": "anticyclone", "ssh_m": 0.4496, "zeta_s-1": 2.77e-05, "hemisphere": "S", "time": "2025-05-01T00:00:00.000000000"}}, {"type": "Feature", "geometry": {"type": "Point", "coordinates": [145.1875, 41.9375]}, "properties": {"type": "anticyclone", "ssh_m": 0.4486, "zeta_s-1": -3.53e-05, "hemisphere": "N", "time": "2025-05-01T00:00:00.000000000"}}, {"type": "Feature", "geometry": {"type": "Point", "coordinates": [149.9375, -55.6875]}, "properties": {"type": "anticyclone", "ssh_m": 0.447, "zeta_s-1": 2.95e-05, "hemisphere": "S", "time": "2025-05-01T00:00:00.000000000"}}, {"type": "Feature", "geometry": {"type": "Point", "coordinates": [42.1875, -49.0625]}, "properties": {"type": "anticyclone", "ssh_m": 0.4469, "zeta_s-1": 1.96e-05, "hemisphere": "S", "time": "2025-05-01T00:00:00.000000000"}}, {"type": "Feature", "geometry": {"type": "Point", "coordinates": [130.0625, -49.9375]}, "properties": {"type": "anticyclone", "ssh_m": 0.4457, "zeta_s-1": 1.6e-05, "hemisphere": "S", "time": "2025-05-01T00:00:00.000000000"}}, {"type": "Feature", "geometry": {"type": "Point", "coordinates": [-31.0625, -41.6875]}, "properties": {"type": "anticyclone", "ssh_m": 0.4456, "zeta_s-1": 1.21e-05, "hemisphere": "S", "time": "2025-05-01T00:00:00.000000000"}}, {"type": "Feature", "geometry": {"type": "Point", "coordinates": [144.8125, -38.0625]}, "properties": {"type": "anticyclone", "ssh_m": 0.4449, "zeta_s-1": 3.45e-05, "hemisphere": "S", "time": "2025-05-01T00:00:00.000000000"}}, {"type": "Feature", "geometry": {"type": "Point", "coordinates": [124.6875, -48.8125]}, "properties": {"type": "anticyclone", "ssh_m": 0.4434, "zeta_s-1": 8.3e-06, "hemisphere": "S", "time": "2025-05-01T00:00:00.000000000"}}, {"type": "Feature", "geometry": {"type": "Point", "coordinates": [161.5625, -52.4375]}, "properties": {"type": "anticyclone", "ssh_m": 0.4398, "zeta_s-1": 1.24e-05, "hemisphere": "S", "time": "2025-05-01T00:00:00.000000000"}}, {"type": "Feature", "geometry": {"type": "Point", "coordinates": [65.1875, 20.0625]}, "properties": {"type": "anticyclone", "ssh_m": 0.438, "zeta_s-1": -1.29e-05, "hemisphere": "N", "time": "2025-05-01T00:00:00.000000000"}}, {"type": "Feature", "geometry": {"type": "Point", "coordinates": [146.9375, -50.0625]}, "properties": {"type": "anticyclone", "ssh_m": 0.4378, "zeta_s-1": 1.34e-05, "hemisphere": "S", "time": "2025-05-01T00:00:00.000000000"}}, {"type": "Feature", "geometry": {"type": "Point", "coordinates": [86.9375, -54.5625]}, "properties": {"type": "anticyclone", "ssh_m": 0.4334, "zeta_s-1": 4.25e-05, "hemisphere": "S", "time": "2025-05-01T00:00:00.000000000"}}, {"type": "Feature", "geometry": {"type": "Point", "coordinates": [-34.6875, -40.4375]}, "properties": {"type": "anticyclone", "ssh_m": 0.4324, "zeta_s-1": 2.11e-05, "hemisphere": "S", "time": "2025-05-01T00:00:00.000000000"}}, {"type": "Feature", "geometry": {"type": "Point", "coordinates": [-102.0625, 72.4375]}, "properties": {"type": "anticyclone", "ssh_m": 0.4294, "zeta_s-1": NaN, "hemisphere": "N", "time": "2025-05-01T00:00:00.000000000"}}, {"type": "Feature", "geometry": {"type": "Point", "coordinates": [79.1875, -45.3125]}, "properties": {"type": "anticyclone", "ssh_m": 0.4292, "zeta_s-1": 1.72e-05, "hemisphere": "S", "time": "2025-05-01T00:00:00.000000000"}}, {"type": "Feature", "geometry": {"type": "Point", "coordinates": [-176.6875, 36.4375]}, "properties": {"type": "anticyclone", "ssh_m": 0.4278, "zeta_s-1": -1.56e-05, "hemisphere": "N", "time": "2025-05-01T00:00:00.000000000"}}, {"type": "Feature", "geometry": {"type": "Point", "coordinates": [173.6875, -54.9375]}, "properties": {"type": "anticyclone", "ssh_m": 0.4264, "zeta_s-1": 1.67e-05, "hemisphere": "S", "time": "2025-05-01T00:00:00.000000000"}}, {"type": "Feature", "geometry": {"type": "Point", "coordinates": [-111.3125, 76.0625]}, "properties": {"type": "anticyclone", "ssh_m": 0.4259, "zeta_s-1": -5.5e-06, "hemisphere": "N", "time": "2025-05-01T00:00:00.000000000"}}, {"type": "Feature", "geometry": {"type": "Point", "coordinates": [-94.8125, 26.6875]}, "properties": {"type": "anticyclone", "ssh_m": 0.425, "zeta_s-1": -1.63e-05, "hemisphere": "N", "time": "2025-05-01T00:00:00.000000000"}}, {"type": "Feature", "geometry": {"type": "Point", "coordinates": [123.4375, -16.0625]}, "properties": {"type": "anticyclone", "ssh_m": 0.4224, "zeta_s-1": 3.64e-05, "hemisphere": "S", "time": "2025-05-01T00:00:00.000000000"}}, {"type": "Feature", "geometry": {"type": "Point", "coordinates": [58.9375, -36.9375]}, "properties": {"type": "anticyclone", "ssh_m": 0.4214, "zeta_s-1": 1.63e-05, "hemisphere": "S", "time": "2025-05-01T00:00:00.000000000"}}, {"type": "Feature", "geometry": {"type": "Point", "coordinates": [176.3125, 36.8125]}, "properties": {"type": "anticyclone", "ssh_m": 0.421, "zeta_s-1": -1.11e-05, "hemisphere": "N", "time": "2025-05-01T00:00:00.000000000"}}, {"type": "Feature", "geometry": {"type": "Point", "coordinates": [176.6875, -27.5625]}, "properties": {"type": "anticyclone", "ssh_m": 0.4208, "zeta_s-1": 1.44e-05, "hemisphere": "S", "time": "2025-05-01T00:00:00.000000000"}}, {"type": "Feature", "geometry": {"type": "Point", "coordinates": [164.9375, 40.3125]}, "properties": {"type": "anticyclone", "ssh_m": 0.4203, "zeta_s-1": -1.41e-05, "hemisphere": "N", "time": "2025-05-01T00:00:00.000000000"}}, {"type": "Feature", "geometry": {"type": "Point", "coordinates": [176.6875, 33.9375]}, "properties": {"type": "anticyclone", "ssh_m": 0.4199, "zeta_s-1": -1.27e-05, "hemisphere": "N", "time": "2025-05-01T00:00:00.000000000"}}, {"type": "Feature", "geometry": {"type": "Point", "coordinates": [-60.8125, 36.8125]}, "properties": {"type": "anticyclone", "ssh_m": 0.4157, "zeta_s-1": -2.89e-05, "hemisphere": "N", "time": "2025-05-01T00:00:00.000000000"}}, {"type": "Feature", "geometry": {"type": "Point", "coordinates": [163.0625, -55.0625]}, "properties": {"type": "anticyclone", "ssh_m": 0.4133, "zeta_s-1": 1.78e-05, "hemisphere": "S", "time": "2025-05-01T00:00:00.000000000"}}, {"type": "Feature", "geometry": {"type": "Point", "coordinates": [-45.0625, -39.6875]}, "properties": {"type": "anticyclone", "ssh_m": 0.4112, "zeta_s-1": 1.53e-05, "hemisphere": "S", "time": "2025-05-01T00:00:00.000000000"}}, {"type": "Feature", "geometry": {"type": "Point", "coordinates": [-63.0625, -58.1875]}, "properties": {"type": "anticyclone", "ssh_m": 0.4111, "zeta_s-1": 2.4e-05, "hemisphere": "S", "time": "2025-05-01T00:00:00.000000000"}}, {"type": "Feature", "geometry": {"type": "Point", "coordinates": [-127.9375, -57.9375]}, "properties": {"type": "anticyclone", "ssh_m": 0.4108, "zeta_s-1": 3.11e-05, "hemisphere": "S", "time": "2025-05-01T00:00:00.000000000"}}, {"type": "Feature", "geometry": {"type": "Point", "coordinates": [-86.1875, 25.6875]}, "properties": {"type": "anticyclone", "ssh_m": 0.4106, "zeta_s-1": -1.05e-05, "hemisphere": "N", "time": "2025-05-01T00:00:00.000000000"}}, {"type": "Feature", "geometry": {"type": "Point", "coordinates": [113.6875, -30.0625]}, "properties": {"type": "anticyclone", "ssh_m": 0.407, "zeta_s-1": 2.43e-05, "hemisphere": "S", "time": "2025-05-01T00:00:00.000000000"}}, {"type": "Feature", "geometry": {"type": "Point", "coordinates": [-52.3125, -51.6875]}, "properties": {"type": "anticyclone", "ssh_m": 0.4069, "zeta_s-1": 1.28e-05, "hemisphere": "S", "time": "2025-05-01T00:00:00.000000000"}}, {"type": "Feature", "geometry": {"type": "Point", "coordinates": [-44.8125, 42.0625]}, "properties": {"type": "anticyclone", "ssh_m": 0.4065, "zeta_s-1": -1.77e-05, "hemisphere": "N", "time": "2025-05-01T00:00:00.000000000"}}, {"type": "Feature", "geometry": {"type": "Point", "coordinates": [-173.5625, -52.0625]}, "properties": {"type": "anticyclone", "ssh_m": 0.4054, "zeta_s-1": 1.89e-05, "hemisphere": "S", "time": "2025-05-01T00:00:00.000000000"}}, {"type": "Feature", "geometry": {"type": "Point", "coordinates": [-73.3125, 36.3125]}, "properties": {"type": "anticyclone", "ssh_m": 0.4031, "zeta_s-1": -4.7e-05, "hemisphere": "N", "time": "2025-05-01T00:00:00.000000000"}}, {"type": "Feature", "geometry": {"type": "Point", "coordinates": [-142.0625, -55.0625]}, "properties": {"type": "anticyclone", "ssh_m": 0.403, "zeta_s-1": 1.47e-05, "hemisphere": "S", "time": "2025-05-01T00:00:00.000000000"}}, {"type": "Feature", "geometry": {"type": "Point", "coordinates": [-98.5625, 70.4375]}, "properties": {"type": "anticyclone", "ssh_m": 0.4021, "zeta_s-1": -5.4e-06, "hemisphere": "N", "time": "2025-05-01T00:00:00.000000000"}}, {"type": "Feature", "geometry": {"type": "Point", "coordinates": [-41.0625, 43.5625]}, "properties": {"type": "anticyclone", "ssh_m": 0.3986, "zeta_s-1": -2.65e-05, "hemisphere": "N", "time": "2025-05-01T00:00:00.000000000"}}, {"type": "Feature", "geometry": {"type": "Point", "coordinates": [117.9375, -49.3125]}, "properties": {"type": "anticyclone", "ssh_m": 0.3977, "zeta_s-1": 1.66e-05, "hemisphere": "S", "time": "2025-05-01T00:00:00.000000000"}}, {"type": "Feature", "geometry": {"type": "Point", "coordinates": [70.5625, -29.4375]}, "properties": {"type": "anticyclone", "ssh_m": 0.3974, "zeta_s-1": 1.23e-05, "hemisphere": "S", "time": "2025-05-01T00:00:00.000000000"}}, {"type": "Feature", "geometry": {"type": "Point", "coordinates": [55.1875, -25.5625]}, "properties": {"type": "anticyclone", "ssh_m": 0.3963, "zeta_s-1": 1.28e-05, "hemisphere": "S", "time": "2025-05-01T00:00:00.000000000"}}, {"type": "Feature", "geometry": {"type": "Point", "coordinates": [111.4375, -24.9375]}, "properties": {"type": "anticyclone", "ssh_m": 0.396, "zeta_s-1": 1.84e-05, "hemisphere": "S", "time": "2025-05-01T00:00:00.000000000"}}, {"type": "Feature", "geometry": {"type": "Point", "coordinates": [108.5625, -36.5625]}, "properties": {"type": "anticyclone", "ssh_m": 0.3956, "zeta_s-1": 1.44e-05, "hemisphere": "S", "time": "2025-05-01T00:00:00.000000000"}}, {"type": "Feature", "geometry": {"type": "Point", "coordinates": [159.9375, -27.9375]}, "properties": {"type": "anticyclone", "ssh_m": 0.3956, "zeta_s-1": 1.43e-05, "hemisphere": "S", "time": "2025-05-01T00:00:00.000000000"}}, {"type": "Feature", "geometry": {"type": "Point", "coordinates": [166.3125, -56.0625]}, "properties": {"type": "anticyclone", "ssh_m": 0.3955, "zeta_s-1": 1.57e-05, "hemisphere": "S", "time": "2025-05-01T00:00:00.000000000"}}, {"type": "Feature", "geometry": {"type": "Point", "coordinates": [28.8125, -32.5625]}, "properties": {"type": "anticyclone", "ssh_m": 0.394, "zeta_s-1": 2.44e-05, "hemisphere": "S", "time": "2025-05-01T00:00:00.000000000"}}, {"type": "Feature", "geometry": {"type": "Point", "coordinates": [-45.4375, -35.6875]}, "properties": {"type": "anticyclone", "ssh_m": 0.3934, "zeta_s-1": 1.02e-05, "hemisphere": "S", "time": "2025-05-01T00:00:00.000000000"}}, {"type": "Feature", "geometry": {"type": "Point", "coordinates": [113.1875, -25.5625]}, "properties": {"type": "anticyclone", "ssh_m": 0.393, "zeta_s-1": 1.48e-05, "hemisphere": "S", "time": "2025-05-01T00:00:00.000000000"}}, {"type": "Feature", "geometry": {"type": "Point", "coordinates": [150.8125, -44.6875]}, "properties": {"type": "anticyclone", "ssh_m": 0.3925, "zeta_s-1": 1.78e-05, "hemisphere": "S", "time": "2025-05-01T00:00:00.000000000"}}, {"type": "Feature", "geometry": {"type": "Point", "coordinates": [104.0625, -34.8125]}, "properties": {"type": "anticyclone", "ssh_m": 0.3921, "zeta_s-1": 2.84e-05, "hemisphere": "S", "time": "2025-05-01T00:00:00.000000000"}}, {"type": "Feature", "geometry": {"type": "Point", "coordinates": [163.5625, -27.0625]}, "properties": {"type": "anticyclone", "ssh_m": 0.3914, "zeta_s-1": 1.41e-05, "hemisphere": "S", "time": "2025-05-01T00:00:00.000000000"}}, {"type": "Feature", "geometry": {"type": "Point", "coordinates": [-17.9375, -45.6875]}, "properties": {"type": "anticyclone", "ssh_m": 0.3904, "zeta_s-1": 1.36e-05, "hemisphere": "S", "time": "2025-05-01T00:00:00.000000000"}}, {"type": "Feature", "geometry": {"type": "Point", "coordinates": [149.1875, 18.9375]}, "properties": {"type": "anticyclone", "ssh_m": 0.389, "zeta_s-1": -1.41e-05, "hemisphere": "N", "time": "2025-05-01T00:00:00.000000000"}}, {"type": "Feature", "geometry": {"type": "Point", "coordinates": [28.0625, -55.3125]}, "properties": {"type": "anticyclone", "ssh_m": 0.3883, "zeta_s-1": 3.1e-05, "hemisphere": "S", "time": "2025-05-01T00:00:00.000000000"}}, {"type": "Feature", "geometry": {"type": "Point", "coordinates": [55.1875, -44.8125]}, "properties": {"type": "anticyclone", "ssh_m": 0.3882, "zeta_s-1": 2.14e-05, "hemisphere": "S", "time": "2025-05-01T00:00:00.000000000"}}, {"type": "Feature", "geometry": {"type": "Point", "coordinates": [52.3125, -43.6875]}, "properties": {"type": "anticyclone", "ssh_m": 0.3875, "zeta_s-1": 1.68e-05, "hemisphere": "S", "time": "2025-05-01T00:00:00.000000000"}}, {"type": "Feature", "geometry": {"type": "Point", "coordinates": [-42.5625, 37.5625]}, "properties": {"type": "anticyclone", "ssh_m": 0.3847, "zeta_s-1": -1.9e-05, "hemisphere": "N", "time": "2025-05-01T00:00:00.000000000"}}, {"type": "Feature", "geometry": {"type": "Point", "coordinates": [39.6875, -47.1875]}, "properties": {"type": "anticyclone", "ssh_m": 0.3844, "zeta_s-1": 1.35e-05, "hemisphere": "S", "time": "2025-05-01T00:00:00.000000000"}}, {"type": "Feature", "geometry": {"type": "Point", "coordinates": [53.9375, -43.1875]}, "properties": {"type": "anticyclone", "ssh_m": 0.3838, "zeta_s-1": 1.87e-05, "hemisphere": "S", "time": "2025-05-01T00:00:00.000000000"}}, {"type": "Feature", "geometry": {"type": "Point", "coordinates": [119.6875, -35.5625]}, "properties": {"type": "anticyclone", "ssh_m": 0.3825, "zeta_s-1": 1.6e-05, "hemisphere": "S", "time": "2025-05-01T00:00:00.000000000"}}, {"type": "Feature", "geometry": {"type": "Point", "coordinates": [-51.8125, -36.6875]}, "properties": {"type": "anticyclone", "ssh_m": 0.3817, "zeta_s-1": 8.4e-06, "hemisphere": "S", "time": "2025-05-01T00:00:00.000000000"}}, {"type": "Feature", "geometry": {"type": "Point", "coordinates": [-52.3125, -38.3125]}, "properties": {"type": "anticyclone", "ssh_m": 0.3811, "zeta_s-1": 1.25e-05, "hemisphere": "S", "time": "2025-05-01T00:00:00.000000000"}}, {"type": "Feature", "geometry": {"type": "Point", "coordinates": [-171.6875, 36.6875]}, "properties": {"type": "anticyclone", "ssh_m": 0.3809, "zeta_s-1": -9.3e-06, "hemisphere": "N", "time": "2025-05-01T00:00:00.000000000"}}, {"type": "Feature", "geometry": {"type": "Point", "coordinates": [130.8125, 23.4375]}, "properties": {"type": "anticyclone", "ssh_m": 0.3804, "zeta_s-1": -1.4e-05, "hemisphere": "N", "time": "2025-05-01T00:00:00.000000000"}}, {"type": "Feature", "geometry": {"type": "Point", "coordinates": [102.6875, -51.1875]}, "properties": {"type": "anticyclone", "ssh_m": 0.3798, "zeta_s-1": 2.52e-05, "hemisphere": "S", "time": "2025-05-01T00:00:00.000000000"}}, {"type": "Feature", "geometry": {"type": "Point", "coordinates": [89.3125, 17.1875]}, "properties": {"type": "anticyclone", "ssh_m": 0.3791, "zeta_s-1": -1.38e-05, "hemisphere": "N", "time": "2025-05-01T00:00:00.000000000"}}, {"type": "Feature", "geometry": {"type": "Point", "coordinates": [156.6875, -9.6875]}, "properties": {"type": "anticyclone", "ssh_m": 0.379, "zeta_s-1": 1.11e-05, "hemisphere": "S", "time": "2025-05-01T00:00:00.000000000"}}, {"type": "Feature", "geometry": {"type": "Point", "coordinates": [-177.6875, -28.6875]}, "properties": {"type": "anticyclone", "ssh_m": 0.3776, "zeta_s-1": 1.85e-05, "hemisphere": "S", "time": "2025-05-01T00:00:00.000000000"}}, {"type": "Feature", "geometry": {"type": "Point", "coordinates": [120.3125, -47.5625]}, "properties": {"type": "anticyclone", "ssh_m": 0.3743, "zeta_s-1": 1.45e-05, "hemisphere": "S", "time": "2025-05-01T00:00:00.000000000"}}, {"type": "Feature", "geometry": {"type": "Point", "coordinates": [-42.3125, -48.9375]}, "properties": {"type": "anticyclone", "ssh_m": 0.3742, "zeta_s-1": 2.05e-05, "hemisphere": "S", "time": "2025-05-01T00:00:00.000000000"}}, {"type": "Feature", "geometry": {"type": "Point", "coordinates": [-174.9375, -24.4375]}, "properties": {"type": "anticyclone", "ssh_m": 0.372, "zeta_s-1": 1.07e-05, "hemisphere": "S", "time": "2025-05-01T00:00:00.000000000"}}, {"type": "Feature", "geometry": {"type": "Point", "coordinates": [86.3125, -45.0625]}, "properties": {"type": "anticyclone", "ssh_m": 0.3711, "zeta_s-1": 1.28e-05, "hemisphere": "S", "time": "2025-05-01T00:00:00.000000000"}}, {"type": "Feature", "geometry": {"type": "Point", "coordinates": [86.3125, -51.4375]}, "properties": {"type": "anticyclone", "ssh_m": 0.3707, "zeta_s-1": 2.04e-05, "hemisphere": "S", "time": "2025-05-01T00:00:00.000000000"}}, {"type": "Feature", "geometry": {"type": "Point", "coordinates": [63.4375, 9.1875]}, "properties": {"type": "anticyclone", "ssh_m": 0.3703, "zeta_s-1": -7.7e-06, "hemisphere": "N", "time": "2025-05-01T00:00:00.000000000"}}, {"type": "Feature", "geometry": {"type": "Point", "coordinates": [163.0625, -35.9375]}, "properties": {"type": "anticyclone", "ssh_m": 0.37, "zeta_s-1": 1.96e-05, "hemisphere": "S", "time": "2025-05-01T00:00:00.000000000"}}, {"type": "Feature", "geometry": {"type": "Point", "coordinates": [158.9375, -52.4375]}, "properties": {"type": "anticyclone", "ssh_m": 0.3693, "zeta_s-1": 8.6e-06, "hemisphere": "S", "time": "2025-05-01T00:00:00.000000000"}}, {"type": "Feature", "geometry": {"type": "Point", "coordinates": [98.9375, -31.6875]}, "properties": {"type": "anticyclone", "ssh_m": 0.3691, "zeta_s-1": 1.49e-05, "hemisphere": "S", "time": "2025-05-01T00:00:00.000000000"}}, {"type": "Feature", "geometry": {"type": "Point", "coordinates": [-170.0625, -47.1875]}, "properties": {"type": "anticyclone", "ssh_m": 0.3688, "zeta_s-1": 1.12e-05, "hemisphere": "S", "time": "2025-05-01T00:00:00.000000000"}}, {"type": "Feature", "geometry": {"type": "Point", "coordinates": [-91.9375, -57.5625]}, "properties": {"type": "anticyclone", "ssh_m": 0.367, "zeta_s-1": 1.03e-05, "hemisphere": "S", "time": "2025-05-01T00:00:00.000000000"}}, {"type": "Feature", "geometry": {"type": "Point", "coordinates": [62.3125, 23.1875]}, "properties": {"type": "anticyclone", "ssh_m": 0.3669, "zeta_s-1": -1.12e-05, "hemisphere": "N", "time": "2025-05-01T00:00:00.000000000"}}, {"type": "Feature", "geometry": {"type": "Point", "coordinates": [108.1875, -33.8125]}, "properties": {"type": "anticyclone", "ssh_m": 0.3659, "zeta_s-1": 1.85e-05, "hemisphere": "S", "time": "2025-05-01T00:00:00.000000000"}}, {"type": "Feature", "geometry": {"type": "Point", "coordinates": [110.4375, -28.3125]}, "properties": {"type": "anticyclone", "ssh_m": 0.3645, "zeta_s-1": 1.83e-05, "hemisphere": "S", "time": "2025-05-01T00:00:00.000000000"}}, {"type": "Feature", "geometry": {"type": "Point", "coordinates": [9.5625, -32.1875]}, "properties": {"type": "anticyclone", "ssh_m": 0.3633, "zeta_s-1": 1.22e-05, "hemisphere": "S", "time": "2025-05-01T00:00:00.000000000"}}, {"type": "Feature", "geometry": {"type": "Point", "coordinates": [49.3125, -51.8125]}, "properties": {"type": "anticyclone", "ssh_m": 0.3629, "zeta_s-1": 1.06e-05, "hemisphere": "S", "time": "2025-05-01T00:00:00.000000000"}}, {"type": "Feature", "geometry": {"type": "Point", "coordinates": [-118.6875, 10.5625]}, "properties": {"type": "anticyclone", "ssh_m": 0.362, "zeta_s-1": -7.8e-06, "hemisphere": "N", "time": "2025-05-01T00:00:00.000000000"}}, {"type": "Feature", "geometry": {"type": "Point", "coordinates": [-59.0625, -57.8125]}, "properties": {"type": "anticyclone", "ssh_m": 0.3613, "zeta_s-1": 1.82e-05, "hemisphere": "S", "time": "2025-05-01T00:00:00.000000000"}}, {"type": "Feature", "geometry": {"type": "Point", "coordinates": [-97.1875, 9.1875]}, "properties": {"type": "anticyclone", "ssh_m": 0.3594, "zeta_s-1": -1.22e-05, "hemisphere": "N", "time": "2025-05-01T00:00:00.000000000"}}, {"type": "Feature", "geometry": {"type": "Point", "coordinates": [124.5625, -52.0625]}, "properties": {"type": "anticyclone", "ssh_m": 0.3591, "zeta_s-1": 1.62e-05, "hemisphere": "S", "time": "2025-05-01T00:00:00.000000000"}}, {"type": "Feature", "geometry": {"type": "Point", "coordinates": [97.5625, -27.0625]}, "properties": {"type": "anticyclone", "ssh_m": 0.3582, "zeta_s-1": 1.11e-05, "hemisphere": "S", "time": "2025-05-01T00:00:00.000000000"}}, {"type": "Feature", "geometry": {"type": "Point", "coordinates": [156.6875, -27.1875]}, "properties": {"type": "anticyclone", "ssh_m": 0.3559, "zeta_s-1": 2.61e-05, "hemisphere": "S", "time": "2025-05-01T00:00:00.000000000"}}, {"type": "Feature", "geometry": {"type": "Point", "coordinates": [113.0625, -27.8125]}, "properties": {"type": "anticyclone", "ssh_m": 0.3541, "zeta_s-1": 1.69e-05, "hemisphere": "S", "time": "2025-05-01T00:00:00.000000000"}}, {"type": "Feature", "geometry": {"type": "Point", "coordinates": [53.6875, 15.5625]}, "properties": {"type": "anticyclone", "ssh_m": 0.3535, "zeta_s-1": -1.07e-05, "hemisphere": "N", "time": "2025-05-01T00:00:00.000000000"}}, {"type": "Feature", "geometry": {"type": "Point", "coordinates": [142.6875, -9.3125]}, "properties": {"type": "anticyclone", "ssh_m": 0.3521, "zeta_s-1": NaN, "hemisphere": "S", "time": "2025-05-01T00:00:00.000000000"}}, {"type": "Feature", "geometry": {"type": "Point", "coordinates": [153.0625, -7.1875]}, "properties": {"type": "anticyclone", "ssh_m": 0.3519, "zeta_s-1": NaN, "hemisphere": "S", "time": "2025-05-01T00:00:00.000000000"}}, {"type": "Feature", "geometry": {"type": "Point", "coordinates": [-142.5625, -51.8125]}, "properties": {"type": "anticyclone", "ssh_m": 0.3515, "zeta_s-1": 1.16e-05, "hemisphere": "S", "time": "2025-05-01T00:00:00.000000000"}}, {"type": "Feature", "geometry": {"type": "Point", "coordinates": [29.8125, -50.6875]}, "properties": {"type": "anticyclone", "ssh_m": 0.3514, "zeta_s-1": 1.41e-05, "hemisphere": "S", "time": "2025-05-01T00:00:00.000000000"}}, {"type": "Feature", "geometry": {"type": "Point", "coordinates": [81.3125, -42.9375]}, "properties": {"type": "anticyclone", "ssh_m": 0.3514, "zeta_s-1": 1.07e-05, "hemisphere": "S", "time": "2025-05-01T00:00:00.000000000"}}, {"type": "Feature", "geometry": {"type": "Point", "coordinates": [-85.9375, -58.8125]}, "properties": {"type": "anticyclone", "ssh_m": 0.3507, "zeta_s-1": 2.03e-05, "hemisphere": "S", "time": "2025-05-01T00:00:00.000000000"}}, {"type": "Feature", "geometry": {"type": "Point", "coordinates": [103.1875, -31.5625]}, "properties": {"type": "anticyclone", "ssh_m": 0.3506, "zeta_s-1": 2.28e-05, "hemisphere": "S", "time": "2025-05-01T00:00:00.000000000"}}, {"type": "Feature", "geometry": {"type": "Point", "coordinates": [141.9375, -50.8125]}, "properties": {"type": "anticyclone", "ssh_m": 0.3501, "zeta_s-1": 1.11e-05, "hemisphere": "S", "time": "2025-05-01T00:00:00.000000000"}}, {"type": "Feature", "geometry": {"type": "Point", "coordinates": [-165.8125, -26.3125]}, "properties": {"type": "anticyclone", "ssh_m": 0.35, "zeta_s-1": 9.4e-06, "hemisphere": "S", "time": "2025-05-01T00:00:00.000000000"}}, {"type": "Feature", "geometry": {"type": "Point", "coordinates": [31.0625, -55.9375]}, "properties": {"type": "anticyclone", "ssh_m": 0.3492, "zeta_s-1": 1.65e-05, "hemisphere": "S", "time": "2025-05-01T00:00:00.000000000"}}, {"type": "Feature", "geometry": {"type": "Point", "coordinates": [45.0625, -10.5625]}, "properties": {"type": "anticyclone", "ssh_m": 0.3485, "zeta_s-1": 1.24e-05, "hemisphere": "S", "time": "2025-05-01T00:00:00.000000000"}}, {"type": "Feature", "geometry": {"type": "Point", "coordinates": [-3.6875, -27.0625]}, "properties": {"type": "anticyclone", "ssh_m": 0.3479, "zeta_s-1": 1.1e-05, "hemisphere": "S", "time": "2025-05-01T00:00:00.000000000"}}, {"type": "Feature", "geometry": {"type": "Point", "coordinates": [140.8125, 17.4375]}, "properties": {"type": "anticyclone", "ssh_m": 0.3479, "zeta_s-1": -1.32e-05, "hemisphere": "N", "time": "2025-05-01T00:00:00.000000000"}}, {"type": "Feature", "geometry": {"type": "Point", "coordinates": [-101.0625, 11.0625]}, "properties": {"type": "anticyclone", "ssh_m": 0.3466, "zeta_s-1": -1.3e-05, "hemisphere": "N", "time": "2025-05-01T00:00:00.000000000"}}, {"type": "Feature", "geometry": {"type": "Point", "coordinates": [-57.3125, 10.9375]}, "properties": {"type": "anticyclone", "ssh_m": 0.3465, "zeta_s-1": -6.7e-06, "hemisphere": "N", "time": "2025-05-01T00:00:00.000000000"}}, {"type": "Feature", "geometry": {"type": "Point", "coordinates": [41.8125, -36.6875]}, "properties": {"type": "anticyclone", "ssh_m": 0.3456, "zeta_s-1": 1.1e-05, "hemisphere": "S", "time": "2025-05-01T00:00:00.000000000"}}, {"type": "Feature", "geometry": {"type": "Point", "coordinates": [164.1875, -58.8125]}, "properties": {"type": "anticyclone", "ssh_m": 0.3452, "zeta_s-1": 1.72e-05, "hemisphere": "S", "time": "2025-05-01T00:00:00.000000000"}}, {"type": "Feature", "geometry": {"type": "Point", "coordinates": [163.5625, 49.0625]}, "properties": {"type": "anticyclone", "ssh_m": 0.3448, "zeta_s-1": -1.14e-05, "hemisphere": "N", "time": "2025-05-01T00:00:00.000000000"}}, {"type": "Feature", "geometry": {"type": "Point", "coordinates": [138.1875, 14.6875]}, "properties": {"type": "anticyclone", "ssh_m": 0.3442, "zeta_s-1": -7.8e-06, "hemisphere": "N", "time": "2025-05-01T00:00:00.000000000"}}, {"type": "Feature", "geometry": {"type": "Point", "coordinates": [93.3125, -26.8125]}, "properties": {"type": "anticyclone", "ssh_m": 0.3421, "zeta_s-1": 9.8e-06, "hemisphere": "S", "time": "2025-05-01T00:00:00.000000000"}}, {"type": "Feature", "geometry": {"type": "Point", "coordinates": [169.4375, -29.0625]}, "properties": {"type": "anticyclone", "ssh_m": 0.3419, "zeta_s-1": 6.6e-06, "hemisphere": "S", "time": "2025-05-01T00:00:00.000000000"}}, {"type": "Feature", "geometry": {"type": "Point", "coordinates": [42.6875, -14.3125]}, "properties": {"type": "anticyclone", "ssh_m": 0.3408, "zeta_s-1": 1.2e-05, "hemisphere": "S", "time": "2025-05-01T00:00:00.000000000"}}, {"type": "Feature", "geometry": {"type": "Point", "coordinates": [78.4375, -41.1875]}, "properties": {"type": "anticyclone", "ssh_m": 0.3404, "zeta_s-1": 1.35e-05, "hemisphere": "S", "time": "2025-05-01T00:00:00.000000000"}}, {"type": "Feature", "geometry": {"type": "Point", "coordinates": [-48.9375, -34.5625]}, "properties": {"type": "anticyclone", "ssh_m": 0.3404, "zeta_s-1": 1.07e-05, "hemisphere": "S", "time": "2025-05-01T00:00:00.000000000"}}, {"type": "Feature", "geometry": {"type": "Point", "coordinates": [117.0625, -35.4375]}, "properties": {"type": "anticyclone", "ssh_m": 0.3392, "zeta_s-1": 1.21e-05, "hemisphere": "S", "time": "2025-05-01T00:00:00.000000000"}}, {"type": "Feature", "geometry": {"type": "Point", "coordinates": [135.6875, -42.5625]}, "properties": {"type": "anticyclone", "ssh_m": 0.3387, "zeta_s-1": 1.65e-05, "hemisphere": "S", "time": "2025-05-01T00:00:00.000000000"}}, {"type": "Feature", "geometry": {"type": "Point", "coordinates": [-151.5625, -53.3125]}, "properties": {"type": "anticyclone", "ssh_m": 0.3378, "zeta_s-1": 1.37e-05, "hemisphere": "S", "time": "2025-05-01T00:00:00.000000000"}}, {"type": "Feature", "geometry": {"type": "Point", "coordinates": [107.0625, -26.0625]}, "properties": {"type": "anticyclone", "ssh_m": 0.3372, "zeta_s-1": 1.07e-05, "hemisphere": "S", "time": "2025-05-01T00:00:00.000000000"}}, {"type": "Feature", "geometry": {"type": "Point", "coordinates": [158.1875, 48.9375]}, "properties": {"type": "anticyclone", "ssh_m": 0.336, "zeta_s-1": -2.47e-05, "hemisphere": "N", "time": "2025-05-01T00:00:00.000000000"}}, {"type": "Feature", "geometry": {"type": "Point", "coordinates": [82.6875, -52.6875]}, "properties": {"type": "anticyclone", "ssh_m": 0.3358, "zeta_s-1": 2.84e-05, "hemisphere": "S", "time": "2025-05-01T00:00:00.000000000"}}, {"type": "Feature", "geometry": {"type": "Point", "coordinates": [88.9375, -48.9375]}, "properties": {"type": "anticyclone", "ssh_m": 0.3351, "zeta_s-1": 1.53e-05, "hemisphere": "S", "time": "2025-05-01T00:00:00.000000000"}}, {"type": "Feature", "geometry": {"type": "Point", "coordinates": [169.9375, -59.9375]}, "properties": {"type": "anticyclone", "ssh_m": 0.3348, "zeta_s-1": 4.22e-05, "hemisphere": "S", "time": "2025-05-01T00:00:00.000000000"}}, {"type": "Feature", "geometry": {"type": "Point", "coordinates": [121.3125, -16.9375]}, "properties": {"type": "anticyclone", "ssh_m": 0.3345, "zeta_s-1": 1.49e-05, "hemisphere": "S", "time": "2025-05-01T00:00:00.000000000"}}, {"type": "Feature", "geometry": {"type": "Point", "coordinates": [171.1875, -30.6875]}, "properties": {"type": "anticyclone", "ssh_m": 0.3344, "zeta_s-1": 8e-06, "hemisphere": "S", "time": "2025-05-01T00:00:00.000000000"}}, {"type": "Feature", "geometry": {"type": "Point", "coordinates": [174.6875, 41.0625]}, "properties": {"type": "anticyclone", "ssh_m": 0.3342, "zeta_s-1": -1.26e-05, "hemisphere": "N", "time": "2025-05-01T00:00:00.000000000"}}, {"type": "Feature", "geometry": {"type": "Point", "coordinates": [173.5625, 50.9375]}, "properties": {"type": "anticyclone", "ssh_m": 0.3341, "zeta_s-1": -8.3e-06, "hemisphere": "N", "time": "2025-05-01T00:00:00.000000000"}}, {"type": "Feature", "geometry": {"type": "Point", "coordinates": [135.0625, 18.6875]}, "properties": {"type": "anticyclone", "ssh_m": 0.334, "zeta_s-1": -1.51e-05, "hemisphere": "N", "time": "2025-05-01T00:00:00.000000000"}}, {"type": "Feature", "geometry": {"type": "Point", "coordinates": [133.9375, -52.3125]}, "properties": {"type": "anticyclone", "ssh_m": 0.333, "zeta_s-1": 1.58e-05, "hemisphere": "S", "time": "2025-05-01T00:00:00.000000000"}}, {"type": "Feature", "geometry": {"type": "Point", "coordinates": [-168.8125, -33.4375]}, "properties": {"type": "anticyclone", "ssh_m": 0.3328, "zeta_s-1": 7.8e-06, "hemisphere": "S", "time": "2025-05-01T00:00:00.000000000"}}, {"type": "Feature", "geometry": {"type": "Point", "coordinates": [91.8125, -44.8125]}, "properties": {"type": "anticyclone", "ssh_m": 0.332, "zeta_s-1": 1.24e-05, "hemisphere": "S", "time": "2025-05-01T00:00:00.000000000"}}, {"type": "Feature", "geometry": {"type": "Point", "coordinates": [150.9375, -50.5625]}, "properties": {"type": "anticyclone", "ssh_m": 0.3305, "zeta_s-1": 1.16e-05, "hemisphere": "S", "time": "2025-05-01T00:00:00.000000000"}}, {"type": "Feature", "geometry": {"type": "Point", "coordinates": [-7.1875, -27.1875]}, "properties": {"type": "anticyclone", "ssh_m": 0.3298, "zeta_s-1": 7.5e-06, "hemisphere": "S", "time": "2025-05-01T00:00:00.000000000"}}, {"type": "Feature", "geometry": {"type": "Point", "coordinates": [-43.8125, 34.5625]}, "properties": {"type": "anticyclone", "ssh_m": 0.329, "zeta_s-1": -1.72e-05, "hemisphere": "N", "time": "2025-05-01T00:00:00.000000000"}}, {"type": "Feature", "geometry": {"type": "Point", "coordinates": [-34.8125, 41.5625]}, "properties": {"type": "anticyclone", "ssh_m": 0.329, "zeta_s-1": -1.57e-05, "hemisphere": "N", "time": "2025-05-01T00:00:00.000000000"}}, {"type": "Feature", "geometry": {"type": "Point", "coordinates": [-21.8125, -51.6875]}, "properties": {"type": "anticyclone", "ssh_m": 0.3282, "zeta_s-1": 1.08e-05, "hemisphere": "S", "time": "2025-05-01T00:00:00.000000000"}}, {"type": "Feature", "geometry": {"type": "Point", "coordinates": [57.8125, -45.8125]}, "properties": {"type": "anticyclone", "ssh_m": 0.328, "zeta_s-1": 1.02e-05, "hemisphere": "S", "time": "2025-05-01T00:00:00.000000000"}}, {"type": "Feature", "geometry": {"type": "Point", "coordinates": [126.5625, 13.6875]}, "properties": {"type": "anticyclone", "ssh_m": 0.3275, "zeta_s-1": -1.02e-05, "hemisphere": "N", "time": "2025-05-01T00:00:00.000000000"}}, {"type": "Feature", "geometry": {"type": "Point", "coordinates": [166.6875, -8.9375]}, "properties": {"type": "anticyclone", "ssh_m": 0.327, "zeta_s-1": 6.4e-06, "hemisphere": "S", "time": "2025-05-01T00:00:00.000000000"}}, {"type": "Feature", "geometry": {"type": "Point", "coordinates": [-54.4375, -38.5625]}, "properties": {"type": "anticyclone", "ssh_m": 0.3269, "zeta_s-1": 2.6e-05, "hemisphere": "S", "time": "2025-05-01T00:00:00.000000000"}}, {"type": "Feature", "geometry": {"type": "Point", "coordinates": [77.6875, -49.0625]}, "properties": {"type": "anticyclone", "ssh_m": 0.326, "zeta_s-1": 2.2e-05, "hemisphere": "S", "time": "2025-05-01T00:00:00.000000000"}}, {"type": "Feature", "geometry": {"type": "Point", "coordinates": [45.8125, -35.1875]}, "properties": {"type": "anticyclone", "ssh_m": 0.3259, "zeta_s-1": 1.38e-05, "hemisphere": "S", "time": "2025-05-01T00:00:00.000000000"}}, {"type": "Feature", "geometry": {"type": "Point", "coordinates": [133.6875, 15.3125]}, "properties": {"type": "anticyclone", "ssh_m": 0.3259, "zeta_s-1": -1.44e-05, "hemisphere": "N", "time": "2025-05-01T00:00:00.000000000"}}, {"type": "Feature", "geometry": {"type": "Point", "coordinates": [111.8125, -47.9375]}, "properties": {"type": "anticyclone", "ssh_m": 0.3251, "zeta_s-1": 1.66e-05, "hemisphere": "S", "time": "2025-05-01T00:00:00.000000000"}}, {"type": "Feature", "geometry": {"type": "Point", "coordinates": [56.1875, 14.4375]}, "properties": {"type": "anticyclone", "ssh_m": 0.3251, "zeta_s-1": -1.16e-05, "hemisphere": "N", "time": "2025-05-01T00:00:00.000000000"}}, {"type": "Feature", "geometry": {"type": "Point", "coordinates": [29.8125, -53.8125]}, "properties": {"type": "anticyclone", "ssh_m": 0.3245, "zeta_s-1": 3.02e-05, "hemisphere": "S", "time": "2025-05-01T00:00:00.000000000"}}, {"type": "Feature", "geometry": {"type": "Point", "coordinates": [99.6875, -9.0625]}, "properties": {"type": "anticyclone", "ssh_m": 0.3245, "zeta_s-1": 6.4e-06, "hemisphere": "S", "time": "2025-05-01T00:00:00.000000000"}}, {"type": "Feature", "geometry": {"type": "Point", "coordinates": [166.8125, -31.6875]}, "properties": {"type": "anticyclone", "ssh_m": 0.3243, "zeta_s-1": 1.59e-05, "hemisphere": "S", "time": "2025-05-01T00:00:00.000000000"}}, {"type": "Feature", "geometry": {"type": "Point", "coordinates": [152.9375, 19.9375]}, "properties": {"type": "anticyclone", "ssh_m": 0.3239, "zeta_s-1": -6.5e-06, "hemisphere": "N", "time": "2025-05-01T00:00:00.000000000"}}, {"type": "Feature", "geometry": {"type": "Point", "coordinates": [-27.1875, -53.1875]}, "properties": {"type": "anticyclone", "ssh_m": 0.3238, "zeta_s-1": 1.76e-05, "hemisphere": "S", "time": "2025-05-01T00:00:00.000000000"}}, {"type": "Feature", "geometry": {"type": "Point", "coordinates": [142.5625, 10.9375]}, "properties": {"type": "anticyclone", "ssh_m": 0.3238, "zeta_s-1": -5.2e-06, "hemisphere": "N", "time": "2025-05-01T00:00:00.000000000"}}, {"type": "Feature", "geometry": {"type": "Point", "coordinates": [51.9375, 6.3125]}, "properties": {"type": "anticyclone", "ssh_m": 0.3237, "zeta_s-1": NaN, "hemisphere": "N", "time": "2025-05-01T00:00:00.000000000"}}, {"type": "Feature", "geometry": {"type": "Point", "coordinates": [112.6875, 18.0625]}, "properties": {"type": "anticyclone", "ssh_m": 0.3237, "zeta_s-1": -1.92e-05, "hemisphere": "N", "time": "2025-05-01T00:00:00.000000000"}}, {"type": "Feature", "geometry": {"type": "Point", "coordinates": [-172.1875, -24.0625]}, "properties": {"type": "anticyclone", "ssh_m": 0.3233, "zeta_s-1": 8.3e-06, "hemisphere": "S", "time": "2025-05-01T00:00:00.000000000"}}, {"type": "Feature", "geometry": {"type": "Point", "coordinates": [133.6875, 13.4375]}, "properties": {"type": "anticyclone", "ssh_m": 0.3233, "zeta_s-1": -7.5e-06, "hemisphere": "N", "time": "2025-05-01T00:00:00.000000000"}}, {"type": "Feature", "geometry": {"type": "Point", "coordinates": [26.5625, -43.4375]}, "properties": {"type": "anticyclone", "ssh_m": 0.3231, "zeta_s-1": 1.87e-05, "hemisphere": "S", "time": "2025-05-01T00:00:00.000000000"}}, {"type": "Feature", "geometry": {"type": "Point", "coordinates": [122.5625, -36.4375]}, "properties": {"type": "anticyclone", "ssh_m": 0.3222, "zeta_s-1": 1.2e-05, "hemisphere": "S", "time": "2025-05-01T00:00:00.000000000"}}, {"type": "Feature", "geometry": {"type": "Point", "coordinates": [-147.0625, 58.6875]}, "properties": {"type": "anticyclone", "ssh_m": 0.3222, "zeta_s-1": -3.39e-05, "hemisphere": "N", "time": "2025-05-01T00:00:00.000000000"}}, {"type": "Feature", "geometry": {"type": "Point", "coordinates": [14.0625, -32.8125]}, "properties": {"type": "anticyclone", "ssh_m": 0.322, "zeta_s-1": 1.63e-05, "hemisphere": "S", "time": "2025-05-01T00:00:00.000000000"}}, {"type": "Feature", "geometry": {"type": "Point", "coordinates": [176.9375, 25.6875]}, "properties": {"type": "anticyclone", "ssh_m": 0.322, "zeta_s-1": -1.69e-05, "hemisphere": "N", "time": "2025-05-01T00:00:00.000000000"}}, {"type": "Feature", "geometry": {"type": "Point", "coordinates": [-165.1875, -51.4375]}, "properties": {"type": "anticyclone", "ssh_m": 0.3205, "zeta_s-1": 1.39e-05, "hemisphere": "S", "time": "2025-05-01T00:00:00.000000000"}}, {"type": "Feature", "geometry": {"type": "Point", "coordinates": [131.3125, 15.0625]}, "properties": {"type": "anticyclone", "ssh_m": 0.3202, "zeta_s-1": -1.47e-05, "hemisphere": "N", "time": "2025-05-01T00:00:00.000000000"}}, {"type": "Feature", "geometry": {"type": "Point", "coordinates": [-37.8125, -71.0625]}, "properties": {"type": "anticyclone", "ssh_m": 0.3194, "zeta_s-1": 8.9e-06, "hemisphere": "S", "time": "2025-05-01T00:00:00.000000000"}}, {"type": "Feature", "geometry": {"type": "Point", "coordinates": [96.0625, -50.8125]}, "properties": {"type": "anticyclone", "ssh_m": 0.3187, "zeta_s-1": 2.79e-05, "hemisphere": "S", "time": "2025-05-01T00:00:00.000000000"}}, {"type": "Feature", "geometry": {"type": "Point", "coordinates": [-23.5625, -32.5625]}, "properties": {"type": "anticyclone", "ssh_m": 0.3186, "zeta_s-1": 7e-06, "hemisphere": "S", "time": "2025-05-01T00:00:00.000000000"}}, {"type": "Feature", "geometry": {"type": "Point", "coordinates": [137.4375, 10.9375]}, "properties": {"type": "anticyclone", "ssh_m": 0.3184, "zeta_s-1": -4.7e-06, "hemisphere": "N", "time": "2025-05-01T00:00:00.000000000"}}, {"type": "Feature", "geometry": {"type": "Point", "coordinates": [10.8125, -42.9375]}, "properties": {"type": "anticyclone", "ssh_m": 0.318, "zeta_s-1": 1.62e-05, "hemisphere": "S", "time": "2025-05-01T00:00:00.000000000"}}, {"type": "Feature", "geometry": {"type": "Point", "coordinates": [148.0625, 16.4375]}, "properties": {"type": "anticyclone", "ssh_m": 0.318, "zeta_s-1": -7.6e-06, "hemisphere": "N", "time": "2025-05-01T00:00:00.000000000"}}, {"type": "Feature", "geometry": {"type": "Point", "coordinates": [-123.0625, -62.1875]}, "properties": {"type": "anticyclone", "ssh_m": 0.3179, "zeta_s-1": 3.77e-05, "hemisphere": "S", "time": "2025-05-01T00:00:00.000000000"}}, {"type": "Feature", "geometry": {"type": "Point", "coordinates": [86.8125, -28.8125]}, "properties": {"type": "anticyclone", "ssh_m": 0.3177, "zeta_s-1": 1.35e-05, "hemisphere": "S", "time": "2025-05-01T00:00:00.000000000"}}, {"type": "Feature", "geometry": {"type": "Point", "coordinates": [74.9375, -24.3125]}, "properties": {"type": "anticyclone", "ssh_m": 0.3172, "zeta_s-1": 8.5e-06, "hemisphere": "S", "time": "2025-05-01T00:00:00.000000000"}}, {"type": "Feature", "geometry": {"type": "Point", "coordinates": [144.1875, 9.0625]}, "properties": {"type": "anticyclone", "ssh_m": 0.3168, "zeta_s-1": -3.4e-06, "hemisphere": "N", "time": "2025-05-01T00:00:00.000000000"}}, {"type": "Feature", "geometry": {"type": "Point", "coordinates": [106.5625, -10.0625]}, "properties": {"type": "anticyclone", "ssh_m": 0.3163, "zeta_s-1": 1.26e-05, "hemisphere": "S", "time": "2025-05-01T00:00:00.000000000"}}, {"type": "Feature", "geometry": {"type": "Point", "coordinates": [-178.0625, 20.4375]}, "properties": {"type": "anticyclone", "ssh_m": 0.316, "zeta_s-1": -1.3e-05, "hemisphere": "N", "time": "2025-05-01T00:00:00.000000000"}}, {"type": "Feature", "geometry": {"type": "Point", "coordinates": [-178.6875, -42.1875]}, "properties": {"type": "anticyclone", "ssh_m": 0.3157, "zeta_s-1": 1.5e-05, "hemisphere": "S", "time": "2025-05-01T00:00:00.000000000"}}, {"type": "Feature", "geometry": {"type": "Point", "coordinates": [-43.9375, -27.0625]}, "properties": {"type": "anticyclone", "ssh_m": 0.3157, "zeta_s-1": 1.99e-05, "hemisphere": "S", "time": "2025-05-01T00:00:00.000000000"}}, {"type": "Feature", "geometry": {"type": "Point", "coordinates": [131.0625, 13.4375]}, "properties": {"type": "anticyclone", "ssh_m": 0.3155, "zeta_s-1": -4.6e-06, "hemisphere": "N", "time": "2025-05-01T00:00:00.000000000"}}, {"type": "Feature", "geometry": {"type": "Point", "coordinates": [-49.4375, 0.6875]}, "properties": {"type": "anticyclone", "ssh_m": 0.3151, "zeta_s-1": NaN, "hemisphere": "N", "time": "2025-05-01T00:00:00.000000000"}}, {"type": "Feature", "geometry": {"type": "Point", "coordinates": [-128.5625, -47.6875]}, "properties": {"type": "anticyclone", "ssh_m": 0.3149, "zeta_s-1": 5.9e-06, "hemisphere": "S", "time": "2025-05-01T00:00:00.000000000"}}, {"type": "Feature", "geometry": {"type": "Point", "coordinates": [-106.8125, 11.3125]}, "properties": {"type": "anticyclone", "ssh_m": 0.3148, "zeta_s-1": -1.15e-05, "hemisphere": "N", "time": "2025-05-01T00:00:00.000000000"}}, {"type": "Feature", "geometry": {"type": "Point", "coordinates": [-77.0625, 32.8125]}, "properties": {"type": "anticyclone", "ssh_m": 0.3142, "zeta_s-1": -3.72e-05, "hemisphere": "N", "time": "2025-05-01T00:00:00.000000000"}}, {"type": "Feature", "geometry": {"type": "Point", "coordinates": [62.3125, -58.3125]}, "properties": {"type": "anticyclone", "ssh_m": 0.3141, "zeta_s-1": 2.08e-05, "hemisphere": "S", "time": "2025-05-01T00:00:00.000000000"}}, {"type": "Feature", "geometry": {"type": "Point", "coordinates": [-45.4375, -30.5625]}, "properties": {"type": "anticyclone", "ssh_m": 0.314, "zeta_s-1": 1.16e-05, "hemisphere": "S", "time": "2025-05-01T00:00:00.000000000"}}, {"type": "Feature", "geometry": {"type": "Point", "coordinates": [-155.3125, -45.0625]}, "properties": {"type": "anticyclone", "ssh_m": 0.3139, "zeta_s-1": 9.3e-06, "hemisphere": "S", "time": "2025-05-01T00:00:00.000000000"}}, {"type": "Feature", "geometry": {"type": "Point", "coordinates": [85.9375, -30.9375]}, "properties": {"type": "anticyclone", "ssh_m": 0.3138, "zeta_s-1": 1.24e-05, "hemisphere": "S", "time": "2025-05-01T00:00:00.000000000"}}, {"type": "Feature", "geometry": {"type": "Point", "coordinates": [170.4375, -22.0625]}, "properties": {"type": "anticyclone", "ssh_m": 0.3132, "zeta_s-1": 8.7e-06, "hemisphere": "S", "time": "2025-05-01T00:00:00.000000000"}}, {"type": "Feature", "geometry": {"type": "Point", "coordinates": [-32.9375, -33.5625]}, "properties": {"type": "anticyclone", "ssh_m": 0.3131, "zeta_s-1": 1.3e-05, "hemisphere": "S", "time": "2025-05-01T00:00:00.000000000"}}, {"type": "Feature", "geometry": {"type": "Point", "coordinates": [2.8125, -36.3125]}, "properties": {"type": "anticyclone", "ssh_m": 0.313, "zeta_s-1": 1e-05, "hemisphere": "S", "time": "2025-05-01T00:00:00.000000000"}}, {"type": "Feature", "geometry": {"type": "Point", "coordinates": [144.4375, 23.9375]}, "properties": {"type": "anticyclone", "ssh_m": 0.3129, "zeta_s-1": -1.38e-05, "hemisphere": "N", "time": "2025-05-01T00:00:00.000000000"}}, {"type": "Feature", "geometry": {"type": "Point", "coordinates": [45.9375, -58.6875]}, "properties": {"type": "anticyclone", "ssh_m": 0.3124, "zeta_s-1": 9.7e-06, "hemisphere": "S", "time": "2025-05-01T00:00:00.000000000"}}, {"type": "Feature", "geometry": {"type": "Point", "coordinates": [154.1875, -46.3125]}, "properties": {"type": "anticyclone", "ssh_m": 0.3123, "zeta_s-1": 5.6e-06, "hemisphere": "S", "time": "2025-05-01T00:00:00.000000000"}}, {"type": "Feature", "geometry": {"type": "Point", "coordinates": [-160.4375, -28.6875]}, "properties": {"type": "anticyclone", "ssh_m": 0.3123, "zeta_s-1": 8.3e-06, "hemisphere": "S", "time": "2025-05-01T00:00:00.000000000"}}, {"type": "Feature", "geometry": {"type": "Point", "coordinates": [123.4375, 22.8125]}, "properties": {"type": "anticyclone", "ssh_m": 0.3103, "zeta_s-1": -1.21e-05, "hemisphere": "N", "time": "2025-05-01T00:00:00.000000000"}}, {"type": "Feature", "geometry": {"type": "Point", "coordinates": [-39.0625, -48.4375]}, "properties": {"type": "anticyclone", "ssh_m": 0.31, "zeta_s-1": 1.17e-05, "hemisphere": "S", "time": "2025-05-01T00:00:00.000000000"}}, {"type": "Feature", "geometry": {"type": "Point", "coordinates": [-57.8125, 36.9375]}, "properties": {"type": "anticyclone", "ssh_m": 0.3091, "zeta_s-1": -1.55e-05, "hemisphere": "N", "time": "2025-05-01T00:00:00.000000000"}}, {"type": "Feature", "geometry": {"type": "Point", "coordinates": [149.0625, 46.8125]}, "properties": {"type": "anticyclone", "ssh_m": 0.3085, "zeta_s-1": -2.98e-05, "hemisphere": "N", "time": "2025-05-01T00:00:00.000000000"}}, {"type": "Feature", "geometry": {"type": "Point", "coordinates": [-161.9375, -24.8125]}, "properties": {"type": "anticyclone", "ssh_m": 0.3077, "zeta_s-1": 9.2e-06, "hemisphere": "S", "time": "2025-05-01T00:00:00.000000000"}}, {"type": "Feature", "geometry": {"type": "Point", "coordinates": [165.3125, -40.5625]}, "properties": {"type": "anticyclone", "ssh_m": 0.3075, "zeta_s-1": 7.8e-06, "hemisphere": "S", "time": "2025-05-01T00:00:00.000000000"}}, {"type": "Feature", "geometry": {"type": "Point", "coordinates": [118.1875, -37.4375]}, "properties": {"type": "anticyclone", "ssh_m": 0.3071, "zeta_s-1": 1.36e-05, "hemisphere": "S", "time": "2025-05-01T00:00:00.000000000"}}, {"type": "Feature", "geometry": {"type": "Point", "coordinates": [72.0625, -44.4375]}, "properties": {"type": "anticyclone", "ssh_m": 0.306, "zeta_s-1": 1.92e-05, "hemisphere": "S", "time": "2025-05-01T00:00:00.000000000"}}, {"type": "Feature", "geometry": {"type": "Point", "coordinates": [144.4375, 38.9375]}, "properties": {"type": "anticyclone", "ssh_m": 0.3054, "zeta_s-1": -2.1e-05, "hemisphere": "N", "time": "2025-05-01T00:00:00.000000000"}}, {"type": "Feature", "geometry": {"type": "Point", "coordinates": [174.4375, -31.1875]}, "properties": {"type": "anticyclone", "ssh_m": 0.3051, "zeta_s-1": 1.19e-05, "hemisphere": "S", "time": "2025-05-01T00:00:00.000000000"}}, {"type": "Feature", "geometry": {"type": "Point", "coordinates": [167.0625, -34.8125]}, "properties": {"type": "anticyclone", "ssh_m": 0.3048, "zeta_s-1": 1.38e-05, "hemisphere": "S", "time": "2025-05-01T00:00:00.000000000"}}, {"type": "Feature", "geometry": {"type": "Point", "coordinates": [51.4375, -20.3125]}, "properties": {"type": "anticyclone", "ssh_m": 0.3047, "zeta_s-1": 9.9e-06, "hemisphere": "S", "time": "2025-05-01T00:00:00.000000000"}}, {"type": "Feature", "geometry": {"type": "Point", "coordinates": [-88.9375, 29.9375]}, "properties": {"type": "anticyclone", "ssh_m": 0.3045, "zeta_s-1": -2.16e-05, "hemisphere": "N", "time": "2025-05-01T00:00:00.000000000"}}, {"type": "Feature", "geometry": {"type": "Point", "coordinates": [36.9375, -47.3125]}, "properties": {"type": "anticyclone", "ssh_m": 0.3042, "zeta_s-1": 6.2e-06, "hemisphere": "S", "time": "2025-05-01T00:00:00.000000000"}}, {"type": "Feature", "geometry": {"type": "Point", "coordinates": [-164.5625, -29.4375]}, "properties": {"type": "anticyclone", "ssh_m": 0.3042, "zeta_s-1": 7.1e-06, "hemisphere": "S", "time": "2025-05-01T00:00:00.000000000"}}, {"type": "Feature", "geometry": {"type": "Point", "coordinates": [133.6875, -49.0625]}, "properties": {"type": "anticyclone", "ssh_m": 0.3039, "zeta_s-1": 1.42e-05, "hemisphere": "S", "time": "2025-05-01T00:00:00.000000000"}}, {"type": "Feature", "geometry": {"type": "Point", "coordinates": [55.3125, 6.1875]}, "properties": {"type": "anticyclone", "ssh_m": 0.3039, "zeta_s-1": NaN, "hemisphere": "N", "time": "2025-05-01T00:00:00.000000000"}}, {"type": "Feature", "geometry": {"type": "Point", "coordinates": [142.6875, 20.1875]}, "properties": {"type": "anticyclone", "ssh_m": 0.3036, "zeta_s-1": -1.16e-05, "hemisphere": "N", "time": "2025-05-01T00:00:00.000000000"}}, {"type": "Feature", "geometry": {"type": "Point", "coordinates": [67.1875, 13.9375]}, "properties": {"type": "anticyclone", "ssh_m": 0.3033, "zeta_s-1": -1.39e-05, "hemisphere": "N", "time": "2025-05-01T00:00:00.000000000"}}, {"type": "Feature", "geometry": {"type": "Point", "coordinates": [178.5625, -35.9375]}, "properties": {"type": "anticyclone", "ssh_m": 0.303, "zeta_s-1": 9.2e-06, "hemisphere": "S", "time": "2025-05-01T00:00:00.000000000"}}, {"type": "Feature", "geometry": {"type": "Point", "coordinates": [-176.9375, 40.9375]}, "properties": {"type": "anticyclone", "ssh_m": 0.3022, "zeta_s-1": -7.1e-06, "hemisphere": "N", "time": "2025-05-01T00:00:00.000000000"}}, {"type": "Feature", "geometry": {"type": "Point", "coordinates": [0.6875, -32.1875]}, "properties": {"type": "anticyclone", "ssh_m": 0.302, "zeta_s-1": 1.08e-05, "hemisphere": "S", "time": "2025-05-01T00:00:00.000000000"}}, {"type": "Feature", "geometry": {"type": "Point", "coordinates": [138.4375, 21.3125]}, "properties": {"type": "anticyclone", "ssh_m": 0.3019, "zeta_s-1": -1.29e-05, "hemisphere": "N", "time": "2025-05-01T00:00:00.000000000"}}, {"type": "Feature", "geometry": {"type": "Point", "coordinates": [143.3125, 42.3125]}, "properties": {"type": "anticyclone", "ssh_m": 0.3019, "zeta_s-1": NaN, "hemisphere": "N", "time": "2025-05-01T00:00:00.000000000"}}, {"type": "Feature", "geometry": {"type": "Point", "coordinates": [27.6875, -51.9375]}, "properties": {"type": "anticyclone", "ssh_m": 0.3018, "zeta_s-1": 1.56e-05, "hemisphere": "S", "time": "2025-05-01T00:00:00.000000000"}}, {"type": "Feature", "geometry": {"type": "Point", "coordinates": [129.0625, 11.0625]}, "properties": {"type": "anticyclone", "ssh_m": 0.3015, "zeta_s-1": -4.8e-06, "hemisphere": "N", "time": "2025-05-01T00:00:00.000000000"}}, {"type": "Feature", "geometry": {"type": "Point", "coordinates": [147.9375, 9.6875]}, "properties": {"type": "anticyclone", "ssh_m": 0.3013, "zeta_s-1": -3.4e-06, "hemisphere": "N", "time": "2025-05-01T00:00:00.000000000"}}, {"type": "Feature", "geometry": {"type": "Point", "coordinates": [46.4375, -50.3125]}, "properties": {"type": "anticyclone", "ssh_m": 0.3011, "zeta_s-1": 8.8e-06, "hemisphere": "S", "time": "2025-05-01T00:00:00.000000000"}}, {"type": "Feature", "geometry": {"type": "Point", "coordinates": [139.4375, 5.5625]}, "properties": {"type": "anticyclone", "ssh_m": 0.301, "zeta_s-1": NaN, "hemisphere": "N", "time": "2025-05-01T00:00:00.000000000"}}, {"type": "Feature", "geometry": {"type": "Point", "coordinates": [-117.1875, -57.3125]}, "properties": {"type": "anticyclone", "ssh_m": 0.3007, "zeta_s-1": 1.53e-05, "hemisphere": "S", "time": "2025-05-01T00:00:00.000000000"}}, {"type": "Feature", "geometry": {"type": "Point", "coordinates": [-16.0625, -35.3125]}, "properties": {"type": "anticyclone", "ssh_m": 0.3004, "zeta_s-1": 9e-06, "hemisphere": "S", "time": "2025-05-01T00:00:00.000000000"}}, {"type": "Feature", "geometry": {"type": "Point", "coordinates": [-40.3125, 37.5625]}, "properties": {"type": "anticyclone", "ssh_m": 0.3004, "zeta_s-1": -1.47e-05, "hemisphere": "N", "time": "2025-05-01T00:00:00.000000000"}}, {"type": "Feature", "geometry": {"type": "Point", "coordinates": [85.4375, -56.8125]}, "properties": {"type": "anticyclone", "ssh_m": 0.2999, "zeta_s-1": 2.62e-05, "hemisphere": "S", "time": "2025-05-01T00:00:00.000000000"}}, {"type": "Feature", "geometry": {"type": "Point", "coordinates": [131.0625, 11.1875]}, "properties": {"type": "anticyclone", "ssh_m": 0.2999, "zeta_s-1": -6.9e-06, "hemisphere": "N", "time": "2025-05-01T00:00:00.000000000"}}, {"type": "Feature", "geometry": {"type": "Point", "coordinates": [-174.3125, 17.6875]}, "properties": {"type": "anticyclone", "ssh_m": 0.2994, "zeta_s-1": -7.4e-06, "hemisphere": "N", "time": "2025-05-01T00:00:00.000000000"}}, {"type": "Feature", "geometry": {"type": "Point", "coordinates": [-3.6875, -43.9375]}, "properties": {"type": "anticyclone", "ssh_m": 0.299, "zeta_s-1": 2.17e-05, "hemisphere": "S", "time": "2025-05-01T00:00:00.000000000"}}, {"type": "Feature", "geometry": {"type": "Point", "coordinates": [153.4375, 47.1875]}, "properties": {"type": "anticyclone", "ssh_m": 0.299, "zeta_s-1": -3.54e-05, "hemisphere": "N", "time": "2025-05-01T00:00:00.000000000"}}, {"type": "Feature", "geometry": {"type": "Point", "coordinates": [-77.0625, 14.3125]}, "properties": {"type": "anticyclone", "ssh_m": 0.2989, "zeta_s-1": -7.8e-06, "hemisphere": "N", "time": "2025-05-01T00:00:00.000000000"}}, {"type": "Feature", "geometry": {"type": "Point", "coordinates": [58.6875, 16.3125]}, "properties": {"type": "anticyclone", "ssh_m": 0.2987, "zeta_s-1": -6.5e-06, "hemisphere": "N", "time": "2025-05-01T00:00:00.000000000"}}, {"type": "Feature", "geometry": {"type": "Point", "coordinates": [160.5625, 19.4375]}, "properties": {"type": "anticyclone", "ssh_m": 0.2985, "zeta_s-1": -8.7e-06, "hemisphere": "N", "time": "2025-05-01T00:00:00.000000000"}}, {"type": "Feature", "geometry": {"type": "Point", "coordinates": [-122.1875, -40.6875]}, "properties": {"type": "anticyclone", "ssh_m": 0.2971, "zeta_s-1": 9.6e-06, "hemisphere": "S", "time": "2025-05-01T00:00:00.000000000"}}, {"type": "Feature", "geometry": {"type": "Point", "coordinates": [71.1875, 14.0625]}, "properties": {"type": "anticyclone", "ssh_m": 0.297, "zeta_s-1": -8.7e-06, "hemisphere": "N", "time": "2025-05-01T00:00:00.000000000"}}, {"type": "Feature", "geometry": {"type": "Point", "coordinates": [161.9375, -45.4375]}, "properties": {"type": "anticyclone", "ssh_m": 0.2965, "zeta_s-1": 9.2e-06, "hemisphere": "S", "time": "2025-05-01T00:00:00.000000000"}}, {"type": "Feature", "geometry": {"type": "Point", "coordinates": [-9.1875, -36.6875]}, "properties": {"type": "anticyclone", "ssh_m": 0.2965, "zeta_s-1": 9.5e-06, "hemisphere": "S", "time": "2025-05-01T00:00:00.000000000"}}, {"type": "Feature", "geometry": {"type": "Point", "coordinates": [-49.3125, 36.4375]}, "properties": {"type": "anticyclone", "ssh_m": 0.2963, "zeta_s-1": -7.4e-06, "hemisphere": "N", "time": "2025-05-01T00:00:00.000000000"}}, {"type": "Feature", "geometry": {"type": "Point", "coordinates": [172.5625, -9.6875]}, "properties": {"type": "anticyclone", "ssh_m": 0.296, "zeta_s-1": 4.8e-06, "hemisphere": "S", "time": "2025-05-01T00:00:00.000000000"}}, {"type": "Feature", "geometry": {"type": "Point", "coordinates": [-74.6875, -61.4375]}, "properties": {"type": "anticyclone", "ssh_m": 0.2959, "zeta_s-1": 1.82e-05, "hemisphere": "S", "time": "2025-05-01T00:00:00.000000000"}}, {"type": "Feature", "geometry": {"type": "Point", "coordinates": [30.1875, -47.6875]}, "properties": {"type": "anticyclone", "ssh_m": 0.2952, "zeta_s-1": 1.04e-05, "hemisphere": "S", "time": "2025-05-01T00:00:00.000000000"}}, {"type": "Feature", "geometry": {"type": "Point", "coordinates": [44.1875, -27.3125]}, "properties": {"type": "anticyclone", "ssh_m": 0.2947, "zeta_s-1": 2.92e-05, "hemisphere": "S", "time": "2025-05-01T00:00:00.000000000"}}, {"type": "Feature", "geometry": {"type": "Point", "coordinates": [147.8125, 27.5625]}, "properties": {"type": "anticyclone", "ssh_m": 0.2945, "zeta_s-1": -1.6e-05, "hemisphere": "N", "time": "2025-05-01T00:00:00.000000000"}}, {"type": "Feature", "geometry": {"type": "Point", "coordinates": [-178.5625, -50.4375]}, "properties": {"type": "anticyclone", "ssh_m": 0.2942, "zeta_s-1": 1.15e-05, "hemisphere": "S", "time": "2025-05-01T00:00:00.000000000"}}, {"type": "Feature", "geometry": {"type": "Point", "coordinates": [-37.6875, -49.9375]}, "properties": {"type": "anticyclone", "ssh_m": 0.2939, "zeta_s-1": 2.88e-05, "hemisphere": "S", "time": "2025-05-01T00:00:00.000000000"}}, {"type": "Feature", "geometry": {"type": "Point", "coordinates": [171.5625, -25.5625]}, "properties": {"type": "anticyclone", "ssh_m": 0.2939, "zeta_s-1": 9.7e-06, "hemisphere": "S", "time": "2025-05-01T00:00:00.000000000"}}, {"type": "Feature", "geometry": {"type": "Point", "coordinates": [-87.1875, 7.6875]}, "properties": {"type": "anticyclone", "ssh_m": 0.2939, "zeta_s-1": NaN, "hemisphere": "N", "time": "2025-05-01T00:00:00.000000000"}}, {"type": "Feature", "geometry": {"type": "Point", "coordinates": [-46.0625, -54.0625]}, "properties": {"type": "anticyclone", "ssh_m": 0.2938, "zeta_s-1": 1.97e-05, "hemisphere": "S", "time": "2025-05-01T00:00:00.000000000"}}, {"type": "Feature", "geometry": {"type": "Point", "coordinates": [-28.4375, -47.8125]}, "properties": {"type": "anticyclone", "ssh_m": 0.2927, "zeta_s-1": 1.48e-05, "hemisphere": "S", "time": "2025-05-01T00:00:00.000000000"}}, {"type": "Feature", "geometry": {"type": "Point", "coordinates": [162.0625, -10.5625]}, "properties": {"type": "anticyclone", "ssh_m": 0.2923, "zeta_s-1": NaN, "hemisphere": "S", "time": "2025-05-01T00:00:00.000000000"}}, {"type": "Feature", "geometry": {"type": "Point", "coordinates": [-158.6875, -31.0625]}, "properties": {"type": "anticyclone", "ssh_m": 0.2921, "zeta_s-1": 8.5e-06, "hemisphere": "S", "time": "2025-05-01T00:00:00.000000000"}}, {"type": "Feature", "geometry": {"type": "Point", "coordinates": [-168.9375, -29.6875]}, "properties": {"type": "anticyclone", "ssh_m": 0.2921, "zeta_s-1": 7.7e-06, "hemisphere": "S", "time": "2025-05-01T00:00:00.000000000"}}, {"type": "Feature", "geometry": {"type": "Point", "coordinates": [-149.0625, -50.8125]}, "properties": {"type": "anticyclone", "ssh_m": 0.2918, "zeta_s-1": 1.45e-05, "hemisphere": "S", "time": "2025-05-01T00:00:00.000000000"}}, {"type": "Feature", "geometry": {"type": "Point", "coordinates": [-138.0625, -50.3125]}, "properties": {"type": "anticyclone", "ssh_m": 0.2917, "zeta_s-1": 8.6e-06, "hemisphere": "S", "time": "2025-05-01T00:00:00.000000000"}}, {"type": "Feature", "geometry": {"type": "Point", "coordinates": [144.6875, 16.5625]}, "properties": {"type": "anticyclone", "ssh_m": 0.2916, "zeta_s-1": -4.3e-06, "hemisphere": "N", "time": "2025-05-01T00:00:00.000000000"}}, {"type": "Feature", "geometry": {"type": "Point", "coordinates": [176.1875, 27.5625]}, "properties": {"type": "anticyclone", "ssh_m": 0.2915, "zeta_s-1": -1.39e-05, "hemisphere": "N", "time": "2025-05-01T00:00:00.000000000"}}, {"type": "Feature", "geometry": {"type": "Point", "coordinates": [-174.3125, 39.3125]}, "properties": {"type": "anticyclone", "ssh_m": 0.2913, "zeta_s-1": -1.83e-05, "hemisphere": "N", "time": "2025-05-01T00:00:00.000000000"}}, {"type": "Feature", "geometry": {"type": "Point", "coordinates": [151.5625, 7.6875]}, "properties": {"type": "anticyclone", "ssh_m": 0.2912, "zeta_s-1": NaN, "hemisphere": "N", "time": "2025-05-01T00:00:00.000000000"}}, {"type": "Feature", "geometry": {"type": "Point", "coordinates": [157.1875, 9.5625]}, "properties": {"type": "anticyclone", "ssh_m": 0.2912, "zeta_s-1": -3.2e-06, "hemisphere": "N", "time": "2025-05-01T00:00:00.000000000"}}, {"type": "Feature", "geometry": {"type": "Point", "coordinates": [160.5625, 50.8125]}, "properties": {"type": "anticyclone", "ssh_m": 0.2912, "zeta_s-1": -3.58e-05, "hemisphere": "N", "time": "2025-05-01T00:00:00.000000000"}}, {"type": "Feature", "geometry": {"type": "Point", "coordinates": [-154.5625, -30.9375]}, "properties": {"type": "anticyclone", "ssh_m": 0.2906, "zeta_s-1": 4.6e-06, "hemisphere": "S", "time": "2025-05-01T00:00:00.000000000"}}, {"type": "Feature", "geometry": {"type": "Point", "coordinates": [-133.1875, -32.8125]}, "properties": {"type": "anticyclone", "ssh_m": 0.2902, "zeta_s-1": 6.5e-06, "hemisphere": "S", "time": "2025-05-01T00:00:00.000000000"}}, {"type": "Feature", "geometry": {"type": "Point", "coordinates": [142.3125, 14.4375]}, "properties": {"type": "anticyclone", "ssh_m": 0.2901, "zeta_s-1": -9.1e-06, "hemisphere": "N", "time": "2025-05-01T00:00:00.000000000"}}, {"type": "Feature", "geometry": {"type": "Point", "coordinates": [-47.4375, 8.0625]}, "properties": {"type": "anticyclone", "ssh_m": 0.2896, "zeta_s-1": -1.12e-05, "hemisphere": "N", "time": "2025-05-01T00:00:00.000000000"}}, {"type": "Feature", "geometry": {"type": "Point", "coordinates": [98.0625, -29.3125]}, "properties": {"type": "anticyclone", "ssh_m": 0.2894, "zeta_s-1": 1.11e-05, "hemisphere": "S", "time": "2025-05-01T00:00:00.000000000"}}, {"type": "Feature", "geometry": {"type": "Point", "coordinates": [49.4375, 3.8125]}, "properties": {"type": "anticyclone", "ssh_m": 0.2893, "zeta_s-1": NaN, "hemisphere": "N", "time": "2025-05-01T00:00:00.000000000"}}, {"type": "Feature", "geometry": {"type": "Point", "coordinates": [14.8125, -44.9375]}, "properties": {"type": "anticyclone", "ssh_m": 0.2891, "zeta_s-1": 1.75e-05, "hemisphere": "S", "time": "2025-05-01T00:00:00.000000000"}}, {"type": "Feature", "geometry": {"type": "Point", "coordinates": [90.6875, -23.9375]}, "properties": {"type": "anticyclone", "ssh_m": 0.2891, "zeta_s-1": 9.2e-06, "hemisphere": "S", "time": "2025-05-01T00:00:00.000000000"}}, {"type": "Feature", "geometry": {"type": "Point", "coordinates": [-167.5625, 18.9375]}, "properties": {"type": "anticyclone", "ssh_m": 0.289, "zeta_s-1": -1.62e-05, "hemisphere": "N", "time": "2025-05-01T00:00:00.000000000"}}, {"type": "Feature", "geometry": {"type": "Point", "coordinates": [109.3125, -39.9375]}, "properties": {"type": "anticyclone", "ssh_m": 0.2887, "zeta_s-1": 1.96e-05, "hemisphere": "S", "time": "2025-05-01T00:00:00.000000000"}}, {"type": "Feature", "geometry": {"type": "Point", "coordinates": [-128.9375, -34.3125]}, "properties": {"type": "anticyclone", "ssh_m": 0.2885, "zeta_s-1": 6.2e-06, "hemisphere": "S", "time": "2025-05-01T00:00:00.000000000"}}, {"type": "Feature", "geometry": {"type": "Point", "coordinates": [-49.5625, -58.3125]}, "properties": {"type": "anticyclone", "ssh_m": 0.2883, "zeta_s-1": 2.47e-05, "hemisphere": "S", "time": "2025-05-01T00:00:00.000000000"}}, {"type": "Feature", "geometry": {"type": "Point", "coordinates": [-97.1875, -56.9375]}, "properties": {"type": "anticyclone", "ssh_m": 0.2881, "zeta_s-1": 1.24e-05, "hemisphere": "S", "time": "2025-05-01T00:00:00.000000000"}}, {"type": "Feature", "geometry": {"type": "Point", "coordinates": [160.8125, -37.9375]}, "properties": {"type": "anticyclone", "ssh_m": 0.288, "zeta_s-1": 9.6e-06, "hemisphere": "S", "time": "2025-05-01T00:00:00.000000000"}}, {"type": "Feature", "geometry": {"type": "Point", "coordinates": [-152.4375, -24.9375]}, "properties": {"type": "anticyclone", "ssh_m": 0.2879, "zeta_s-1": 1.16e-05, "hemisphere": "S", "time": "2025-05-01T00:00:00.000000000"}}, {"type": "Feature", "geometry": {"type": "Point", "coordinates": [-120.9375, 75.9375]}, "properties": {"type": "anticyclone", "ssh_m": 0.2877, "zeta_s-1": -9.5e-06, "hemisphere": "N", "time": "2025-05-01T00:00:00.000000000"}}, {"type": "Feature", "geometry": {"type": "Point", "coordinates": [57.5625, -31.4375]}, "properties": {"type": "anticyclone", "ssh_m": 0.2876, "zeta_s-1": 9.7e-06, "hemisphere": "S", "time": "2025-05-01T00:00:00.000000000"}}, {"type": "Feature", "geometry": {"type": "Point", "coordinates": [-78.0625, 29.6875]}, "properties": {"type": "anticyclone", "ssh_m": 0.2874, "zeta_s-1": -2.72e-05, "hemisphere": "N", "time": "2025-05-01T00:00:00.000000000"}}, {"type": "Feature", "geometry": {"type": "Point", "coordinates": [-8.1875, -44.4375]}, "properties": {"type": "anticyclone", "ssh_m": 0.2871, "zeta_s-1": 5.5e-06, "hemisphere": "S", "time": "2025-05-01T00:00:00.000000000"}}, {"type": "Feature", "geometry": {"type": "Point", "coordinates": [140.9375, -42.1875]}, "properties": {"type": "anticyclone", "ssh_m": 0.2871, "zeta_s-1": 1.37e-05, "hemisphere": "S", "time": "2025-05-01T00:00:00.000000000"}}, {"type": "Feature", "geometry": {"type": "Point", "coordinates": [-24.9375, -39.5625]}, "properties": {"type": "anticyclone", "ssh_m": 0.2861, "zeta_s-1": 6.2e-06, "hemisphere": "S", "time": "2025-05-01T00:00:00.000000000"}}, {"type": "Feature", "geometry": {"type": "Point", "coordinates": [128.0625, -32.5625]}, "properties": {"type": "anticyclone", "ssh_m": 0.2861, "zeta_s-1": 7e-06, "hemisphere": "S", "time": "2025-05-01T00:00:00.000000000"}}, {"type": "Feature", "geometry": {"type": "Point", "coordinates": [11.0625, 69.8125]}, "properties": {"type": "anticyclone", "ssh_m": 0.286, "zeta_s-1": -4.63e-05, "hemisphere": "N", "time": "2025-05-01T00:00:00.000000000"}}, {"type": "Feature", "geometry": {"type": "Point", "coordinates": [-0.5625, -44.3125]}, "properties": {"type": "anticyclone", "ssh_m": 0.2858, "zeta_s-1": 8.5e-06, "hemisphere": "S", "time": "2025-05-01T00:00:00.000000000"}}, {"type": "Feature", "geometry": {"type": "Point", "coordinates": [164.6875, 19.8125]}, "properties": {"type": "anticyclone", "ssh_m": 0.2857, "zeta_s-1": -7.7e-06, "hemisphere": "N", "time": "2025-05-01T00:00:00.000000000"}}, {"type": "Feature", "geometry": {"type": "Point", "coordinates": [154.5625, 8.1875]}, "properties": {"type": "anticyclone", "ssh_m": 0.2856, "zeta_s-1": -3.7e-06, "hemisphere": "N", "time": "2025-05-01T00:00:00.000000000"}}, {"type": "Feature", "geometry": {"type": "Point", "coordinates": [-17.4375, -31.4375]}, "properties": {"type": "anticyclone", "ssh_m": 0.2852, "zeta_s-1": 1.06e-05, "hemisphere": "S", "time": "2025-05-01T00:00:00.000000000"}}, {"type": "Feature", "geometry": {"type": "Point", "coordinates": [170.1875, 42.4375]}, "properties": {"type": "anticyclone", "ssh_m": 0.2848, "zeta_s-1": -4e-06, "hemisphere": "N", "time": "2025-05-01T00:00:00.000000000"}}, {"type": "Feature", "geometry": {"type": "Point", "coordinates": [155.8125, -41.0625]}, "properties": {"type": "anticyclone", "ssh_m": 0.2846, "zeta_s-1": 1.06e-05, "hemisphere": "S", "time": "2025-05-01T00:00:00.000000000"}}, {"type": "Feature", "geometry": {"type": "Point", "coordinates": [-63.1875, 31.0625]}, "properties": {"type": "anticyclone", "ssh_m": 0.2839, "zeta_s-1": -1.15e-05, "hemisphere": "N", "time": "2025-05-01T00:00:00.000000000"}}, {"type": "Feature", "geometry": {"type": "Point", "coordinates": [84.1875, -24.1875]}, "properties": {"type": "anticyclone", "ssh_m": 0.2836, "zeta_s-1": 6.1e-06, "hemisphere": "S", "time": "2025-05-01T00:00:00.000000000"}}, {"type": "Feature", "geometry": {"type": "Point", "coordinates": [127.1875, -53.9375]}, "properties": {"type": "anticyclone", "ssh_m": 0.2831, "zeta_s-1": 1.68e-05, "hemisphere": "S", "time": "2025-05-01T00:00:00.000000000"}}, {"type": "Feature", "geometry": {"type": "Point", "coordinates": [27.0625, -34.8125]}, "properties": {"type": "anticyclone", "ssh_m": 0.283, "zeta_s-1": 1.6e-05, "hemisphere": "S", "time": "2025-05-01T00:00:00.000000000"}}, {"type": "Feature", "geometry": {"type": "Point", "coordinates": [81.8125, -47.3125]}, "properties": {"type": "anticyclone", "ssh_m": 0.2828, "zeta_s-1": 1.75e-05, "hemisphere": "S", "time": "2025-05-01T00:00:00.000000000"}}, {"type": "Feature", "geometry": {"type": "Point", "coordinates": [-12.1875, -45.5625]}, "properties": {"type": "anticyclone", "ssh_m": 0.2826, "zeta_s-1": 8.7e-06, "hemisphere": "S", "time": "2025-05-01T00:00:00.000000000"}}, {"type": "Feature", "geometry": {"type": "Point", "coordinates": [50.3125, -6.4375]}, "properties": {"type": "anticyclone", "ssh_m": 0.2826, "zeta_s-1": NaN, "hemisphere": "S", "time": "2025-05-01T00:00:00.000000000"}}, {"type": "Feature", "geometry": {"type": "Point", "coordinates": [-165.9375, 51.1875]}, "properties": {"type": "anticyclone", "ssh_m": 0.2824, "zeta_s-1": -1.59e-05, "hemisphere": "N", "time": "2025-05-01T00:00:00.000000000"}}, {"type": "Feature", "geometry": {"type": "Point", "coordinates": [90.8125, -43.0625]}, "properties": {"type": "anticyclone", "ssh_m": 0.2823, "zeta_s-1": 5.4e-06, "hemisphere": "S", "time": "2025-05-01T00:00:00.000000000"}}, {"type": "Feature", "geometry": {"type": "Point", "coordinates": [88.3125, -23.6875]}, "properties": {"type": "anticyclone", "ssh_m": 0.2819, "zeta_s-1": 8.5e-06, "hemisphere": "S", "time": "2025-05-01T00:00:00.000000000"}}, {"type": "Feature", "geometry": {"type": "Point", "coordinates": [111.9375, 14.5625]}, "properties": {"type": "anticyclone", "ssh_m": 0.2819, "zeta_s-1": -9.1e-06, "hemisphere": "N", "time": "2025-05-01T00:00:00.000000000"}}, {"type": "Feature", "geometry": {"type": "Point", "coordinates": [138.3125, -35.0625]}, "properties": {"type": "anticyclone", "ssh_m": 0.2817, "zeta_s-1": 1.14e-05, "hemisphere": "S", "time": "2025-05-01T00:00:00.000000000"}}, {"type": "Feature", "geometry": {"type": "Point", "coordinates": [165.6875, 46.4375]}, "properties": {"type": "anticyclone", "ssh_m": 0.2816, "zeta_s-1": -1.17e-05, "hemisphere": "N", "time": "2025-05-01T00:00:00.000000000"}}, {"type": "Feature", "geometry": {"type": "Point", "coordinates": [164.1875, -43.4375]}, "properties": {"type": "anticyclone", "ssh_m": 0.2813, "zeta_s-1": 9.1e-06, "hemisphere": "S", "time": "2025-05-01T00:00:00.000000000"}}, {"type": "Feature", "geometry": {"type": "Point", "coordinates": [124.9375, 20.3125]}, "properties": {"type": "anticyclone", "ssh_m": 0.2813, "zeta_s-1": -1.33e-05, "hemisphere": "N", "time": "2025-05-01T00:00:00.000000000"}}, {"type": "Feature", "geometry": {"type": "Point", "coordinates": [-105.6875, -57.9375]}, "properties": {"type": "anticyclone", "ssh_m": 0.2812, "zeta_s-1": 1.1e-05, "hemisphere": "S", "time": "2025-05-01T00:00:00.000000000"}}, {"type": "Feature", "geometry": {"type": "Point", "coordinates": [-70.6875, -55.9375]}, "properties": {"type": "anticyclone", "ssh_m": 0.2803, "zeta_s-1": 2.46e-05, "hemisphere": "S", "time": "2025-05-01T00:00:00.000000000"}}, {"type": "Feature", "geometry": {"type": "Point", "coordinates": [-127.3125, -35.4375]}, "properties": {"type": "anticyclone", "ssh_m": 0.2797, "zeta_s-1": 7.3e-06, "hemisphere": "S", "time": "2025-05-01T00:00:00.000000000"}}, {"type": "Feature", "geometry": {"type": "Point", "coordinates": [113.9375, -9.4375]}, "properties": {"type": "anticyclone", "ssh_m": 0.2797, "zeta_s-1": 1.23e-05, "hemisphere": "S", "time": "2025-05-01T00:00:00.000000000"}}, {"type": "Feature", "geometry": {"type": "Point", "coordinates": [-173.4375, -34.8125]}, "properties": {"type": "anticyclone", "ssh_m": 0.2793, "zeta_s-1": 5.6e-06, "hemisphere": "S", "time": "2025-05-01T00:00:00.000000000"}}, {"type": "Feature", "geometry": {"type": "Point", "coordinates": [-137.1875, -57.0625]}, "properties": {"type": "anticyclone", "ssh_m": 0.279, "zeta_s-1": 2.34e-05, "hemisphere": "S", "time": "2025-05-01T00:00:00.000000000"}}, {"type": "Feature", "geometry": {"type": "Point", "coordinates": [146.9375, -47.0625]}, "properties": {"type": "anticyclone", "ssh_m": 0.279, "zeta_s-1": 1.82e-05, "hemisphere": "S", "time": "2025-05-01T00:00:00.000000000"}}, {"type": "Feature", "geometry": {"type": "Point", "coordinates": [139.3125, 26.6875]}, "properties": {"type": "anticyclone", "ssh_m": 0.278, "zeta_s-1": -9.7e-06, "hemisphere": "N", "time": "2025-05-01T00:00:00.000000000"}}, {"type": "Feature", "geometry": {"type": "Point", "coordinates": [-98.1875, -38.3125]}, "properties": {"type": "anticyclone", "ssh_m": 0.2778, "zeta_s-1": 8.4e-06, "hemisphere": "S", "time": "2025-05-01T00:00:00.000000000"}}, {"type": "Feature", "geometry": {"type": "Point", "coordinates": [109.3125, -44.9375]}, "properties": {"type": "anticyclone", "ssh_m": 0.2774, "zeta_s-1": 6.2e-06, "hemisphere": "S", "time": "2025-05-01T00:00:00.000000000"}}, {"type": "Feature", "geometry": {"type": "Point", "coordinates": [-93.9375, -59.3125]}, "properties": {"type": "anticyclone", "ssh_m": 0.2768, "zeta_s-1": 2.32e-05, "hemisphere": "S", "time": "2025-05-01T00:00:00.000000000"}}, {"type": "Feature", "geometry": {"type": "Point", "coordinates": [111.6875, -19.9375]}, "properties": {"type": "anticyclone", "ssh_m": 0.2761, "zeta_s-1": 1.08e-05, "hemisphere": "S", "time": "2025-05-01T00:00:00.000000000"}}, {"type": "Feature", "geometry": {"type": "Point", "coordinates": [-171.0625, -44.0625]}, "properties": {"type": "anticyclone", "ssh_m": 0.276, "zeta_s-1": 7.2e-06, "hemisphere": "S", "time": "2025-05-01T00:00:00.000000000"}}, {"type": "Feature", "geometry": {"type": "Point", "coordinates": [-167.8125, -23.9375]}, "properties": {"type": "anticyclone", "ssh_m": 0.2756, "zeta_s-1": 1.04e-05, "hemisphere": "S", "time": "2025-05-01T00:00:00.000000000"}}, {"type": "Feature", "geometry": {"type": "Point", "coordinates": [132.4375, -32.3125]}, "properties": {"type": "anticyclone", "ssh_m": 0.2755, "zeta_s-1": 7.5e-06, "hemisphere": "S", "time": "2025-05-01T00:00:00.000000000"}}, {"type": "Feature", "geometry": {"type": "Point", "coordinates": [-4.6875, -46.3125]}, "properties": {"type": "anticyclone", "ssh_m": 0.2754, "zeta_s-1": 1.88e-05, "hemisphere": "S", "time": "2025-05-01T00:00:00.000000000"}}, {"type": "Feature", "geometry": {"type": "Point", "coordinates": [94.8125, -56.0625]}, "properties": {"type": "anticyclone", "ssh_m": 0.275, "zeta_s-1": 1.89e-05, "hemisphere": "S", "time": "2025-05-01T00:00:00.000000000"}}, {"type": "Feature", "geometry": {"type": "Point", "coordinates": [111.1875, -22.0625]}, "properties": {"type": "anticyclone", "ssh_m": 0.2748, "zeta_s-1": 8.6e-06, "hemisphere": "S", "time": "2025-05-01T00:00:00.000000000"}}, {"type": "Feature", "geometry": {"type": "Point", "coordinates": [48.6875, 12.9375]}, "properties": {"type": "anticyclone", "ssh_m": 0.2743, "zeta_s-1": -1.08e-05, "hemisphere": "N", "time": "2025-05-01T00:00:00.000000000"}}, {"type": "Feature", "geometry": {"type": "Point", "coordinates": [102.0625, -28.5625]}, "properties": {"type": "anticyclone", "ssh_m": 0.2742, "zeta_s-1": 1.11e-05, "hemisphere": "S", "time": "2025-05-01T00:00:00.000000000"}}, {"type": "Feature", "geometry": {"type": "Point", "coordinates": [-97.4375, 13.4375]}, "properties": {"type": "anticyclone", "ssh_m": 0.2739, "zeta_s-1": -1.39e-05, "hemisphere": "N", "time": "2025-05-01T00:00:00.000000000"}}, {"type": "Feature", "geometry": {"type": "Point", "coordinates": [172.1875, 20.3125]}, "properties": {"type": "anticyclone", "ssh_m": 0.2737, "zeta_s-1": -5.6e-06, "hemisphere": "N", "time": "2025-05-01T00:00:00.000000000"}}, {"type": "Feature", "geometry": {"type": "Point", "coordinates": [-166.4375, 36.6875]}, "properties": {"type": "anticyclone", "ssh_m": 0.2737, "zeta_s-1": -1.11e-05, "hemisphere": "N", "time": "2025-05-01T00:00:00.000000000"}}, {"type": "Feature", "geometry": {"type": "Point", "coordinates": [-79.0625, -59.5625]}, "properties": {"type": "anticyclone", "ssh_m": 0.2736, "zeta_s-1": 1.15e-05, "hemisphere": "S", "time": "2025-05-01T00:00:00.000000000"}}, {"type": "Feature", "geometry": {"type": "Point", "coordinates": [131.4375, 17.8125]}, "properties": {"type": "anticyclone", "ssh_m": 0.2733, "zeta_s-1": -8.2e-06, "hemisphere": "N", "time": "2025-05-01T00:00:00.000000000"}}, {"type": "Feature", "geometry": {"type": "Point", "coordinates": [-164.4375, -44.4375]}, "properties": {"type": "anticyclone", "ssh_m": 0.2732, "zeta_s-1": 7e-06, "hemisphere": "S", "time": "2025-05-01T00:00:00.000000000"}}, {"type": "Feature", "geometry": {"type": "Point", "coordinates": [27.6875, -61.3125]}, "properties": {"type": "anticyclone", "ssh_m": 0.2726, "zeta_s-1": 8.8e-06, "hemisphere": "S", "time": "2025-05-01T00:00:00.000000000"}}, {"type": "Feature", "geometry": {"type": "Point", "coordinates": [167.9375, -25.3125]}, "properties": {"type": "anticyclone", "ssh_m": 0.2725, "zeta_s-1": 1.5e-05, "hemisphere": "S", "time": "2025-05-01T00:00:00.000000000"}}, {"type": "Feature", "geometry": {"type": "Point", "coordinates": [-148.6875, -44.3125]}, "properties": {"type": "anticyclone", "ssh_m": 0.2722, "zeta_s-1": 6.8e-06, "hemisphere": "S", "time": "2025-05-01T00:00:00.000000000"}}, {"type": "Feature", "geometry": {"type": "Point", "coordinates": [175.5625, -52.1875]}, "properties": {"type": "anticyclone", "ssh_m": 0.2721, "zeta_s-1": 1.01e-05, "hemisphere": "S", "time": "2025-05-01T00:00:00.000000000"}}, {"type": "Feature", "geometry": {"type": "Point", "coordinates": [89.6875, -37.9375]}, "properties": {"type": "anticyclone", "ssh_m": 0.2721, "zeta_s-1": 1.36e-05, "hemisphere": "S", "time": "2025-05-01T00:00:00.000000000"}}, {"type": "Feature", "geometry": {"type": "Point", "coordinates": [-120.3125, -43.6875]}, "properties": {"type": "anticyclone", "ssh_m": 0.2717, "zeta_s-1": 4.2e-06, "hemisphere": "S", "time": "2025-05-01T00:00:00.000000000"}}, {"type": "Feature", "geometry": {"type": "Point", "coordinates": [103.6875, -21.8125]}, "properties": {"type": "anticyclone", "ssh_m": 0.2716, "zeta_s-1": 7.6e-06, "hemisphere": "S", "time": "2025-05-01T00:00:00.000000000"}}, {"type": "Feature", "geometry": {"type": "Point", "coordinates": [-101.0625, -59.8125]}, "properties": {"type": "anticyclone", "ssh_m": 0.2715, "zeta_s-1": 1.23e-05, "hemisphere": "S", "time": "2025-05-01T00:00:00.000000000"}}, {"type": "Feature", "geometry": {"type": "Point", "coordinates": [-66.5625, 30.3125]}, "properties": {"type": "anticyclone", "ssh_m": 0.2715, "zeta_s-1": -1.63e-05, "hemisphere": "N", "time": "2025-05-01T00:00:00.000000000"}}, {"type": "Feature", "geometry": {"type": "Point", "coordinates": [-20.1875, -35.8125]}, "properties": {"type": "anticyclone", "ssh_m": 0.2714, "zeta_s-1": 1.17e-05, "hemisphere": "S", "time": "2025-05-01T00:00:00.000000000"}}, {"type": "Feature", "geometry": {"type": "Point", "coordinates": [-149.6875, -46.4375]}, "properties": {"type": "anticyclone", "ssh_m": 0.2713, "zeta_s-1": 5.4e-06, "hemisphere": "S", "time": "2025-05-01T00:00:00.000000000"}}, {"type": "Feature", "geometry": {"type": "Point", "coordinates": [-172.0625, -56.3125]}, "properties": {"type": "anticyclone", "ssh_m": 0.2709, "zeta_s-1": 4.6e-06, "hemisphere": "S", "time": "2025-05-01T00:00:00.000000000"}}, {"type": "Feature", "geometry": {"type": "Point", "coordinates": [-30.8125, -47.4375]}, "properties": {"type": "anticyclone", "ssh_m": 0.2708, "zeta_s-1": 3.24e-05, "hemisphere": "S", "time": "2025-05-01T00:00:00.000000000"}}, {"type": "Feature", "geometry": {"type": "Point", "coordinates": [147.6875, 40.0625]}, "properties": {"type": "anticyclone", "ssh_m": 0.2708, "zeta_s-1": -2.06e-05, "hemisphere": "N", "time": "2025-05-01T00:00:00.000000000"}}, {"type": "Feature", "geometry": {"type": "Point", "coordinates": [-137.0625, -55.3125]}, "properties": {"type": "anticyclone", "ssh_m": 0.2705, "zeta_s-1": 2.08e-05, "hemisphere": "S", "time": "2025-05-01T00:00:00.000000000"}}, {"type": "Feature", "geometry": {"type": "Point", "coordinates": [139.5625, -48.3125]}, "properties": {"type": "anticyclone", "ssh_m": 0.2705, "zeta_s-1": 1.03e-05, "hemisphere": "S", "time": "2025-05-01T00:00:00.000000000"}}, {"type": "Feature", "geometry": {"type": "Point", "coordinates": [116.0625, -3.1875]}, "properties": {"type": "anticyclone", "ssh_m": 0.2704, "zeta_s-1": NaN, "hemisphere": "S", "time": "2025-05-01T00:00:00.000000000"}}, {"type": "Feature", "geometry": {"type": "Point", "coordinates": [162.8125, 44.9375]}, "properties": {"type": "anticyclone", "ssh_m": 0.2696, "zeta_s-1": -6.6e-06, "hemisphere": "N", "time": "2025-05-01T00:00:00.000000000"}}, {"type": "Feature", "geometry": {"type": "Point", "coordinates": [-152.4375, 19.9375]}, "properties": {"type": "anticyclone", "ssh_m": 0.2695, "zeta_s-1": -9.4e-06, "hemisphere": "N", "time": "2025-05-01T00:00:00.000000000"}}, {"type": "Feature", "geometry": {"type": "Point", "coordinates": [-125.1875, -50.5625]}, "properties": {"type": "anticyclone", "ssh_m": 0.2693, "zeta_s-1": 1.01e-05, "hemisphere": "S", "time": "2025-05-01T00:00:00.000000000"}}, {"type": "Feature", "geometry": {"type": "Point", "coordinates": [169.8125, 19.3125]}, "properties": {"type": "anticyclone", "ssh_m": 0.2693, "zeta_s-1": -7.7e-06, "hemisphere": "N", "time": "2025-05-01T00:00:00.000000000"}}, {"type": "Feature", "geometry": {"type": "Point", "coordinates": [140.3125, -8.6875]}, "properties": {"type": "anticyclone", "ssh_m": 0.2692, "zeta_s-1": 2.16e-05, "hemisphere": "S", "time": "2025-05-01T00:00:00.000000000"}}, {"type": "Feature", "geometry": {"type": "Point", "coordinates": [115.0625, -46.6875]}, "properties": {"type": "anticyclone", "ssh_m": 0.269, "zeta_s-1": 1.09e-05, "hemisphere": "S", "time": "2025-05-01T00:00:00.000000000"}}, {"type": "Feature", "geometry": {"type": "Point", "coordinates": [-69.5625, -62.6875]}, "properties": {"type": "anticyclone", "ssh_m": 0.2689, "zeta_s-1": 1.8e-05, "hemisphere": "S", "time": "2025-05-01T00:00:00.000000000"}}, {"type": "Feature", "geometry": {"type": "Point", "coordinates": [156.8125, -49.4375]}, "properties": {"type": "anticyclone", "ssh_m": 0.2684, "zeta_s-1": 8.9e-06, "hemisphere": "S", "time": "2025-05-01T00:00:00.000000000"}}, {"type": "Feature", "geometry": {"type": "Point", "coordinates": [-127.8125, -52.4375]}, "properties": {"type": "anticyclone", "ssh_m": 0.2682, "zeta_s-1": 9.2e-06, "hemisphere": "S", "time": "2025-05-01T00:00:00.000000000"}}, {"type": "Feature", "geometry": {"type": "Point", "coordinates": [161.4375, -41.5625]}, "properties": {"type": "anticyclone", "ssh_m": 0.2681, "zeta_s-1": 8.6e-06, "hemisphere": "S", "time": "2025-05-01T00:00:00.000000000"}}, {"type": "Feature", "geometry": {"type": "Point", "coordinates": [62.0625, -54.3125]}, "properties": {"type": "anticyclone", "ssh_m": 0.268, "zeta_s-1": 8e-06, "hemisphere": "S", "time": "2025-05-01T00:00:00.000000000"}}, {"type": "Feature", "geometry": {"type": "Point", "coordinates": [-122.5625, -35.4375]}, "properties": {"type": "anticyclone", "ssh_m": 0.268, "zeta_s-1": 6.8e-06, "hemisphere": "S", "time": "2025-05-01T00:00:00.000000000"}}, {"type": "Feature", "geometry": {"type": "Point", "coordinates": [67.4375, -24.9375]}, "properties": {"type": "anticyclone", "ssh_m": 0.268, "zeta_s-1": 7.9e-06, "hemisphere": "S", "time": "2025-05-01T00:00:00.000000000"}}, {"type": "Feature", "geometry": {"type": "Point", "coordinates": [146.6875, 12.9375]}, "properties": {"type": "anticyclone", "ssh_m": 0.2673, "zeta_s-1": -3.5e-06, "hemisphere": "N", "time": "2025-05-01T00:00:00.000000000"}}, {"type": "Feature", "geometry": {"type": "Point", "coordinates": [7.1875, -26.6875]}, "properties": {"type": "anticyclone", "ssh_m": 0.2672, "zeta_s-1": 1.23e-05, "hemisphere": "S", "time": "2025-05-01T00:00:00.000000000"}}, {"type": "Feature", "geometry": {"type": "Point", "coordinates": [-83.8125, -60.1875]}, "properties": {"type": "anticyclone", "ssh_m": 0.2668, "zeta_s-1": 6.6e-06, "hemisphere": "S", "time": "2025-05-01T00:00:00.000000000"}}, {"type": "Feature", "geometry": {"type": "Point", "coordinates": [128.8125, 15.8125]}, "properties": {"type": "anticyclone", "ssh_m": 0.2667, "zeta_s-1": -6.8e-06, "hemisphere": "N", "time": "2025-05-01T00:00:00.000000000"}}, {"type": "Feature", "geometry": {"type": "Point", "coordinates": [92.1875, -50.5625]}, "properties": {"type": "anticyclone", "ssh_m": 0.2665, "zeta_s-1": 2.73e-05, "hemisphere": "S", "time": "2025-05-01T00:00:00.000000000"}}, {"type": "Feature", "geometry": {"type": "Point", "coordinates": [-34.8125, 43.8125]}, "properties": {"type": "anticyclone", "ssh_m": 0.2664, "zeta_s-1": -1.75e-05, "hemisphere": "N", "time": "2025-05-01T00:00:00.000000000"}}, {"type": "Feature", "geometry": {"type": "Point", "coordinates": [-90.8125, -60.4375]}, "properties": {"type": "anticyclone", "ssh_m": 0.2663, "zeta_s-1": 1.36e-05, "hemisphere": "S", "time": "2025-05-01T00:00:00.000000000"}}, {"type": "Feature", "geometry": {"type": "Point", "coordinates": [-176.4375, -50.9375]}, "properties": {"type": "anticyclone", "ssh_m": 0.2663, "zeta_s-1": 1.46e-05, "hemisphere": "S", "time": "2025-05-01T00:00:00.000000000"}}, {"type": "Feature", "geometry": {"type": "Point", "coordinates": [-14.0625, -37.9375]}, "properties": {"type": "anticyclone", "ssh_m": 0.2661, "zeta_s-1": 1.03e-05, "hemisphere": "S", "time": "2025-05-01T00:00:00.000000000"}}, {"type": "Feature", "geometry": {"type": "Point", "coordinates": [-176.8125, -34.5625]}, "properties": {"type": "anticyclone", "ssh_m": 0.2656, "zeta_s-1": 1e-05, "hemisphere": "S", "time": "2025-05-01T00:00:00.000000000"}}, {"type": "Feature", "geometry": {"type": "Point", "coordinates": [-138.8125, -29.9375]}, "properties": {"type": "anticyclone", "ssh_m": 0.2655, "zeta_s-1": 9.9e-06, "hemisphere": "S", "time": "2025-05-01T00:00:00.000000000"}}, {"type": "Feature", "geometry": {"type": "Point", "coordinates": [-169.4375, -35.8125]}, "properties": {"type": "anticyclone", "ssh_m": 0.2653, "zeta_s-1": 4.8e-06, "hemisphere": "S", "time": "2025-05-01T00:00:00.000000000"}}, {"type": "Feature", "geometry": {"type": "Point", "coordinates": [176.9375, 41.3125]}, "properties": {"type": "anticyclone", "ssh_m": 0.265, "zeta_s-1": -1.58e-05, "hemisphere": "N", "time": "2025-05-01T00:00:00.000000000"}}, {"type": "Feature", "geometry": {"type": "Point", "coordinates": [54.5625, -35.8125]}, "properties": {"type": "anticyclone", "ssh_m": 0.2649, "zeta_s-1": 7.7e-06, "hemisphere": "S", "time": "2025-05-01T00:00:00.000000000"}}, {"type": "Feature", "geometry": {"type": "Point", "coordinates": [126.1875, -5.8125]}, "properties": {"type": "anticyclone", "ssh_m": 0.264, "zeta_s-1": NaN, "hemisphere": "S", "time": "2025-05-01T00:00:00.000000000"}}, {"type": "Feature", "geometry": {"type": "Point", "coordinates": [114.0625, -16.0625]}, "properties": {"type": "anticyclone", "ssh_m": 0.2639, "zeta_s-1": 5.1e-06, "hemisphere": "S", "time": "2025-05-01T00:00:00.000000000"}}, {"type": "Feature", "geometry": {"type": "Point", "coordinates": [91.8125, 79.5625]}, "properties": {"type": "anticyclone", "ssh_m": 0.2635, "zeta_s-1": -7.6e-06, "hemisphere": "N", "time": "2025-05-01T00:00:00.000000000"}}, {"type": "Feature", "geometry": {"type": "Point", "coordinates": [-137.5625, 56.8125]}, "properties": {"type": "anticyclone", "ssh_m": 0.2632, "zeta_s-1": -2.05e-05, "hemisphere": "N", "time": "2025-05-01T00:00:00.000000000"}}, {"type": "Feature", "geometry": {"type": "Point", "coordinates": [157.0625, -45.3125]}, "properties": {"type": "anticyclone", "ssh_m": 0.2628, "zeta_s-1": 9.5e-06, "hemisphere": "S", "time": "2025-05-01T00:00:00.000000000"}}, {"type": "Feature", "geometry": {"type": "Point", "coordinates": [-27.9375, 44.1875]}, "properties": {"type": "anticyclone", "ssh_m": 0.2625, "zeta_s-1": -1.34e-05, "hemisphere": "N", "time": "2025-05-01T00:00:00.000000000"}}, {"type": "Feature", "geometry": {"type": "Point", "coordinates": [175.3125, -42.1875]}, "properties": {"type": "anticyclone", "ssh_m": 0.2623, "zeta_s-1": 2.68e-05, "hemisphere": "S", "time": "2025-05-01T00:00:00.000000000"}}, {"type": "Feature", "geometry": {"type": "Point", "coordinates": [153.3125, 11.1875]}, "properties": {"type": "anticyclone", "ssh_m": 0.2623, "zeta_s-1": -5.2e-06, "hemisphere": "N", "time": "2025-05-01T00:00:00.000000000"}}, {"type": "Feature", "geometry": {"type": "Point", "coordinates": [-161.1875, -38.1875]}, "properties": {"type": "anticyclone", "ssh_m": 0.2621, "zeta_s-1": 7.8e-06, "hemisphere": "S", "time": "2025-05-01T00:00:00.000000000"}}, {"type": "Feature", "geometry": {"type": "Point", "coordinates": [-143.9375, 58.9375]}, "properties": {"type": "anticyclone", "ssh_m": 0.2619, "zeta_s-1": -1.81e-05, "hemisphere": "N", "time": "2025-05-01T00:00:00.000000000"}}, {"type": "Feature", "geometry": {"type": "Point", "coordinates": [-131.4375, -30.0625]}, "properties": {"type": "anticyclone", "ssh_m": 0.2618, "zeta_s-1": 6.7e-06, "hemisphere": "S", "time": "2025-05-01T00:00:00.000000000"}}, {"type": "Feature", "geometry": {"type": "Point", "coordinates": [136.6875, -34.1875]}, "properties": {"type": "anticyclone", "ssh_m": 0.2614, "zeta_s-1": 9.2e-06, "hemisphere": "S", "time": "2025-05-01T00:00:00.000000000"}}, {"type": "Feature", "geometry": {"type": "Point", "coordinates": [153.4375, 16.6875]}, "properties": {"type": "anticyclone", "ssh_m": 0.2614, "zeta_s-1": -8.8e-06, "hemisphere": "N", "time": "2025-05-01T00:00:00.000000000"}}, {"type": "Feature", "geometry": {"type": "Point", "coordinates": [41.1875, 18.8125]}, "properties": {"type": "anticyclone", "ssh_m": 0.2614, "zeta_s-1": NaN, "hemisphere": "N", "time": "2025-05-01T00:00:00.000000000"}}, {"type": "Feature", "geometry": {"type": "Point", "coordinates": [66.6875, 25.0625]}, "properties": {"type": "anticyclone", "ssh_m": 0.2609, "zeta_s-1": NaN, "hemisphere": "N", "time": "2025-05-01T00:00:00.000000000"}}, {"type": "Feature", "geometry": {"type": "Point", "coordinates": [-124.6875, -31.4375]}, "properties": {"type": "anticyclone", "ssh_m": 0.2606, "zeta_s-1": 6.8e-06, "hemisphere": "S", "time": "2025-05-01T00:00:00.000000000"}}, {"type": "Feature", "geometry": {"type": "Point", "coordinates": [127.1875, -59.4375]}, "properties": {"type": "anticyclone", "ssh_m": 0.2595, "zeta_s-1": 1.07e-05, "hemisphere": "S", "time": "2025-05-01T00:00:00.000000000"}}, {"type": "Feature", "geometry": {"type": "Point", "coordinates": [115.8125, -14.3125]}, "properties": {"type": "anticyclone", "ssh_m": 0.2595, "zeta_s-1": 1.06e-05, "hemisphere": "S", "time": "2025-05-01T00:00:00.000000000"}}, {"type": "Feature", "geometry": {"type": "Point", "coordinates": [124.1875, -33.6875]}, "properties": {"type": "anticyclone", "ssh_m": 0.2594, "zeta_s-1": 5.2e-06, "hemisphere": "S", "time": "2025-05-01T00:00:00.000000000"}}, {"type": "Feature", "geometry": {"type": "Point", "coordinates": [62.3125, 20.8125]}, "properties": {"type": "anticyclone", "ssh_m": 0.2592, "zeta_s-1": -1.17e-05, "hemisphere": "N", "time": "2025-05-01T00:00:00.000000000"}}, {"type": "Feature", "geometry": {"type": "Point", "coordinates": [-166.4375, 39.0625]}, "properties": {"type": "anticyclone", "ssh_m": 0.259, "zeta_s-1": -1.16e-05, "hemisphere": "N", "time": "2025-05-01T00:00:00.000000000"}}, {"type": "Feature", "geometry": {"type": "Point", "coordinates": [16.6875, -42.6875]}, "properties": {"type": "anticyclone", "ssh_m": 0.2589, "zeta_s-1": 1.84e-05, "hemisphere": "S", "time": "2025-05-01T00:00:00.000000000"}}, {"type": "Feature", "geometry": {"type": "Point", "coordinates": [-125.4375, -54.8125]}, "properties": {"type": "anticyclone", "ssh_m": 0.2588, "zeta_s-1": 9.7e-06, "hemisphere": "S", "time": "2025-05-01T00:00:00.000000000"}}, {"type": "Feature", "geometry": {"type": "Point", "coordinates": [22.0625, -45.1875]}, "properties": {"type": "anticyclone", "ssh_m": 0.2587, "zeta_s-1": 1.45e-05, "hemisphere": "S", "time": "2025-05-01T00:00:00.000000000"}}, {"type": "Feature", "geometry": {"type": "Point", "coordinates": [-30.6875, 43.8125]}, "properties": {"type": "anticyclone", "ssh_m": 0.2586, "zeta_s-1": -1.05e-05, "hemisphere": "N", "time": "2025-05-01T00:00:00.000000000"}}, {"type": "Feature", "geometry": {"type": "Point", "coordinates": [81.1875, -50.3125]}, "properties": {"type": "anticyclone", "ssh_m": 0.2582, "zeta_s-1": 1.83e-05, "hemisphere": "S", "time": "2025-05-01T00:00:00.000000000"}}, {"type": "Feature", "geometry": {"type": "Point", "coordinates": [-141.5625, -27.0625]}, "properties": {"type": "anticyclone", "ssh_m": 0.2582, "zeta_s-1": 9.8e-06, "hemisphere": "S", "time": "2025-05-01T00:00:00.000000000"}}, {"type": "Feature", "geometry": {"type": "Point", "coordinates": [-101.1875, -39.9375]}, "properties": {"type": "anticyclone", "ssh_m": 0.2578, "zeta_s-1": 9.3e-06, "hemisphere": "S", "time": "2025-05-01T00:00:00.000000000"}}, {"type": "Feature", "geometry": {"type": "Point", "coordinates": [130.6875, 26.4375]}, "properties": {"type": "anticyclone", "ssh_m": 0.2576, "zeta_s-1": -1.43e-05, "hemisphere": "N", "time": "2025-05-01T00:00:00.000000000"}}, {"type": "Feature", "geometry": {"type": "Point", "coordinates": [-2.5625, 61.6875]}, "properties": {"type": "anticyclone", "ssh_m": 0.2576, "zeta_s-1": -2.5e-05, "hemisphere": "N", "time": "2025-05-01T00:00:00.000000000"}}, {"type": "Feature", "geometry": {"type": "Point", "coordinates": [-133.9375, 52.9375]}, "properties": {"type": "anticyclone", "ssh_m": 0.2574, "zeta_s-1": -3.11e-05, "hemisphere": "N", "time": "2025-05-01T00:00:00.000000000"}}, {"type": "Feature", "geometry": {"type": "Point", "coordinates": [170.1875, -54.6875]}, "properties": {"type": "anticyclone", "ssh_m": 0.2572, "zeta_s-1": 1.33e-05, "hemisphere": "S", "time": "2025-05-01T00:00:00.000000000"}}, {"type": "Feature", "geometry": {"type": "Point", "coordinates": [-177.5625, -38.3125]}, "properties": {"type": "anticyclone", "ssh_m": 0.2572, "zeta_s-1": 1.52e-05, "hemisphere": "S", "time": "2025-05-01T00:00:00.000000000"}}, {"type": "Feature", "geometry": {"type": "Point", "coordinates": [-93.8125, 13.3125]}, "properties": {"type": "anticyclone", "ssh_m": 0.257, "zeta_s-1": -1.1e-05, "hemisphere": "N", "time": "2025-05-01T00:00:00.000000000"}}, {"type": "Feature", "geometry": {"type": "Point", "coordinates": [-82.4375, -57.9375]}, "properties": {"type": "anticyclone", "ssh_m": 0.2568, "zeta_s-1": 1.1e-05, "hemisphere": "S", "time": "2025-05-01T00:00:00.000000000"}}, {"type": "Feature", "geometry": {"type": "Point", "coordinates": [153.3125, -48.5625]}, "properties": {"type": "anticyclone", "ssh_m": 0.2564, "zeta_s-1": 1.02e-05, "hemisphere": "S", "time": "2025-05-01T00:00:00.000000000"}}, {"type": "Feature", "geometry": {"type": "Point", "coordinates": [-164.3125, -53.4375]}, "properties": {"type": "anticyclone", "ssh_m": 0.2563, "zeta_s-1": 4.8e-06, "hemisphere": "S", "time": "2025-05-01T00:00:00.000000000"}}, {"type": "Feature", "geometry": {"type": "Point", "coordinates": [146.6875, -44.6875]}, "properties": {"type": "anticyclone", "ssh_m": 0.2563, "zeta_s-1": 1.3e-05, "hemisphere": "S", "time": "2025-05-01T00:00:00.000000000"}}, {"type": "Feature", "geometry": {"type": "Point", "coordinates": [139.3125, -54.6875]}, "properties": {"type": "anticyclone", "ssh_m": 0.2562, "zeta_s-1": 6.1e-06, "hemisphere": "S", "time": "2025-05-01T00:00:00.000000000"}}, {"type": "Feature", "geometry": {"type": "Point", "coordinates": [-144.9375, -49.4375]}, "properties": {"type": "anticyclone", "ssh_m": 0.2557, "zeta_s-1": 7.8e-06, "hemisphere": "S", "time": "2025-05-01T00:00:00.000000000"}}, {"type": "Feature", "geometry": {"type": "Point", "coordinates": [-43.5625, 44.5625]}, "properties": {"type": "anticyclone", "ssh_m": 0.2555, "zeta_s-1": -1.05e-05, "hemisphere": "N", "time": "2025-05-01T00:00:00.000000000"}}, {"type": "Feature", "geometry": {"type": "Point", "coordinates": [-121.1875, -33.3125]}, "properties": {"type": "anticyclone", "ssh_m": 0.2554, "zeta_s-1": 1.02e-05, "hemisphere": "S", "time": "2025-05-01T00:00:00.000000000"}}, {"type": "Feature", "geometry": {"type": "Point", "coordinates": [-141.6875, 21.1875]}, "properties": {"type": "anticyclone", "ssh_m": 0.2552, "zeta_s-1": -6.2e-06, "hemisphere": "N", "time": "2025-05-01T00:00:00.000000000"}}, {"type": "Feature", "geometry": {"type": "Point", "coordinates": [-132.6875, -45.1875]}, "properties": {"type": "anticyclone", "ssh_m": 0.2551, "zeta_s-1": 5.3e-06, "hemisphere": "S", "time": "2025-05-01T00:00:00.000000000"}}, {"type": "Feature", "geometry": {"type": "Point", "coordinates": [109.3125, -7.8125]}, "properties": {"type": "anticyclone", "ssh_m": 0.2551, "zeta_s-1": NaN, "hemisphere": "S", "time": "2025-05-01T00:00:00.000000000"}}, {"type": "Feature", "geometry": {"type": "Point", "coordinates": [156.9375, 18.6875]}, "properties": {"type": "anticyclone", "ssh_m": 0.2551, "zeta_s-1": -1.12e-05, "hemisphere": "N", "time": "2025-05-01T00:00:00.000000000"}}, {"type": "Feature", "geometry": {"type": "Point", "coordinates": [3.6875, -47.5625]}, "properties": {"type": "anticyclone", "ssh_m": 0.255, "zeta_s-1": 1.19e-05, "hemisphere": "S", "time": "2025-05-01T00:00:00.000000000"}}, {"type": "Feature", "geometry": {"type": "Point", "coordinates": [111.5625, -31.6875]}, "properties": {"type": "anticyclone", "ssh_m": 0.255, "zeta_s-1": 1.31e-05, "hemisphere": "S", "time": "2025-05-01T00:00:00.000000000"}}, {"type": "Feature", "geometry": {"type": "Point", "coordinates": [-145.4375, -27.9375]}, "properties": {"type": "anticyclone", "ssh_m": 0.255, "zeta_s-1": 1.16e-05, "hemisphere": "S", "time": "2025-05-01T00:00:00.000000000"}}, {"type": "Feature", "geometry": {"type": "Point", "coordinates": [-152.0625, -49.6875]}, "properties": {"type": "anticyclone", "ssh_m": 0.2547, "zeta_s-1": 5.9e-06, "hemisphere": "S", "time": "2025-05-01T00:00:00.000000000"}}, {"type": "Feature", "geometry": {"type": "Point", "coordinates": [-19.1875, 59.4375]}, "properties": {"type": "anticyclone", "ssh_m": 0.2546, "zeta_s-1": -2.19e-05, "hemisphere": "N", "time": "2025-05-01T00:00:00.000000000"}}, {"type": "Feature", "geometry": {"type": "Point", "coordinates": [174.1875, -40.6875]}, "properties": {"type": "anticyclone", "ssh_m": 0.2544, "zeta_s-1": 1.67e-05, "hemisphere": "S", "time": "2025-05-01T00:00:00.000000000"}}, {"type": "Feature", "geometry": {"type": "Point", "coordinates": [-177.9375, -32.4375]}, "properties": {"type": "anticyclone", "ssh_m": 0.2541, "zeta_s-1": 5.6e-06, "hemisphere": "S", "time": "2025-05-01T00:00:00.000000000"}}, {"type": "Feature", "geometry": {"type": "Point", "coordinates": [-172.1875, 39.3125]}, "properties": {"type": "anticyclone", "ssh_m": 0.2541, "zeta_s-1": -1.45e-05, "hemisphere": "N", "time": "2025-05-01T00:00:00.000000000"}}, {"type": "Feature", "geometry": {"type": "Point", "coordinates": [-172.9375, -59.0625]}, "properties": {"type": "anticyclone", "ssh_m": 0.2539, "zeta_s-1": 1.08e-05, "hemisphere": "S", "time": "2025-05-01T00:00:00.000000000"}}, {"type": "Feature", "geometry": {"type": "Point", "coordinates": [90.3125, 10.1875]}, "properties": {"type": "anticyclone", "ssh_m": 0.2539, "zeta_s-1": -1.33e-05, "hemisphere": "N", "time": "2025-05-01T00:00:00.000000000"}}, {"type": "Feature", "geometry": {"type": "Point", "coordinates": [-172.5625, 22.6875]}, "properties": {"type": "anticyclone", "ssh_m": 0.2538, "zeta_s-1": -9.5e-06, "hemisphere": "N", "time": "2025-05-01T00:00:00.000000000"}}, {"type": "Feature", "geometry": {"type": "Point", "coordinates": [73.8125, 10.3125]}, "properties": {"type": "anticyclone", "ssh_m": 0.2536, "zeta_s-1": -8.2e-06, "hemisphere": "N", "time": "2025-05-01T00:00:00.000000000"}}, {"type": "Feature", "geometry": {"type": "Point", "coordinates": [-164.4375, -42.0625]}, "properties": {"type": "anticyclone", "ssh_m": 0.2535, "zeta_s-1": 1.05e-05, "hemisphere": "S", "time": "2025-05-01T00:00:00.000000000"}}, {"type": "Feature", "geometry": {"type": "Point", "coordinates": [84.9375, -47.5625]}, "properties": {"type": "anticyclone", "ssh_m": 0.2533, "zeta_s-1": 1.48e-05, "hemisphere": "S", "time": "2025-05-01T00:00:00.000000000"}}, {"type": "Feature", "geometry": {"type": "Point", "coordinates": [140.3125, -37.6875]}, "properties": {"type": "anticyclone", "ssh_m": 0.2533, "zeta_s-1": NaN, "hemisphere": "S", "time": "2025-05-01T00:00:00.000000000"}}, {"type": "Feature", "geometry": {"type": "Point", "coordinates": [175.5625, -34.5625]}, "properties": {"type": "anticyclone", "ssh_m": 0.2533, "zeta_s-1": 9.7e-06, "hemisphere": "S", "time": "2025-05-01T00:00:00.000000000"}}, {"type": "Feature", "geometry": {"type": "Point", "coordinates": [134.6875, 24.0625]}, "properties": {"type": "anticyclone", "ssh_m": 0.253, "zeta_s-1": -1.9e-05, "hemisphere": "N", "time": "2025-05-01T00:00:00.000000000"}}, {"type": "Feature", "geometry": {"type": "Point", "coordinates": [-77.8125, 27.8125]}, "properties": {"type": "anticyclone", "ssh_m": 0.253, "zeta_s-1": -2.52e-05, "hemisphere": "N", "time": "2025-05-01T00:00:00.000000000"}}, {"type": "Feature", "geometry": {"type": "Point", "coordinates": [-23.5625, 58.3125]}, "properties": {"type": "anticyclone", "ssh_m": 0.253, "zeta_s-1": -1.7e-05, "hemisphere": "N", "time": "2025-05-01T00:00:00.000000000"}}, {"type": "Feature", "geometry": {"type": "Point", "coordinates": [80.3125, -30.4375]}, "properties": {"type": "anticyclone", "ssh_m": 0.2529, "zeta_s-1": 6.3e-06, "hemisphere": "S", "time": "2025-05-01T00:00:00.000000000"}}, {"type": "Feature", "geometry": {"type": "Point", "coordinates": [-46.5625, -24.3125]}, "properties": {"type": "anticyclone", "ssh_m": 0.2529, "zeta_s-1": 7.7e-06, "hemisphere": "S", "time": "2025-05-01T00:00:00.000000000"}}, {"type": "Feature", "geometry": {"type": "Point", "coordinates": [-61.5625, 34.0625]}, "properties": {"type": "anticyclone", "ssh_m": 0.2529, "zeta_s-1": -1.54e-05, "hemisphere": "N", "time": "2025-05-01T00:00:00.000000000"}}, {"type": "Feature", "geometry": {"type": "Point", "coordinates": [-160.9375, 25.8125]}, "properties": {"type": "anticyclone", "ssh_m": 0.2528, "zeta_s-1": -5.6e-06, "hemisphere": "N", "time": "2025-05-01T00:00:00.000000000"}}, {"type": "Feature", "geometry": {"type": "Point", "coordinates": [-130.0625, -43.5625]}, "properties": {"type": "anticyclone", "ssh_m": 0.2526, "zeta_s-1": 1.06e-05, "hemisphere": "S", "time": "2025-05-01T00:00:00.000000000"}}, {"type": "Feature", "geometry": {"type": "Point", "coordinates": [-65.1875, 35.3125]}, "properties": {"type": "anticyclone", "ssh_m": 0.2524, "zeta_s-1": -1.34e-05, "hemisphere": "N", "time": "2025-05-01T00:00:00.000000000"}}, {"type": "Feature", "geometry": {"type": "Point", "coordinates": [-173.6875, 53.5625]}, "properties": {"type": "anticyclone", "ssh_m": 0.2523, "zeta_s-1": -1.52e-05, "hemisphere": "N", "time": "2025-05-01T00:00:00.000000000"}}, {"type": "Feature", "geometry": {"type": "Point", "coordinates": [-151.3125, -35.5625]}, "properties": {"type": "anticyclone", "ssh_m": 0.252, "zeta_s-1": 6.2e-06, "hemisphere": "S", "time": "2025-05-01T00:00:00.000000000"}}, {"type": "Feature", "geometry": {"type": "Point", "coordinates": [-25.1875, -46.1875]}, "properties": {"type": "anticyclone", "ssh_m": 0.2519, "zeta_s-1": 1.16e-05, "hemisphere": "S", "time": "2025-05-01T00:00:00.000000000"}}, {"type": "Feature", "geometry": {"type": "Point", "coordinates": [-174.5625, -31.0625]}, "properties": {"type": "anticyclone", "ssh_m": 0.2517, "zeta_s-1": 8.9e-06, "hemisphere": "S", "time": "2025-05-01T00:00:00.000000000"}}, {"type": "Feature", "geometry": {"type": "Point", "coordinates": [-126.6875, -43.5625]}, "properties": {"type": "anticyclone", "ssh_m": 0.2515, "zeta_s-1": 7.7e-06, "hemisphere": "S", "time": "2025-05-01T00:00:00.000000000"}}, {"type": "Feature", "geometry": {"type": "Point", "coordinates": [-27.0625, -40.1875]}, "properties": {"type": "anticyclone", "ssh_m": 0.2515, "zeta_s-1": 7.8e-06, "hemisphere": "S", "time": "2025-05-01T00:00:00.000000000"}}, {"type": "Feature", "geometry": {"type": "Point", "coordinates": [-103.4375, -38.0625]}, "properties": {"type": "anticyclone", "ssh_m": 0.2515, "zeta_s-1": 5.4e-06, "hemisphere": "S", "time": "2025-05-01T00:00:00.000000000"}}, {"type": "Feature", "geometry": {"type": "Point", "coordinates": [-143.6875, -47.3125]}, "properties": {"type": "anticyclone", "ssh_m": 0.2513, "zeta_s-1": 7e-06, "hemisphere": "S", "time": "2025-05-01T00:00:00.000000000"}}, {"type": "Feature", "geometry": {"type": "Point", "coordinates": [136.9375, -7.6875]}, "properties": {"type": "anticyclone", "ssh_m": 0.2513, "zeta_s-1": NaN, "hemisphere": "S", "time": "2025-05-01T00:00:00.000000000"}}, {"type": "Feature", "geometry": {"type": "Point", "coordinates": [92.6875, -58.9375]}, "properties": {"type": "anticyclone", "ssh_m": 0.2512, "zeta_s-1": 1.17e-05, "hemisphere": "S", "time": "2025-05-01T00:00:00.000000000"}}, {"type": "Feature", "geometry": {"type": "Point", "coordinates": [-169.5625, -41.1875]}, "properties": {"type": "anticyclone", "ssh_m": 0.2509, "zeta_s-1": 1.06e-05, "hemisphere": "S", "time": "2025-05-01T00:00:00.000000000"}}, {"type": "Feature", "geometry": {"type": "Point", "coordinates": [-177.9375, -61.4375]}, "properties": {"type": "anticyclone", "ssh_m": 0.2502, "zeta_s-1": 1.96e-05, "hemisphere": "S", "time": "2025-05-01T00:00:00.000000000"}}, {"type": "Feature", "geometry": {"type": "Point", "coordinates": [-150.6875, -44.3125]}, "properties": {"type": "anticyclone", "ssh_m": 0.2502, "zeta_s-1": 5.7e-06, "hemisphere": "S", "time": "2025-05-01T00:00:00.000000000"}}, {"type": "Feature", "geometry": {"type": "Point", "coordinates": [159.4375, -43.8125]}, "properties": {"type": "anticyclone", "ssh_m": 0.25, "zeta_s-1": 7.7e-06, "hemisphere": "S", "time": "2025-05-01T00:00:00.000000000"}}, {"type": "Feature", "geometry": {"type": "Point", "coordinates": [-2.8125, -35.1875]}, "properties": {"type": "anticyclone", "ssh_m": 0.25, "zeta_s-1": 5.6e-06, "hemisphere": "S", "time": "2025-05-01T00:00:00.000000000"}}, {"type": "Feature", "geometry": {"type": "Point", "coordinates": [-123.1875, -55.5625]}, "properties": {"type": "anticyclone", "ssh_m": 0.2499, "zeta_s-1": 1.05e-05, "hemisphere": "S", "time": "2025-05-01T00:00:00.000000000"}}, {"type": "Feature", "geometry": {"type": "Point", "coordinates": [-33.4375, 46.1875]}, "properties": {"type": "anticyclone", "ssh_m": 0.2499, "zeta_s-1": -1.14e-05, "hemisphere": "N", "time": "2025-05-01T00:00:00.000000000"}}, {"type": "Feature", "geometry": {"type": "Point", "coordinates": [-118.5625, -52.0625]}, "properties": {"type": "anticyclone", "ssh_m": 0.2497, "zeta_s-1": 1.42e-05, "hemisphere": "S", "time": "2025-05-01T00:00:00.000000000"}}, {"type": "Feature", "geometry": {"type": "Point", "coordinates": [-75.4375, -34.3125]}, "properties": {"type": "anticyclone", "ssh_m": 0.2494, "zeta_s-1": 1.53e-05, "hemisphere": "S", "time": "2025-05-01T00:00:00.000000000"}}, {"type": "Feature", "geometry": {"type": "Point", "coordinates": [136.3125, 27.9375]}, "properties": {"type": "anticyclone", "ssh_m": 0.2494, "zeta_s-1": -1.96e-05, "hemisphere": "N", "time": "2025-05-01T00:00:00.000000000"}}, {"type": "Feature", "geometry": {"type": "Point", "coordinates": [-13.5625, 54.9375]}, "properties": {"type": "anticyclone", "ssh_m": 0.2494, "zeta_s-1": -2.27e-05, "hemisphere": "N", "time": "2025-05-01T00:00:00.000000000"}}, {"type": "Feature", "geometry": {"type": "Point", "coordinates": [143.0625, -44.4375]}, "properties": {"type": "anticyclone", "ssh_m": 0.2492, "zeta_s-1": 1.32e-05, "hemisphere": "S", "time": "2025-05-01T00:00:00.000000000"}}, {"type": "Feature", "geometry": {"type": "Point", "coordinates": [-163.1875, -39.6875]}, "properties": {"type": "anticyclone", "ssh_m": 0.2492, "zeta_s-1": 1.25e-05, "hemisphere": "S", "time": "2025-05-01T00:00:00.000000000"}}, {"type": "Feature", "geometry": {"type": "Point", "coordinates": [-157.8125, -35.9375]}, "properties": {"type": "anticyclone", "ssh_m": 0.2489, "zeta_s-1": 6.6e-06, "hemisphere": "S", "time": "2025-05-01T00:00:00.000000000"}}, {"type": "Feature", "geometry": {"type": "Point", "coordinates": [100.6875, -34.8125]}, "properties": {"type": "anticyclone", "ssh_m": 0.2488, "zeta_s-1": 1.69e-05, "hemisphere": "S", "time": "2025-05-01T00:00:00.000000000"}}, {"type": "Feature", "geometry": {"type": "Point", "coordinates": [-56.0625, 34.3125]}, "properties": {"type": "anticyclone", "ssh_m": 0.2488, "zeta_s-1": -1.9e-05, "hemisphere": "N", "time": "2025-05-01T00:00:00.000000000"}}, {"type": "Feature", "geometry": {"type": "Point", "coordinates": [-139.9375, -44.6875]}, "properties": {"type": "anticyclone", "ssh_m": 0.2487, "zeta_s-1": 7.5e-06, "hemisphere": "S", "time": "2025-05-01T00:00:00.000000000"}}, {"type": "Feature", "geometry": {"type": "Point", "coordinates": [-135.8125, -43.1875]}, "properties": {"type": "anticyclone", "ssh_m": 0.2482, "zeta_s-1": 1.02e-05, "hemisphere": "S", "time": "2025-05-01T00:00:00.000000000"}}, {"type": "Feature", "geometry": {"type": "Point", "coordinates": [-161.4375, -34.1875]}, "properties": {"type": "anticyclone", "ssh_m": 0.2482, "zeta_s-1": 3.2e-06, "hemisphere": "S", "time": "2025-05-01T00:00:00.000000000"}}, {"type": "Feature", "geometry": {"type": "Point", "coordinates": [134.9375, -37.4375]}, "properties": {"type": "anticyclone", "ssh_m": 0.2481, "zeta_s-1": 1.3e-05, "hemisphere": "S", "time": "2025-05-01T00:00:00.000000000"}}, {"type": "Feature", "geometry": {"type": "Point", "coordinates": [70.0625, 11.6875]}, "properties": {"type": "anticyclone", "ssh_m": 0.248, "zeta_s-1": -6e-06, "hemisphere": "N", "time": "2025-05-01T00:00:00.000000000"}}, {"type": "Feature", "geometry": {"type": "Point", "coordinates": [-27.3125, 45.9375]}, "properties": {"type": "anticyclone", "ssh_m": 0.248, "zeta_s-1": -1.79e-05, "hemisphere": "N", "time": "2025-05-01T00:00:00.000000000"}}, {"type": "Feature", "geometry": {"type": "Point", "coordinates": [47.8125, -55.1875]}, "properties": {"type": "anticyclone", "ssh_m": 0.2478, "zeta_s-1": 1.39e-05, "hemisphere": "S", "time": "2025-05-01T00:00:00.000000000"}}, {"type": "Feature", "geometry": {"type": "Point", "coordinates": [-46.4375, -51.9375]}, "properties": {"type": "anticyclone", "ssh_m": 0.2478, "zeta_s-1": 1.65e-05, "hemisphere": "S", "time": "2025-05-01T00:00:00.000000000"}}, {"type": "Feature", "geometry": {"type": "Point", "coordinates": [-167.1875, -44.8125]}, "properties": {"type": "anticyclone", "ssh_m": 0.2478, "zeta_s-1": 7.7e-06, "hemisphere": "S", "time": "2025-05-01T00:00:00.000000000"}}, {"type": "Feature", "geometry": {"type": "Point", "coordinates": [177.9375, -51.9375]}, "properties": {"type": "anticyclone", "ssh_m": 0.2476, "zeta_s-1": 9.8e-06, "hemisphere": "S", "time": "2025-05-01T00:00:00.000000000"}}, {"type": "Feature", "geometry": {"type": "Point", "coordinates": [174.9375, -36.8125]}, "properties": {"type": "anticyclone", "ssh_m": 0.2474, "zeta_s-1": 2.1e-06, "hemisphere": "S", "time": "2025-05-01T00:00:00.000000000"}}, {"type": "Feature", "geometry": {"type": "Point", "coordinates": [129.3125, -63.0625]}, "properties": {"type": "anticyclone", "ssh_m": 0.2473, "zeta_s-1": 1.44e-05, "hemisphere": "S", "time": "2025-05-01T00:00:00.000000000"}}, {"type": "Feature", "geometry": {"type": "Point", "coordinates": [-114.6875, 31.5625]}, "properties": {"type": "anticyclone", "ssh_m": 0.2473, "zeta_s-1": NaN, "hemisphere": "N", "time": "2025-05-01T00:00:00.000000000"}}, {"type": "Feature", "geometry": {"type": "Point", "coordinates": [-22.5625, 46.1875]}, "properties": {"type": "anticyclone", "ssh_m": 0.2472, "zeta_s-1": -8.2e-06, "hemisphere": "N", "time": "2025-05-01T00:00:00.000000000"}}, {"type": "Feature", "geometry": {"type": "Point", "coordinates": [93.4375, -40.1875]}, "properties": {"type": "anticyclone", "ssh_m": 0.2471, "zeta_s-1": 1.04e-05, "hemisphere": "S", "time": "2025-05-01T00:00:00.000000000"}}, {"type": "Feature", "geometry": {"type": "Point", "coordinates": [-70.6875, 28.8125]}, "properties": {"type": "anticyclone", "ssh_m": 0.2469, "zeta_s-1": -1.51e-05, "hemisphere": "N", "time": "2025-05-01T00:00:00.000000000"}}, {"type": "Feature", "geometry": {"type": "Point", "coordinates": [-168.1875, -39.9375]}, "properties": {"type": "anticyclone", "ssh_m": 0.2468, "zeta_s-1": 7.9e-06, "hemisphere": "S", "time": "2025-05-01T00:00:00.000000000"}}, {"type": "Feature", "geometry": {"type": "Point", "coordinates": [-21.1875, -37.9375]}, "properties": {"type": "anticyclone", "ssh_m": 0.2468, "zeta_s-1": 8e-06, "hemisphere": "S", "time": "2025-05-01T00:00:00.000000000"}}, {"type": "Feature", "geometry": {"type": "Point", "coordinates": [111.6875, -8.3125]}, "properties": {"type": "anticyclone", "ssh_m": 0.2468, "zeta_s-1": NaN, "hemisphere": "S", "time": "2025-05-01T00:00:00.000000000"}}, {"type": "Feature", "geometry": {"type": "Point", "coordinates": [-125.4375, 11.8125]}, "properties": {"type": "anticyclone", "ssh_m": 0.2468, "zeta_s-1": -4e-06, "hemisphere": "N", "time": "2025-05-01T00:00:00.000000000"}}, {"type": "Feature", "geometry": {"type": "Point", "coordinates": [-89.3125, -56.9375]}, "properties": {"type": "anticyclone", "ssh_m": 0.2467, "zeta_s-1": 9.6e-06, "hemisphere": "S", "time": "2025-05-01T00:00:00.000000000"}}, {"type": "Feature", "geometry": {"type": "Point", "coordinates": [67.8125, -58.4375]}, "properties": {"type": "anticyclone", "ssh_m": 0.2465, "zeta_s-1": 8.6e-06, "hemisphere": "S", "time": "2025-05-01T00:00:00.000000000"}}, {"type": "Feature", "geometry": {"type": "Point", "coordinates": [169.4375, 48.8125]}, "properties": {"type": "anticyclone", "ssh_m": 0.2464, "zeta_s-1": -6.7e-06, "hemisphere": "N", "time": "2025-05-01T00:00:00.000000000"}}, {"type": "Feature", "geometry": {"type": "Point", "coordinates": [-56.6875, -53.4375]}, "properties": {"type": "anticyclone", "ssh_m": 0.2462, "zeta_s-1": 1.85e-05, "hemisphere": "S", "time": "2025-05-01T00:00:00.000000000"}}, {"type": "Feature", "geometry": {"type": "Point", "coordinates": [-91.0625, 12.8125]}, "properties": {"type": "anticyclone", "ssh_m": 0.2462, "zeta_s-1": -1.28e-05, "hemisphere": "N", "time": "2025-05-01T00:00:00.000000000"}}, {"type": "Feature", "geometry": {"type": "Point", "coordinates": [-40.3125, -26.8125]}, "properties": {"type": "anticyclone", "ssh_m": 0.2461, "zeta_s-1": 8.7e-06, "hemisphere": "S", "time": "2025-05-01T00:00:00.000000000"}}, {"type": "Feature", "geometry": {"type": "Point", "coordinates": [-42.3125, -24.1875]}, "properties": {"type": "anticyclone", "ssh_m": 0.2461, "zeta_s-1": 1.36e-05, "hemisphere": "S", "time": "2025-05-01T00:00:00.000000000"}}, {"type": "Feature", "geometry": {"type": "Point", "coordinates": [-32.1875, -26.1875]}, "properties": {"type": "anticyclone", "ssh_m": 0.2459, "zeta_s-1": 5.7e-06, "hemisphere": "S", "time": "2025-05-01T00:00:00.000000000"}}, {"type": "Feature", "geometry": {"type": "Point", "coordinates": [61.0625, 17.1875]}, "properties": {"type": "anticyclone", "ssh_m": 0.2459, "zeta_s-1": -1.03e-05, "hemisphere": "N", "time": "2025-05-01T00:00:00.000000000"}}, {"type": "Feature", "geometry": {"type": "Point", "coordinates": [-155.4375, -27.1875]}, "properties": {"type": "anticyclone", "ssh_m": 0.2456, "zeta_s-1": 6e-06, "hemisphere": "S", "time": "2025-05-01T00:00:00.000000000"}}, {"type": "Feature", "geometry": {"type": "Point", "coordinates": [-172.1875, -30.6875]}, "properties": {"type": "anticyclone", "ssh_m": 0.2451, "zeta_s-1": 5.6e-06, "hemisphere": "S", "time": "2025-05-01T00:00:00.000000000"}}, {"type": "Feature", "geometry": {"type": "Point", "coordinates": [-72.4375, -58.8125]}, "properties": {"type": "anticyclone", "ssh_m": 0.245, "zeta_s-1": 1.57e-05, "hemisphere": "S", "time": "2025-05-01T00:00:00.000000000"}}, {"type": "Feature", "geometry": {"type": "Point", "coordinates": [-56.1875, 30.0625]}, "properties": {"type": "anticyclone", "ssh_m": 0.245, "zeta_s-1": -1.35e-05, "hemisphere": "N", "time": "2025-05-01T00:00:00.000000000"}}, {"type": "Feature", "geometry": {"type": "Point", "coordinates": [-94.4375, 15.6875]}, "properties": {"type": "anticyclone", "ssh_m": 0.2447, "zeta_s-1": -1.72e-05, "hemisphere": "N", "time": "2025-05-01T00:00:00.000000000"}}, {"type": "Feature", "geometry": {"type": "Point", "coordinates": [-147.0625, -42.0625]}, "properties": {"type": "anticyclone", "ssh_m": 0.2446, "zeta_s-1": 7e-06, "hemisphere": "S", "time": "2025-05-01T00:00:00.000000000"}}, {"type": "Feature", "geometry": {"type": "Point", "coordinates": [-37.4375, -56.0625]}, "properties": {"type": "anticyclone", "ssh_m": 0.2445, "zeta_s-1": 1.5e-05, "hemisphere": "S", "time": "2025-05-01T00:00:00.000000000"}}, {"type": "Feature", "geometry": {"type": "Point", "coordinates": [119.6875, -41.9375]}, "properties": {"type": "anticyclone", "ssh_m": 0.2445, "zeta_s-1": 2.58e-05, "hemisphere": "S", "time": "2025-05-01T00:00:00.000000000"}}, {"type": "Feature", "geometry": {"type": "Point", "coordinates": [-98.0625, -42.0625]}, "properties": {"type": "anticyclone", "ssh_m": 0.2444, "zeta_s-1": 9.2e-06, "hemisphere": "S", "time": "2025-05-01T00:00:00.000000000"}}, {"type": "Feature", "geometry": {"type": "Point", "coordinates": [-131.4375, -51.8125]}, "properties": {"type": "anticyclone", "ssh_m": 0.2443, "zeta_s-1": 1.08e-05, "hemisphere": "S", "time": "2025-05-01T00:00:00.000000000"}}, {"type": "Feature", "geometry": {"type": "Point", "coordinates": [72.4375, 18.4375]}, "properties": {"type": "anticyclone", "ssh_m": 0.2443, "zeta_s-1": -1.06e-05, "hemisphere": "N", "time": "2025-05-01T00:00:00.000000000"}}, {"type": "Feature", "geometry": {"type": "Point", "coordinates": [-18.9375, 49.1875]}, "properties": {"type": "anticyclone", "ssh_m": 0.2443, "zeta_s-1": -2.2e-05, "hemisphere": "N", "time": "2025-05-01T00:00:00.000000000"}}, {"type": "Feature", "geometry": {"type": "Point", "coordinates": [156.8125, 13.8125]}, "properties": {"type": "anticyclone", "ssh_m": 0.244, "zeta_s-1": -5.3e-06, "hemisphere": "N", "time": "2025-05-01T00:00:00.000000000"}}, {"type": "Feature", "geometry": {"type": "Point", "coordinates": [166.5625, 18.1875]}, "properties": {"type": "anticyclone", "ssh_m": 0.2439, "zeta_s-1": -1.14e-05, "hemisphere": "N", "time": "2025-05-01T00:00:00.000000000"}}, {"type": "Feature", "geometry": {"type": "Point", "coordinates": [49.8125, -54.6875]}, "properties": {"type": "anticyclone", "ssh_m": 0.2436, "zeta_s-1": 5e-06, "hemisphere": "S", "time": "2025-05-01T00:00:00.000000000"}}, {"type": "Feature", "geometry": {"type": "Point", "coordinates": [-133.0625, -41.6875]}, "properties": {"type": "anticyclone", "ssh_m": 0.2435, "zeta_s-1": 2.6e-06, "hemisphere": "S", "time": "2025-05-01T00:00:00.000000000"}}, {"type": "Feature", "geometry": {"type": "Point", "coordinates": [-4.8125, 60.8125]}, "properties": {"type": "anticyclone", "ssh_m": 0.2434, "zeta_s-1": -3.52e-05, "hemisphere": "N", "time": "2025-05-01T00:00:00.000000000"}}, {"type": "Feature", "geometry": {"type": "Point", "coordinates": [125.8125, 16.4375]}, "properties": {"type": "anticyclone", "ssh_m": 0.2432, "zeta_s-1": -5.4e-06, "hemisphere": "N", "time": "2025-05-01T00:00:00.000000000"}}, {"type": "Feature", "geometry": {"type": "Point", "coordinates": [-177.9375, -36.6875]}, "properties": {"type": "anticyclone", "ssh_m": 0.2431, "zeta_s-1": 8.8e-06, "hemisphere": "S", "time": "2025-05-01T00:00:00.000000000"}}, {"type": "Feature", "geometry": {"type": "Point", "coordinates": [131.4375, 5.5625]}, "properties": {"type": "anticyclone", "ssh_m": 0.2429, "zeta_s-1": NaN, "hemisphere": "N", "time": "2025-05-01T00:00:00.000000000"}}, {"type": "Feature", "geometry": {"type": "Point", "coordinates": [-178.3125, 53.6875]}, "properties": {"type": "anticyclone", "ssh_m": 0.2428, "zeta_s-1": -1.83e-05, "hemisphere": "N", "time": "2025-05-01T00:00:00.000000000"}}, {"type": "Feature", "geometry": {"type": "Point", "coordinates": [-88.9375, 12.1875]}, "properties": {"type": "anticyclone", "ssh_m": 0.2427, "zeta_s-1": -1.22e-05, "hemisphere": "N", "time": "2025-05-01T00:00:00.000000000"}}, {"type": "Feature", "geometry": {"type": "Point", "coordinates": [107.5625, -55.9375]}, "properties": {"type": "anticyclone", "ssh_m": 0.2426, "zeta_s-1": 1.67e-05, "hemisphere": "S", "time": "2025-05-01T00:00:00.000000000"}}, {"type": "Feature", "geometry": {"type": "Point", "coordinates": [-133.9375, -48.8125]}, "properties": {"type": "anticyclone", "ssh_m": 0.2426, "zeta_s-1": 3.3e-06, "hemisphere": "S", "time": "2025-05-01T00:00:00.000000000"}}, {"type": "Feature", "geometry": {"type": "Point", "coordinates": [148.8125, -41.6875]}, "properties": {"type": "anticyclone", "ssh_m": 0.2425, "zeta_s-1": 9.9e-06, "hemisphere": "S", "time": "2025-05-01T00:00:00.000000000"}}, {"type": "Feature", "geometry": {"type": "Point", "coordinates": [130.5625, -31.9375]}, "properties": {"type": "anticyclone", "ssh_m": 0.2425, "zeta_s-1": 4.3e-06, "hemisphere": "S", "time": "2025-05-01T00:00:00.000000000"}}, {"type": "Feature", "geometry": {"type": "Point", "coordinates": [101.5625, -36.5625]}, "properties": {"type": "anticyclone", "ssh_m": 0.2417, "zeta_s-1": 1.05e-05, "hemisphere": "S", "time": "2025-05-01T00:00:00.000000000"}}, {"type": "Feature", "geometry": {"type": "Point", "coordinates": [170.6875, -12.5625]}, "properties": {"type": "anticyclone", "ssh_m": 0.2413, "zeta_s-1": 6.2e-06, "hemisphere": "S", "time": "2025-05-01T00:00:00.000000000"}}, {"type": "Feature", "geometry": {"type": "Point", "coordinates": [-145.0625, 21.9375]}, "properties": {"type": "anticyclone", "ssh_m": 0.2413, "zeta_s-1": -3.8e-06, "hemisphere": "N", "time": "2025-05-01T00:00:00.000000000"}}, {"type": "Feature", "geometry": {"type": "Point", "coordinates": [-173.3125, -38.3125]}, "properties": {"type": "anticyclone", "ssh_m": 0.2412, "zeta_s-1": 3.9e-06, "hemisphere": "S", "time": "2025-05-01T00:00:00.000000000"}}, {"type": "Feature", "geometry": {"type": "Point", "coordinates": [165.0625, -46.1875]}, "properties": {"type": "anticyclone", "ssh_m": 0.2411, "zeta_s-1": 1.02e-05, "hemisphere": "S", "time": "2025-05-01T00:00:00.000000000"}}, {"type": "Feature", "geometry": {"type": "Point", "coordinates": [116.1875, -6.9375]}, "properties": {"type": "anticyclone", "ssh_m": 0.2411, "zeta_s-1": NaN, "hemisphere": "S", "time": "2025-05-01T00:00:00.000000000"}}, {"type": "Feature", "geometry": {"type": "Point", "coordinates": [-28.1875, -42.4375]}, "properties": {"type": "anticyclone", "ssh_m": 0.2409, "zeta_s-1": 1.15e-05, "hemisphere": "S", "time": "2025-05-01T00:00:00.000000000"}}, {"type": "Feature", "geometry": {"type": "Point", "coordinates": [-133.9375, -53.3125]}, "properties": {"type": "anticyclone", "ssh_m": 0.2407, "zeta_s-1": 1.73e-05, "hemisphere": "S", "time": "2025-05-01T00:00:00.000000000"}}, {"type": "Feature", "geometry": {"type": "Point", "coordinates": [-32.6875, 39.9375]}, "properties": {"type": "anticyclone", "ssh_m": 0.2406, "zeta_s-1": -1.89e-05, "hemisphere": "N", "time": "2025-05-01T00:00:00.000000000"}}, {"type": "Feature", "geometry": {"type": "Point", "coordinates": [171.1875, 57.5625]}, "properties": {"type": "anticyclone", "ssh_m": 0.2403, "zeta_s-1": -2.76e-05, "hemisphere": "N", "time": "2025-05-01T00:00:00.000000000"}}, {"type": "Feature", "geometry": {"type": "Point", "coordinates": [163.6875, -47.0625]}, "properties": {"type": "anticyclone", "ssh_m": 0.2399, "zeta_s-1": 8.5e-06, "hemisphere": "S", "time": "2025-05-01T00:00:00.000000000"}}, {"type": "Feature", "geometry": {"type": "Point", "coordinates": [146.6875, 46.9375]}, "properties": {"type": "anticyclone", "ssh_m": 0.2398, "zeta_s-1": -2.4e-05, "hemisphere": "N", "time": "2025-05-01T00:00:00.000000000"}}, {"type": "Feature", "geometry": {"type": "Point", "coordinates": [-21.4375, 51.8125]}, "properties": {"type": "anticyclone", "ssh_m": 0.2398, "zeta_s-1": -1.1e-05, "hemisphere": "N", "time": "2025-05-01T00:00:00.000000000"}}, {"type": "Feature", "geometry": {"type": "Point", "coordinates": [167.6875, -44.5625]}, "properties": {"type": "anticyclone", "ssh_m": 0.2395, "zeta_s-1": NaN, "hemisphere": "S", "time": "2025-05-01T00:00:00.000000000"}}, {"type": "Feature", "geometry": {"type": "Point", "coordinates": [-157.4375, -28.1875]}, "properties": {"type": "anticyclone", "ssh_m": 0.2395, "zeta_s-1": 6.2e-06, "hemisphere": "S", "time": "2025-05-01T00:00:00.000000000"}}, {"type": "Feature", "geometry": {"type": "Point", "coordinates": [121.8125, -9.8125]}, "properties": {"type": "anticyclone", "ssh_m": 0.2395, "zeta_s-1": 1.05e-05, "hemisphere": "S", "time": "2025-05-01T00:00:00.000000000"}}, {"type": "Feature", "geometry": {"type": "Point", "coordinates": [82.1875, -31.1875]}, "properties": {"type": "anticyclone", "ssh_m": 0.2393, "zeta_s-1": 7.5e-06, "hemisphere": "S", "time": "2025-05-01T00:00:00.000000000"}}, {"type": "Feature", "geometry": {"type": "Point", "coordinates": [104.4375, -28.8125]}, "properties": {"type": "anticyclone", "ssh_m": 0.239, "zeta_s-1": 8.7e-06, "hemisphere": "S", "time": "2025-05-01T00:00:00.000000000"}}, {"type": "Feature", "geometry": {"type": "Point", "coordinates": [139.6875, -46.5625]}, "properties": {"type": "anticyclone", "ssh_m": 0.2389, "zeta_s-1": 1.18e-05, "hemisphere": "S", "time": "2025-05-01T00:00:00.000000000"}}, {"type": "Feature", "geometry": {"type": "Point", "coordinates": [-176.5625, -43.8125]}, "properties": {"type": "anticyclone", "ssh_m": 0.2389, "zeta_s-1": 8.4e-06, "hemisphere": "S", "time": "2025-05-01T00:00:00.000000000"}}, {"type": "Feature", "geometry": {"type": "Point", "coordinates": [150.3125, 25.0625]}, "properties": {"type": "anticyclone", "ssh_m": 0.2388, "zeta_s-1": -7.3e-06, "hemisphere": "N", "time": "2025-05-01T00:00:00.000000000"}}, {"type": "Feature", "geometry": {"type": "Point", "coordinates": [100.5625, -48.8125]}, "properties": {"type": "anticyclone", "ssh_m": 0.2387, "zeta_s-1": 1.07e-05, "hemisphere": "S", "time": "2025-05-01T00:00:00.000000000"}}, {"type": "Feature", "geometry": {"type": "Point", "coordinates": [121.4375, 15.0625]}, "properties": {"type": "anticyclone", "ssh_m": 0.2385, "zeta_s-1": NaN, "hemisphere": "N", "time": "2025-05-01T00:00:00.000000000"}}, {"type": "Feature", "geometry": {"type": "Point", "coordinates": [-34.4375, 34.6875]}, "properties": {"type": "anticyclone", "ssh_m": 0.2382, "zeta_s-1": -1.28e-05, "hemisphere": "N", "time": "2025-05-01T00:00:00.000000000"}}, {"type": "Feature", "geometry": {"type": "Point", "coordinates": [-166.4375, -39.8125]}, "properties": {"type": "anticyclone", "ssh_m": 0.2381, "zeta_s-1": 7.6e-06, "hemisphere": "S", "time": "2025-05-01T00:00:00.000000000"}}, {"type": "Feature", "geometry": {"type": "Point", "coordinates": [-117.8125, -38.3125]}, "properties": {"type": "anticyclone", "ssh_m": 0.2381, "zeta_s-1": 9.8e-06, "hemisphere": "S", "time": "2025-05-01T00:00:00.000000000"}}, {"type": "Feature", "geometry": {"type": "Point", "coordinates": [-41.9375, 48.3125]}, "properties": {"type": "anticyclone", "ssh_m": 0.238, "zeta_s-1": -1.3e-05, "hemisphere": "N", "time": "2025-05-01T00:00:00.000000000"}}, {"type": "Feature", "geometry": {"type": "Point", "coordinates": [171.8125, -62.0625]}, "properties": {"type": "anticyclone", "ssh_m": 0.2378, "zeta_s-1": 1.37e-05, "hemisphere": "S", "time": "2025-05-01T00:00:00.000000000"}}, {"type": "Feature", "geometry": {"type": "Point", "coordinates": [171.8125, -41.4375]}, "properties": {"type": "anticyclone", "ssh_m": 0.2378, "zeta_s-1": 6.9e-06, "hemisphere": "S", "time": "2025-05-01T00:00:00.000000000"}}, {"type": "Feature", "geometry": {"type": "Point", "coordinates": [156.4375, -22.6875]}, "properties": {"type": "anticyclone", "ssh_m": 0.2376, "zeta_s-1": 1.41e-05, "hemisphere": "S", "time": "2025-05-01T00:00:00.000000000"}}, {"type": "Feature", "geometry": {"type": "Point", "coordinates": [93.1875, -21.5625]}, "properties": {"type": "anticyclone", "ssh_m": 0.2376, "zeta_s-1": 6.4e-06, "hemisphere": "S", "time": "2025-05-01T00:00:00.000000000"}}, {"type": "Feature", "geometry": {"type": "Point", "coordinates": [159.3125, -17.6875]}, "properties": {"type": "anticyclone", "ssh_m": 0.2376, "zeta_s-1": 7.2e-06, "hemisphere": "S", "time": "2025-05-01T00:00:00.000000000"}}, {"type": "Feature", "geometry": {"type": "Point", "coordinates": [-146.8125, -47.4375]}, "properties": {"type": "anticyclone", "ssh_m": 0.2375, "zeta_s-1": 5.9e-06, "hemisphere": "S", "time": "2025-05-01T00:00:00.000000000"}}, {"type": "Feature", "geometry": {"type": "Point", "coordinates": [-177.1875, 10.6875]}, "properties": {"type": "anticyclone", "ssh_m": 0.2373, "zeta_s-1": -3.7e-06, "hemisphere": "N", "time": "2025-05-01T00:00:00.000000000"}}, {"type": "Feature", "geometry": {"type": "Point", "coordinates": [-141.1875, -46.3125]}, "properties": {"type": "anticyclone", "ssh_m": 0.2369, "zeta_s-1": 6.3e-06, "hemisphere": "S", "time": "2025-05-01T00:00:00.000000000"}}, {"type": "Feature", "geometry": {"type": "Point", "coordinates": [168.1875, 11.6875]}, "properties": {"type": "anticyclone", "ssh_m": 0.2369, "zeta_s-1": -5.5e-06, "hemisphere": "N", "time": "2025-05-01T00:00:00.000000000"}}, {"type": "Feature", "geometry": {"type": "Point", "coordinates": [118.0625, -10.0625]}, "properties": {"type": "anticyclone", "ssh_m": 0.2363, "zeta_s-1": 9.5e-06, "hemisphere": "S", "time": "2025-05-01T00:00:00.000000000"}}, {"type": "Feature", "geometry": {"type": "Point", "coordinates": [153.8125, -50.0625]}, "properties": {"type": "anticyclone", "ssh_m": 0.236, "zeta_s-1": 1.62e-05, "hemisphere": "S", "time": "2025-05-01T00:00:00.000000000"}}, {"type": "Feature", "geometry": {"type": "Point", "coordinates": [124.0625, 0.4375]}, "properties": {"type": "anticyclone", "ssh_m": 0.236, "zeta_s-1": NaN, "hemisphere": "N", "time": "2025-05-01T00:00:00.000000000"}}, {"type": "Feature", "geometry": {"type": "Point", "coordinates": [1.4375, 76.9375]}, "properties": {"type": "anticyclone", "ssh_m": 0.2356, "zeta_s-1": -1.93e-05, "hemisphere": "N", "time": "2025-05-01T00:00:00.000000000"}}, {"type": "Feature", "geometry": {"type": "Point", "coordinates": [-146.8125, -35.6875]}, "properties": {"type": "anticyclone", "ssh_m": 0.2354, "zeta_s-1": 3.6e-06, "hemisphere": "S", "time": "2025-05-01T00:00:00.000000000"}}, {"type": "Feature", "geometry": {"type": "Point", "coordinates": [173.9375, -47.0625]}, "properties": {"type": "anticyclone", "ssh_m": 0.2351, "zeta_s-1": 9.8e-06, "hemisphere": "S", "time": "2025-05-01T00:00:00.000000000"}}, {"type": "Feature", "geometry": {"type": "Point", "coordinates": [-4.4375, -36.8125]}, "properties": {"type": "anticyclone", "ssh_m": 0.2347, "zeta_s-1": 9.5e-06, "hemisphere": "S", "time": "2025-05-01T00:00:00.000000000"}}, {"type": "Feature", "geometry": {"type": "Point", "coordinates": [-147.1875, -25.0625]}, "properties": {"type": "anticyclone", "ssh_m": 0.2347, "zeta_s-1": 1.04e-05, "hemisphere": "S", "time": "2025-05-01T00:00:00.000000000"}}, {"type": "Feature", "geometry": {"type": "Point", "coordinates": [85.5625, 9.8125]}, "properties": {"type": "anticyclone", "ssh_m": 0.2347, "zeta_s-1": -5.6e-06, "hemisphere": "N", "time": "2025-05-01T00:00:00.000000000"}}, {"type": "Feature", "geometry": {"type": "Point", "coordinates": [-172.6875, 26.3125]}, "properties": {"type": "anticyclone", "ssh_m": 0.2347, "zeta_s-1": -1.21e-05, "hemisphere": "N", "time": "2025-05-01T00:00:00.000000000"}}, {"type": "Feature", "geometry": {"type": "Point", "coordinates": [-25.8125, -50.8125]}, "properties": {"type": "anticyclone", "ssh_m": 0.2346, "zeta_s-1": 5.5e-06, "hemisphere": "S", "time": "2025-05-01T00:00:00.000000000"}}, {"type": "Feature", "geometry": {"type": "Point", "coordinates": [-49.4375, -31.5625]}, "properties": {"type": "anticyclone", "ssh_m": 0.2345, "zeta_s-1": 2e-05, "hemisphere": "S", "time": "2025-05-01T00:00:00.000000000"}}, {"type": "Feature", "geometry": {"type": "Point", "coordinates": [177.0625, 18.8125]}, "properties": {"type": "anticyclone", "ssh_m": 0.2339, "zeta_s-1": -9.3e-06, "hemisphere": "N", "time": "2025-05-01T00:00:00.000000000"}}, {"type": "Feature", "geometry": {"type": "Point", "coordinates": [-176.1875, 52.8125]}, "properties": {"type": "anticyclone", "ssh_m": 0.2338, "zeta_s-1": -2.22e-05, "hemisphere": "N", "time": "2025-05-01T00:00:00.000000000"}}, {"type": "Feature", "geometry": {"type": "Point", "coordinates": [6.1875, 72.0625]}, "properties": {"type": "anticyclone", "ssh_m": 0.2338, "zeta_s-1": -2.41e-05, "hemisphere": "N", "time": "2025-05-01T00:00:00.000000000"}}, {"type": "Feature", "geometry": {"type": "Point", "coordinates": [-126.4375, -40.1875]}, "properties": {"type": "anticyclone", "ssh_m": 0.2337, "zeta_s-1": 5.9e-06, "hemisphere": "S", "time": "2025-05-01T00:00:00.000000000"}}, {"type": "Feature", "geometry": {"type": "Point", "coordinates": [6.1875, -38.4375]}, "properties": {"type": "anticyclone", "ssh_m": 0.2337, "zeta_s-1": 1.08e-05, "hemisphere": "S", "time": "2025-05-01T00:00:00.000000000"}}, {"type": "Feature", "geometry": {"type": "Point", "coordinates": [115.0625, -50.6875]}, "properties": {"type": "anticyclone", "ssh_m": 0.2336, "zeta_s-1": 9.5e-06, "hemisphere": "S", "time": "2025-05-01T00:00:00.000000000"}}, {"type": "Feature", "geometry": {"type": "Point", "coordinates": [-177.6875, 44.5625]}, "properties": {"type": "anticyclone", "ssh_m": 0.2336, "zeta_s-1": -3.8e-06, "hemisphere": "N", "time": "2025-05-01T00:00:00.000000000"}}, {"type": "Feature", "geometry": {"type": "Point", "coordinates": [4.9375, 67.4375]}, "properties": {"type": "anticyclone", "ssh_m": 0.2336, "zeta_s-1": -2.56e-05, "hemisphere": "N", "time": "2025-05-01T00:00:00.000000000"}}, {"type": "Feature", "geometry": {"type": "Point", "coordinates": [176.0625, 43.9375]}, "properties": {"type": "anticyclone", "ssh_m": 0.2335, "zeta_s-1": -8.2e-06, "hemisphere": "N", "time": "2025-05-01T00:00:00.000000000"}}, {"type": "Feature", "geometry": {"type": "Point", "coordinates": [149.9375, 44.5625]}, "properties": {"type": "anticyclone", "ssh_m": 0.2335, "zeta_s-1": -2.26e-05, "hemisphere": "N", "time": "2025-05-01T00:00:00.000000000"}}, {"type": "Feature", "geometry": {"type": "Point", "coordinates": [96.9375, 16.3125]}, "properties": {"type": "anticyclone", "ssh_m": 0.2334, "zeta_s-1": -8.91e-05, "hemisphere": "N", "time": "2025-05-01T00:00:00.000000000"}}, {"type": "Feature", "geometry": {"type": "Point", "coordinates": [-149.4375, -41.9375]}, "properties": {"type": "anticyclone", "ssh_m": 0.2333, "zeta_s-1": 5.5e-06, "hemisphere": "S", "time": "2025-05-01T00:00:00.000000000"}}, {"type": "Feature", "geometry": {"type": "Point", "coordinates": [-19.3125, -41.9375]}, "properties": {"type": "anticyclone", "ssh_m": 0.2332, "zeta_s-1": 7.3e-06, "hemisphere": "S", "time": "2025-05-01T00:00:00.000000000"}}, {"type": "Feature", "geometry": {"type": "Point", "coordinates": [52.6875, -31.6875]}, "properties": {"type": "anticyclone", "ssh_m": 0.2331, "zeta_s-1": 6.3e-06, "hemisphere": "S", "time": "2025-05-01T00:00:00.000000000"}}, {"type": "Feature", "geometry": {"type": "Point", "coordinates": [82.0625, -4.9375]}, "properties": {"type": "anticyclone", "ssh_m": 0.2331, "zeta_s-1": NaN, "hemisphere": "S", "time": "2025-05-01T00:00:00.000000000"}}, {"type": "Feature", "geometry": {"type": "Point", "coordinates": [122.5625, 5.8125]}, "properties": {"type": "anticyclone", "ssh_m": 0.2331, "zeta_s-1": NaN, "hemisphere": "N", "time": "2025-05-01T00:00:00.000000000"}}, {"type": "Feature", "geometry": {"type": "Point", "coordinates": [-131.4375, -58.6875]}, "properties": {"type": "anticyclone", "ssh_m": 0.2329, "zeta_s-1": 4.54e-05, "hemisphere": "S", "time": "2025-05-01T00:00:00.000000000"}}, {"type": "Feature", "geometry": {"type": "Point", "coordinates": [-174.8125, -42.0625]}, "properties": {"type": "anticyclone", "ssh_m": 0.2328, "zeta_s-1": 1.14e-05, "hemisphere": "S", "time": "2025-05-01T00:00:00.000000000"}}, {"type": "Feature", "geometry": {"type": "Point", "coordinates": [-105.1875, -39.8125]}, "properties": {"type": "anticyclone", "ssh_m": 0.2328, "zeta_s-1": 7e-06, "hemisphere": "S", "time": "2025-05-01T00:00:00.000000000"}}, {"type": "Feature", "geometry": {"type": "Point", "coordinates": [87.8125, 12.1875]}, "properties": {"type": "anticyclone", "ssh_m": 0.2328, "zeta_s-1": -6e-06, "hemisphere": "N", "time": "2025-05-01T00:00:00.000000000"}}, {"type": "Feature", "geometry": {"type": "Point", "coordinates": [64.1875, 25.4375]}, "properties": {"type": "anticyclone", "ssh_m": 0.2325, "zeta_s-1": NaN, "hemisphere": "N", "time": "2025-05-01T00:00:00.000000000"}}, {"type": "Feature", "geometry": {"type": "Point", "coordinates": [-44.3125, 51.9375]}, "properties": {"type": "anticyclone", "ssh_m": 0.2325, "zeta_s-1": -1.32e-05, "hemisphere": "N", "time": "2025-05-01T00:00:00.000000000"}}, {"type": "Feature", "geometry": {"type": "Point", "coordinates": [164.6875, 43.0625]}, "properties": {"type": "anticyclone", "ssh_m": 0.2322, "zeta_s-1": -6.6e-06, "hemisphere": "N", "time": "2025-05-01T00:00:00.000000000"}}, {"type": "Feature", "geometry": {"type": "Point", "coordinates": [83.6875, -49.6875]}, "properties": {"type": "anticyclone", "ssh_m": 0.2321, "zeta_s-1": 1.35e-05, "hemisphere": "S", "time": "2025-05-01T00:00:00.000000000"}}, {"type": "Feature", "geometry": {"type": "Point", "coordinates": [152.3125, 28.8125]}, "properties": {"type": "anticyclone", "ssh_m": 0.2321, "zeta_s-1": -1.19e-05, "hemisphere": "N", "time": "2025-05-01T00:00:00.000000000"}}, {"type": "Feature", "geometry": {"type": "Point", "coordinates": [-35.3125, -56.5625]}, "properties": {"type": "anticyclone", "ssh_m": 0.2317, "zeta_s-1": 1.21e-05, "hemisphere": "S", "time": "2025-05-01T00:00:00.000000000"}}, {"type": "Feature", "geometry": {"type": "Point", "coordinates": [-49.8125, 50.9375]}, "properties": {"type": "anticyclone", "ssh_m": 0.2317, "zeta_s-1": -1.85e-05, "hemisphere": "N", "time": "2025-05-01T00:00:00.000000000"}}, {"type": "Feature", "geometry": {"type": "Point", "coordinates": [-106.5625, 69.0625]}, "properties": {"type": "cyclone", "ssh_m": 0.2317, "zeta_s-1": 0.0, "hemisphere": "N", "time": "2025-05-01T00:00:00.000000000"}}, {"type": "Feature", "geometry": {"type": "Point", "coordinates": [-145.5625, -45.0625]}, "properties": {"type": "anticyclone", "ssh_m": 0.2315, "zeta_s-1": 6.7e-06, "hemisphere": "S", "time": "2025-05-01T00:00:00.000000000"}}, {"type": "Feature", "geometry": {"type": "Point", "coordinates": [139.6875, 35.5625]}, "properties": {"type": "anticyclone", "ssh_m": 0.2315, "zeta_s-1": NaN, "hemisphere": "N", "time": "2025-05-01T00:00:00.000000000"}}, {"type": "Feature", "geometry": {"type": "Point", "coordinates": [129.4375, -35.4375]}, "properties": {"type": "anticyclone", "ssh_m": 0.2314, "zeta_s-1": 1e-05, "hemisphere": "S", "time": "2025-05-01T00:00:00.000000000"}}, {"type": "Feature", "geometry": {"type": "Point", "coordinates": [-169.8125, -54.5625]}, "properties": {"type": "anticyclone", "ssh_m": 0.2313, "zeta_s-1": 2.9e-06, "hemisphere": "S", "time": "2025-05-01T00:00:00.000000000"}}, {"type": "Feature", "geometry": {"type": "Point", "coordinates": [-160.6875, -44.8125]}, "properties": {"type": "anticyclone", "ssh_m": 0.2313, "zeta_s-1": 5.2e-06, "hemisphere": "S", "time": "2025-05-01T00:00:00.000000000"}}, {"type": "Feature", "geometry": {"type": "Point", "coordinates": [132.4375, -4.3125]}, "properties": {"type": "anticyclone", "ssh_m": 0.2311, "zeta_s-1": NaN, "hemisphere": "S", "time": "2025-05-01T00:00:00.000000000"}}, {"type": "Feature", "geometry": {"type": "Point", "coordinates": [119.4375, 0.3125]}, "properties": {"type": "anticyclone", "ssh_m": 0.2311, "zeta_s-1": NaN, "hemisphere": "N", "time": "2025-05-01T00:00:00.000000000"}}, {"type": "Feature", "geometry": {"type": "Point", "coordinates": [164.8125, 12.1875]}, "properties": {"type": "anticyclone", "ssh_m": 0.2311, "zeta_s-1": -4.2e-06, "hemisphere": "N", "time": "2025-05-01T00:00:00.000000000"}}, {"type": "Feature", "geometry": {"type": "Point", "coordinates": [-164.0625, 20.4375]}, "properties": {"type": "anticyclone", "ssh_m": 0.2311, "zeta_s-1": -1.23e-05, "hemisphere": "N", "time": "2025-05-01T00:00:00.000000000"}}, {"type": "Feature", "geometry": {"type": "Point", "coordinates": [2.6875, -41.1875]}, "properties": {"type": "anticyclone", "ssh_m": 0.231, "zeta_s-1": 7.4e-06, "hemisphere": "S", "time": "2025-05-01T00:00:00.000000000"}}, {"type": "Feature", "geometry": {"type": "Point", "coordinates": [55.9375, -37.6875]}, "properties": {"type": "anticyclone", "ssh_m": 0.2307, "zeta_s-1": 6.1e-06, "hemisphere": "S", "time": "2025-05-01T00:00:00.000000000"}}, {"type": "Feature", "geometry": {"type": "Point", "coordinates": [-113.3125, -57.1875]}, "properties": {"type": "anticyclone", "ssh_m": 0.2306, "zeta_s-1": 1.79e-05, "hemisphere": "S", "time": "2025-05-01T00:00:00.000000000"}}, {"type": "Feature", "geometry": {"type": "Point", "coordinates": [2.1875, 69.4375]}, "properties": {"type": "anticyclone", "ssh_m": 0.2302, "zeta_s-1": -2.98e-05, "hemisphere": "N", "time": "2025-05-01T00:00:00.000000000"}}, {"type": "Feature", "geometry": {"type": "Point", "coordinates": [-53.1875, -48.9375]}, "properties": {"type": "anticyclone", "ssh_m": 0.2301, "zeta_s-1": 2.01e-05, "hemisphere": "S", "time": "2025-05-01T00:00:00.000000000"}}, {"type": "Feature", "geometry": {"type": "Point", "coordinates": [-48.6875, -54.6875]}, "properties": {"type": "anticyclone", "ssh_m": 0.2299, "zeta_s-1": 3.19e-05, "hemisphere": "S", "time": "2025-05-01T00:00:00.000000000"}}, {"type": "Feature", "geometry": {"type": "Point", "coordinates": [-53.8125, 62.6875]}, "properties": {"type": "anticyclone", "ssh_m": 0.2299, "zeta_s-1": -2.16e-05, "hemisphere": "N", "time": "2025-05-01T00:00:00.000000000"}}, {"type": "Feature", "geometry": {"type": "Point", "coordinates": [-42.9375, -56.5625]}, "properties": {"type": "anticyclone", "ssh_m": 0.2296, "zeta_s-1": 1.71e-05, "hemisphere": "S", "time": "2025-05-01T00:00:00.000000000"}}, {"type": "Feature", "geometry": {"type": "Point", "coordinates": [-17.1875, 60.5625]}, "properties": {"type": "anticyclone", "ssh_m": 0.2295, "zeta_s-1": -1.42e-05, "hemisphere": "N", "time": "2025-05-01T00:00:00.000000000"}}, {"type": "Feature", "geometry": {"type": "Point", "coordinates": [-158.4375, -48.4375]}, "properties": {"type": "anticyclone", "ssh_m": 0.2294, "zeta_s-1": 7.7e-06, "hemisphere": "S", "time": "2025-05-01T00:00:00.000000000"}}, {"type": "Feature", "geometry": {"type": "Point", "coordinates": [153.8125, 13.4375]}, "properties": {"type": "anticyclone", "ssh_m": 0.2293, "zeta_s-1": -4.4e-06, "hemisphere": "N", "time": "2025-05-01T00:00:00.000000000"}}, {"type": "Feature", "geometry": {"type": "Point", "coordinates": [167.1875, -60.1875]}, "properties": {"type": "anticyclone", "ssh_m": 0.2292, "zeta_s-1": 1.47e-05, "hemisphere": "S", "time": "2025-05-01T00:00:00.000000000"}}, {"type": "Feature", "geometry": {"type": "Point", "coordinates": [37.3125, -53.1875]}, "properties": {"type": "anticyclone", "ssh_m": 0.2288, "zeta_s-1": 1.26e-05, "hemisphere": "S", "time": "2025-05-01T00:00:00.000000000"}}, {"type": "Feature", "geometry": {"type": "Point", "coordinates": [-78.6875, -64.4375]}, "properties": {"type": "anticyclone", "ssh_m": 0.2287, "zeta_s-1": 1.64e-05, "hemisphere": "S", "time": "2025-05-01T00:00:00.000000000"}}, {"type": "Feature", "geometry": {"type": "Point", "coordinates": [-12.8125, 56.8125]}, "properties": {"type": "anticyclone", "ssh_m": 0.2287, "zeta_s-1": -2.08e-05, "hemisphere": "N", "time": "2025-05-01T00:00:00.000000000"}}, {"type": "Feature", "geometry": {"type": "Point", "coordinates": [-133.1875, -57.4375]}, "properties": {"type": "anticyclone", "ssh_m": 0.2284, "zeta_s-1": 2.7e-05, "hemisphere": "S", "time": "2025-05-01T00:00:00.000000000"}}, {"type": "Feature", "geometry": {"type": "Point", "coordinates": [107.9375, -19.1875]}, "properties": {"type": "anticyclone", "ssh_m": 0.2282, "zeta_s-1": 3.1e-06, "hemisphere": "S", "time": "2025-05-01T00:00:00.000000000"}}, {"type": "Feature", "geometry": {"type": "Point", "coordinates": [150.8125, 48.0625]}, "properties": {"type": "anticyclone", "ssh_m": 0.2281, "zeta_s-1": -1.96e-05, "hemisphere": "N", "time": "2025-05-01T00:00:00.000000000"}}, {"type": "Feature", "geometry": {"type": "Point", "coordinates": [-5.9375, -30.3125]}, "properties": {"type": "anticyclone", "ssh_m": 0.228, "zeta_s-1": 9.8e-06, "hemisphere": "S", "time": "2025-05-01T00:00:00.000000000"}}, {"type": "Feature", "geometry": {"type": "Point", "coordinates": [19.9375, -48.8125]}, "properties": {"type": "anticyclone", "ssh_m": 0.2279, "zeta_s-1": 9.8e-06, "hemisphere": "S", "time": "2025-05-01T00:00:00.000000000"}}, {"type": "Feature", "geometry": {"type": "Point", "coordinates": [-104.6875, -25.5625]}, "properties": {"type": "anticyclone", "ssh_m": 0.2279, "zeta_s-1": 3.1e-06, "hemisphere": "S", "time": "2025-05-01T00:00:00.000000000"}}, {"type": "Feature", "geometry": {"type": "Point", "coordinates": [-134.4375, -55.3125]}, "properties": {"type": "anticyclone", "ssh_m": 0.2278, "zeta_s-1": 3.73e-05, "hemisphere": "S", "time": "2025-05-01T00:00:00.000000000"}}, {"type": "Feature", "geometry": {"type": "Point", "coordinates": [39.1875, -42.0625]}, "properties": {"type": "anticyclone", "ssh_m": 0.2278, "zeta_s-1": 1.12e-05, "hemisphere": "S", "time": "2025-05-01T00:00:00.000000000"}}, {"type": "Feature", "geometry": {"type": "Point", "coordinates": [163.1875, 32.0625]}, "properties": {"type": "anticyclone", "ssh_m": 0.2278, "zeta_s-1": -1.44e-05, "hemisphere": "N", "time": "2025-05-01T00:00:00.000000000"}}, {"type": "Feature", "geometry": {"type": "Point", "coordinates": [69.0625, 21.5625]}, "properties": {"type": "anticyclone", "ssh_m": 0.2277, "zeta_s-1": -1.07e-05, "hemisphere": "N", "time": "2025-05-01T00:00:00.000000000"}}, {"type": "Feature", "geometry": {"type": "Point", "coordinates": [94.6875, -45.5625]}, "properties": {"type": "anticyclone", "ssh_m": 0.2275, "zeta_s-1": 9.2e-06, "hemisphere": "S", "time": "2025-05-01T00:00:00.000000000"}}, {"type": "Feature", "geometry": {"type": "Point", "coordinates": [-37.4375, 40.3125]}, "properties": {"type": "anticyclone", "ssh_m": 0.2275, "zeta_s-1": -1.56e-05, "hemisphere": "N", "time": "2025-05-01T00:00:00.000000000"}}, {"type": "Feature", "geometry": {"type": "Point", "coordinates": [96.3125, -59.5625]}, "properties": {"type": "anticyclone", "ssh_m": 0.2273, "zeta_s-1": 1.31e-05, "hemisphere": "S", "time": "2025-05-01T00:00:00.000000000"}}, {"type": "Feature", "geometry": {"type": "Point", "coordinates": [121.9375, -50.5625]}, "properties": {"type": "anticyclone", "ssh_m": 0.2273, "zeta_s-1": 1.01e-05, "hemisphere": "S", "time": "2025-05-01T00:00:00.000000000"}}, {"type": "Feature", "geometry": {"type": "Point", "coordinates": [-86.3125, 18.3125]}, "properties": {"type": "anticyclone", "ssh_m": 0.2273, "zeta_s-1": -7e-06, "hemisphere": "N", "time": "2025-05-01T00:00:00.000000000"}}, {"type": "Feature", "geometry": {"type": "Point", "coordinates": [-134.5625, -37.6875]}, "properties": {"type": "anticyclone", "ssh_m": 0.2271, "zeta_s-1": 7e-06, "hemisphere": "S", "time": "2025-05-01T00:00:00.000000000"}}, {"type": "Feature", "geometry": {"type": "Point", "coordinates": [-36.9375, -27.8125]}, "properties": {"type": "anticyclone", "ssh_m": 0.227, "zeta_s-1": 2.8e-06, "hemisphere": "S", "time": "2025-05-01T00:00:00.000000000"}}, {"type": "Feature", "geometry": {"type": "Point", "coordinates": [-29.9375, 41.0625]}, "properties": {"type": "anticyclone", "ssh_m": 0.227, "zeta_s-1": -1.6e-05, "hemisphere": "N", "time": "2025-05-01T00:00:00.000000000"}}, {"type": "Feature", "geometry": {"type": "Point", "coordinates": [168.1875, 59.5625]}, "properties": {"type": "anticyclone", "ssh_m": 0.2268, "zeta_s-1": -3.14e-05, "hemisphere": "N", "time": "2025-05-01T00:00:00.000000000"}}, {"type": "Feature", "geometry": {"type": "Point", "coordinates": [-12.5625, -35.6875]}, "properties": {"type": "anticyclone", "ssh_m": 0.2265, "zeta_s-1": 4e-06, "hemisphere": "S", "time": "2025-05-01T00:00:00.000000000"}}, {"type": "Feature", "geometry": {"type": "Point", "coordinates": [-20.5625, -44.0625]}, "properties": {"type": "anticyclone", "ssh_m": 0.2264, "zeta_s-1": 9.1e-06, "hemisphere": "S", "time": "2025-05-01T00:00:00.000000000"}}, {"type": "Feature", "geometry": {"type": "Point", "coordinates": [-157.9375, -22.3125]}, "properties": {"type": "anticyclone", "ssh_m": 0.2262, "zeta_s-1": 7.2e-06, "hemisphere": "S", "time": "2025-05-01T00:00:00.000000000"}}, {"type": "Feature", "geometry": {"type": "Point", "coordinates": [-59.4375, 16.0625]}, "properties": {"type": "anticyclone", "ssh_m": 0.2262, "zeta_s-1": -1.73e-05, "hemisphere": "N", "time": "2025-05-01T00:00:00.000000000"}}, {"type": "Feature", "geometry": {"type": "Point", "coordinates": [-70.3125, -53.5625]}, "properties": {"type": "anticyclone", "ssh_m": 0.2261, "zeta_s-1": 2.71e-05, "hemisphere": "S", "time": "2025-05-01T00:00:00.000000000"}}, {"type": "Feature", "geometry": {"type": "Point", "coordinates": [34.0625, -33.8125]}, "properties": {"type": "anticyclone", "ssh_m": 0.226, "zeta_s-1": 9e-06, "hemisphere": "S", "time": "2025-05-01T00:00:00.000000000"}}, {"type": "Feature", "geometry": {"type": "Point", "coordinates": [-156.8125, 51.1875]}, "properties": {"type": "anticyclone", "ssh_m": 0.226, "zeta_s-1": -1.36e-05, "hemisphere": "N", "time": "2025-05-01T00:00:00.000000000"}}, {"type": "Feature", "geometry": {"type": "Point", "coordinates": [169.4375, -36.3125]}, "properties": {"type": "anticyclone", "ssh_m": 0.2259, "zeta_s-1": 4.6e-06, "hemisphere": "S", "time": "2025-05-01T00:00:00.000000000"}}, {"type": "Feature", "geometry": {"type": "Point", "coordinates": [-159.3125, 8.6875]}, "properties": {"type": "anticyclone", "ssh_m": 0.2257, "zeta_s-1": -6e-06, "hemisphere": "N", "time": "2025-05-01T00:00:00.000000000"}}, {"type": "Feature", "geometry": {"type": "Point", "coordinates": [-16.0625, 53.3125]}, "properties": {"type": "anticyclone", "ssh_m": 0.2257, "zeta_s-1": -9.4e-06, "hemisphere": "N", "time": "2025-05-01T00:00:00.000000000"}}, {"type": "Feature", "geometry": {"type": "Point", "coordinates": [48.1875, -32.4375]}, "properties": {"type": "anticyclone", "ssh_m": 0.2256, "zeta_s-1": 5.5e-06, "hemisphere": "S", "time": "2025-05-01T00:00:00.000000000"}}, {"type": "Feature", "geometry": {"type": "Point", "coordinates": [-149.8125, 18.6875]}, "properties": {"type": "anticyclone", "ssh_m": 0.2253, "zeta_s-1": -1.09e-05, "hemisphere": "N", "time": "2025-05-01T00:00:00.000000000"}}, {"type": "Feature", "geometry": {"type": "Point", "coordinates": [-113.4375, -52.8125]}, "properties": {"type": "anticyclone", "ssh_m": 0.2251, "zeta_s-1": 5.7e-06, "hemisphere": "S", "time": "2025-05-01T00:00:00.000000000"}}, {"type": "Feature", "geometry": {"type": "Point", "coordinates": [-6.4375, -47.1875]}, "properties": {"type": "anticyclone", "ssh_m": 0.2251, "zeta_s-1": 1.43e-05, "hemisphere": "S", "time": "2025-05-01T00:00:00.000000000"}}, {"type": "Feature", "geometry": {"type": "Point", "coordinates": [-141.8125, -41.9375]}, "properties": {"type": "anticyclone", "ssh_m": 0.2251, "zeta_s-1": 5.3e-06, "hemisphere": "S", "time": "2025-05-01T00:00:00.000000000"}}, {"type": "Feature", "geometry": {"type": "Point", "coordinates": [156.3125, -39.0625]}, "properties": {"type": "anticyclone", "ssh_m": 0.225, "zeta_s-1": 8.6e-06, "hemisphere": "S", "time": "2025-05-01T00:00:00.000000000"}}, {"type": "Feature", "geometry": {"type": "Point", "coordinates": [-40.8125, 33.1875]}, "properties": {"type": "anticyclone", "ssh_m": 0.225, "zeta_s-1": -1.24e-05, "hemisphere": "N", "time": "2025-05-01T00:00:00.000000000"}}, {"type": "Feature", "geometry": {"type": "Point", "coordinates": [-18.1875, -48.5625]}, "properties": {"type": "anticyclone", "ssh_m": 0.2246, "zeta_s-1": 1.39e-05, "hemisphere": "S", "time": "2025-05-01T00:00:00.000000000"}}, {"type": "Feature", "geometry": {"type": "Point", "coordinates": [108.9375, -47.9375]}, "properties": {"type": "anticyclone", "ssh_m": 0.2245, "zeta_s-1": 2.15e-05, "hemisphere": "S", "time": "2025-05-01T00:00:00.000000000"}}, {"type": "Feature", "geometry": {"type": "Point", "coordinates": [165.5625, -47.6875]}, "properties": {"type": "anticyclone", "ssh_m": 0.2244, "zeta_s-1": 1.45e-05, "hemisphere": "S", "time": "2025-05-01T00:00:00.000000000"}}, {"type": "Feature", "geometry": {"type": "Point", "coordinates": [-173.0625, -42.5625]}, "properties": {"type": "anticyclone", "ssh_m": 0.2244, "zeta_s-1": 5e-06, "hemisphere": "S", "time": "2025-05-01T00:00:00.000000000"}}, {"type": "Feature", "geometry": {"type": "Point", "coordinates": [-45.9375, -49.3125]}, "properties": {"type": "anticyclone", "ssh_m": 0.2243, "zeta_s-1": 1.23e-05, "hemisphere": "S", "time": "2025-05-01T00:00:00.000000000"}}, {"type": "Feature", "geometry": {"type": "Point", "coordinates": [142.3125, 28.3125]}, "properties": {"type": "anticyclone", "ssh_m": 0.2242, "zeta_s-1": -1.59e-05, "hemisphere": "N", "time": "2025-05-01T00:00:00.000000000"}}, {"type": "Feature", "geometry": {"type": "Point", "coordinates": [25.0625, -38.0625]}, "properties": {"type": "anticyclone", "ssh_m": 0.2241, "zeta_s-1": 3.57e-05, "hemisphere": "S", "time": "2025-05-01T00:00:00.000000000"}}, {"type": "Feature", "geometry": {"type": "Point", "coordinates": [-7.9375, -33.4375]}, "properties": {"type": "anticyclone", "ssh_m": 0.224, "zeta_s-1": 4.2e-06, "hemisphere": "S", "time": "2025-05-01T00:00:00.000000000"}}, {"type": "Feature", "geometry": {"type": "Point", "coordinates": [-51.5625, 38.6875]}, "properties": {"type": "anticyclone", "ssh_m": 0.224, "zeta_s-1": -1.81e-05, "hemisphere": "N", "time": "2025-05-01T00:00:00.000000000"}}, {"type": "Feature", "geometry": {"type": "Point", "coordinates": [-168.5625, 55.1875]}, "properties": {"type": "anticyclone", "ssh_m": 0.224, "zeta_s-1": -2.93e-05, "hemisphere": "N", "time": "2025-05-01T00:00:00.000000000"}}, {"type": "Feature", "geometry": {"type": "Point", "coordinates": [56.1875, -54.1875]}, "properties": {"type": "anticyclone", "ssh_m": 0.2238, "zeta_s-1": 9.2e-06, "hemisphere": "S", "time": "2025-05-01T00:00:00.000000000"}}, {"type": "Feature", "geometry": {"type": "Point", "coordinates": [169.8125, -34.6875]}, "properties": {"type": "anticyclone", "ssh_m": 0.2236, "zeta_s-1": 6.6e-06, "hemisphere": "S", "time": "2025-05-01T00:00:00.000000000"}}, {"type": "Feature", "geometry": {"type": "Point", "coordinates": [-98.6875, -43.9375]}, "properties": {"type": "anticyclone", "ssh_m": 0.2234, "zeta_s-1": 8.8e-06, "hemisphere": "S", "time": "2025-05-01T00:00:00.000000000"}}, {"type": "Feature", "geometry": {"type": "Point", "coordinates": [98.9375, -41.6875]}, "properties": {"type": "anticyclone", "ssh_m": 0.2232, "zeta_s-1": 7.6e-06, "hemisphere": "S", "time": "2025-05-01T00:00:00.000000000"}}, {"type": "Feature", "geometry": {"type": "Point", "coordinates": [132.6875, -10.6875]}, "properties": {"type": "anticyclone", "ssh_m": 0.2229, "zeta_s-1": 8.9e-06, "hemisphere": "S", "time": "2025-05-01T00:00:00.000000000"}}, {"type": "Feature", "geometry": {"type": "Point", "coordinates": [99.9375, -45.5625]}, "properties": {"type": "anticyclone", "ssh_m": 0.2227, "zeta_s-1": 6.8e-06, "hemisphere": "S", "time": "2025-05-01T00:00:00.000000000"}}, {"type": "Feature", "geometry": {"type": "Point", "coordinates": [123.6875, -9.5625]}, "properties": {"type": "anticyclone", "ssh_m": 0.2225, "zeta_s-1": NaN, "hemisphere": "S", "time": "2025-05-01T00:00:00.000000000"}}, {"type": "Feature", "geometry": {"type": "Point", "coordinates": [-114.4375, -49.6875]}, "properties": {"type": "anticyclone", "ssh_m": 0.2222, "zeta_s-1": 1.16e-05, "hemisphere": "S", "time": "2025-05-01T00:00:00.000000000"}}, {"type": "Feature", "geometry": {"type": "Point", "coordinates": [-77.3125, 19.9375]}, "properties": {"type": "anticyclone", "ssh_m": 0.2222, "zeta_s-1": NaN, "hemisphere": "N", "time": "2025-05-01T00:00:00.000000000"}}, {"type": "Feature", "geometry": {"type": "Point", "coordinates": [-42.1875, -52.4375]}, "properties": {"type": "anticyclone", "ssh_m": 0.2221, "zeta_s-1": 1.53e-05, "hemisphere": "S", "time": "2025-05-01T00:00:00.000000000"}}, {"type": "Feature", "geometry": {"type": "Point", "coordinates": [127.8125, 3.6875]}, "properties": {"type": "anticyclone", "ssh_m": 0.2221, "zeta_s-1": NaN, "hemisphere": "N", "time": "2025-05-01T00:00:00.000000000"}}, {"type": "Feature", "geometry": {"type": "Point", "coordinates": [-36.6875, 35.0625]}, "properties": {"type": "anticyclone", "ssh_m": 0.222, "zeta_s-1": -8.9e-06, "hemisphere": "N", "time": "2025-05-01T00:00:00.000000000"}}, {"type": "Feature", "geometry": {"type": "Point", "coordinates": [74.3125, -34.1875]}, "properties": {"type": "anticyclone", "ssh_m": 0.2219, "zeta_s-1": 5.8e-06, "hemisphere": "S", "time": "2025-05-01T00:00:00.000000000"}}, {"type": "Feature", "geometry": {"type": "Point", "coordinates": [104.3125, -42.5625]}, "properties": {"type": "anticyclone", "ssh_m": 0.2217, "zeta_s-1": 9.4e-06, "hemisphere": "S", "time": "2025-05-01T00:00:00.000000000"}}, {"type": "Feature", "geometry": {"type": "Point", "coordinates": [-145.5625, -39.6875]}, "properties": {"type": "anticyclone", "ssh_m": 0.2217, "zeta_s-1": 6.4e-06, "hemisphere": "S", "time": "2025-05-01T00:00:00.000000000"}}, {"type": "Feature", "geometry": {"type": "Point", "coordinates": [-160.3125, 22.6875]}, "properties": {"type": "anticyclone", "ssh_m": 0.2215, "zeta_s-1": -1e-05, "hemisphere": "N", "time": "2025-05-01T00:00:00.000000000"}}, {"type": "Feature", "geometry": {"type": "Point", "coordinates": [-167.0625, 25.1875]}, "properties": {"type": "anticyclone", "ssh_m": 0.2215, "zeta_s-1": -2.03e-05, "hemisphere": "N", "time": "2025-05-01T00:00:00.000000000"}}, {"type": "Feature", "geometry": {"type": "Point", "coordinates": [-0.6875, 74.8125]}, "properties": {"type": "anticyclone", "ssh_m": 0.2214, "zeta_s-1": -1.7e-05, "hemisphere": "N", "time": "2025-05-01T00:00:00.000000000"}}, {"type": "Feature", "geometry": {"type": "Point", "coordinates": [86.5625, -58.9375]}, "properties": {"type": "anticyclone", "ssh_m": 0.2213, "zeta_s-1": 1.87e-05, "hemisphere": "S", "time": "2025-05-01T00:00:00.000000000"}}, {"type": "Feature", "geometry": {"type": "Point", "coordinates": [-160.6875, 17.3125]}, "properties": {"type": "anticyclone", "ssh_m": 0.2213, "zeta_s-1": -1.36e-05, "hemisphere": "N", "time": "2025-05-01T00:00:00.000000000"}}, {"type": "Feature", "geometry": {"type": "Point", "coordinates": [-157.9375, -46.9375]}, "properties": {"type": "anticyclone", "ssh_m": 0.2212, "zeta_s-1": 5.4e-06, "hemisphere": "S", "time": "2025-05-01T00:00:00.000000000"}}, {"type": "Feature", "geometry": {"type": "Point", "coordinates": [178.6875, -63.5625]}, "properties": {"type": "anticyclone", "ssh_m": 0.2211, "zeta_s-1": 1.44e-05, "hemisphere": "S", "time": "2025-05-01T00:00:00.000000000"}}, {"type": "Feature", "geometry": {"type": "Point", "coordinates": [34.9375, -56.5625]}, "properties": {"type": "anticyclone", "ssh_m": 0.2208, "zeta_s-1": 2.7e-05, "hemisphere": "S", "time": "2025-05-01T00:00:00.000000000"}}, {"type": "Feature", "geometry": {"type": "Point", "coordinates": [-154.9375, 22.6875]}, "properties": {"type": "anticyclone", "ssh_m": 0.2208, "zeta_s-1": -9.2e-06, "hemisphere": "N", "time": "2025-05-01T00:00:00.000000000"}}, {"type": "Feature", "geometry": {"type": "Point", "coordinates": [-44.3125, -51.8125]}, "properties": {"type": "anticyclone", "ssh_m": 0.2207, "zeta_s-1": 1.11e-05, "hemisphere": "S", "time": "2025-05-01T00:00:00.000000000"}}, {"type": "Feature", "geometry": {"type": "Point", "coordinates": [-138.8125, 24.5625]}, "properties": {"type": "anticyclone", "ssh_m": 0.2206, "zeta_s-1": -8.1e-06, "hemisphere": "N", "time": "2025-05-01T00:00:00.000000000"}}, {"type": "Feature", "geometry": {"type": "Point", "coordinates": [92.0625, -48.5625]}, "properties": {"type": "anticyclone", "ssh_m": 0.2205, "zeta_s-1": 1.96e-05, "hemisphere": "S", "time": "2025-05-01T00:00:00.000000000"}}, {"type": "Feature", "geometry": {"type": "Point", "coordinates": [-29.0625, 55.1875]}, "properties": {"type": "anticyclone", "ssh_m": 0.2204, "zeta_s-1": -2.03e-05, "hemisphere": "N", "time": "2025-05-01T00:00:00.000000000"}}, {"type": "Feature", "geometry": {"type": "Point", "coordinates": [-176.0625, 57.5625]}, "properties": {"type": "anticyclone", "ssh_m": 0.2204, "zeta_s-1": -1.4e-05, "hemisphere": "N", "time": "2025-05-01T00:00:00.000000000"}}, {"type": "Feature", "geometry": {"type": "Point", "coordinates": [143.8125, -12.9375]}, "properties": {"type": "anticyclone", "ssh_m": 0.2198, "zeta_s-1": 1.26e-05, "hemisphere": "S", "time": "2025-05-01T00:00:00.000000000"}}, {"type": "Feature", "geometry": {"type": "Point", "coordinates": [-157.0625, 58.6875]}, "properties": {"type": "anticyclone", "ssh_m": 0.2198, "zeta_s-1": NaN, "hemisphere": "N", "time": "2025-05-01T00:00:00.000000000"}}, {"type": "Feature", "geometry": {"type": "Point", "coordinates": [-136.0625, -45.4375]}, "properties": {"type": "anticyclone", "ssh_m": 0.2197, "zeta_s-1": 6.3e-06, "hemisphere": "S", "time": "2025-05-01T00:00:00.000000000"}}, {"type": "Feature", "geometry": {"type": "Point", "coordinates": [-93.9375, 29.8125]}, "properties": {"type": "anticyclone", "ssh_m": 0.2197, "zeta_s-1": NaN, "hemisphere": "N", "time": "2025-05-01T00:00:00.000000000"}}, {"type": "Feature", "geometry": {"type": "Point", "coordinates": [123.4375, -38.5625]}, "properties": {"type": "anticyclone", "ssh_m": 0.2196, "zeta_s-1": 6.7e-06, "hemisphere": "S", "time": "2025-05-01T00:00:00.000000000"}}, {"type": "Feature", "geometry": {"type": "Point", "coordinates": [74.1875, -49.5625]}, "properties": {"type": "anticyclone", "ssh_m": 0.2195, "zeta_s-1": 1.77e-05, "hemisphere": "S", "time": "2025-05-01T00:00:00.000000000"}}, {"type": "Feature", "geometry": {"type": "Point", "coordinates": [109.1875, -16.8125]}, "properties": {"type": "anticyclone", "ssh_m": 0.2195, "zeta_s-1": 1.03e-05, "hemisphere": "S", "time": "2025-05-01T00:00:00.000000000"}}, {"type": "Feature", "geometry": {"type": "Point", "coordinates": [150.0625, -9.9375]}, "properties": {"type": "anticyclone", "ssh_m": 0.2195, "zeta_s-1": NaN, "hemisphere": "S", "time": "2025-05-01T00:00:00.000000000"}}, {"type": "Feature", "geometry": {"type": "Point", "coordinates": [-120.0625, -49.8125]}, "properties": {"type": "anticyclone", "ssh_m": 0.2194, "zeta_s-1": 4.6e-06, "hemisphere": "S", "time": "2025-05-01T00:00:00.000000000"}}, {"type": "Feature", "geometry": {"type": "Point", "coordinates": [-74.0625, 27.8125]}, "properties": {"type": "anticyclone", "ssh_m": 0.2193, "zeta_s-1": -1.73e-05, "hemisphere": "N", "time": "2025-05-01T00:00:00.000000000"}}, {"type": "Feature", "geometry": {"type": "Point", "coordinates": [-63.4375, 13.5625]}, "properties": {"type": "anticyclone", "ssh_m": 0.2191, "zeta_s-1": -1.11e-05, "hemisphere": "N", "time": "2025-05-01T00:00:00.000000000"}}, {"type": "Feature", "geometry": {"type": "Point", "coordinates": [2.1875, -30.3125]}, "properties": {"type": "anticyclone", "ssh_m": 0.219, "zeta_s-1": 1.07e-05, "hemisphere": "S", "time": "2025-05-01T00:00:00.000000000"}}, {"type": "Feature", "geometry": {"type": "Point", "coordinates": [-0.4375, -36.5625]}, "properties": {"type": "anticyclone", "ssh_m": 0.2186, "zeta_s-1": 1.22e-05, "hemisphere": "S", "time": "2025-05-01T00:00:00.000000000"}}, {"type": "Feature", "geometry": {"type": "Point", "coordinates": [111.9375, -39.1875]}, "properties": {"type": "anticyclone", "ssh_m": 0.2185, "zeta_s-1": 6.9e-06, "hemisphere": "S", "time": "2025-05-01T00:00:00.000000000"}}, {"type": "Feature", "geometry": {"type": "Point", "coordinates": [-10.8125, -32.8125]}, "properties": {"type": "anticyclone", "ssh_m": 0.2184, "zeta_s-1": 6.6e-06, "hemisphere": "S", "time": "2025-05-01T00:00:00.000000000"}}, {"type": "Feature", "geometry": {"type": "Point", "coordinates": [-52.1875, 53.5625]}, "properties": {"type": "anticyclone", "ssh_m": 0.2184, "zeta_s-1": -2.03e-05, "hemisphere": "N", "time": "2025-05-01T00:00:00.000000000"}}, {"type": "Feature", "geometry": {"type": "Point", "coordinates": [-29.6875, -34.5625]}, "properties": {"type": "anticyclone", "ssh_m": 0.2183, "zeta_s-1": 1.19e-05, "hemisphere": "S", "time": "2025-05-01T00:00:00.000000000"}}, {"type": "Feature", "geometry": {"type": "Point", "coordinates": [164.6875, -38.4375]}, "properties": {"type": "anticyclone", "ssh_m": 0.2182, "zeta_s-1": 7.2e-06, "hemisphere": "S", "time": "2025-05-01T00:00:00.000000000"}}, {"type": "Feature", "geometry": {"type": "Point", "coordinates": [-135.8125, -28.1875]}, "properties": {"type": "anticyclone", "ssh_m": 0.2182, "zeta_s-1": 5.2e-06, "hemisphere": "S", "time": "2025-05-01T00:00:00.000000000"}}, {"type": "Feature", "geometry": {"type": "Point", "coordinates": [-129.6875, 11.3125]}, "properties": {"type": "anticyclone", "ssh_m": 0.2182, "zeta_s-1": -3.2e-06, "hemisphere": "N", "time": "2025-05-01T00:00:00.000000000"}}, {"type": "Feature", "geometry": {"type": "Point", "coordinates": [133.6875, 30.1875]}, "properties": {"type": "anticyclone", "ssh_m": 0.2182, "zeta_s-1": -1.34e-05, "hemisphere": "N", "time": "2025-05-01T00:00:00.000000000"}}, {"type": "Feature", "geometry": {"type": "Point", "coordinates": [44.0625, -55.9375]}, "properties": {"type": "anticyclone", "ssh_m": 0.218, "zeta_s-1": 1.75e-05, "hemisphere": "S", "time": "2025-05-01T00:00:00.000000000"}}, {"type": "Feature", "geometry": {"type": "Point", "coordinates": [-138.8125, -37.3125]}, "properties": {"type": "anticyclone", "ssh_m": 0.2178, "zeta_s-1": 4.5e-06, "hemisphere": "S", "time": "2025-05-01T00:00:00.000000000"}}, {"type": "Feature", "geometry": {"type": "Point", "coordinates": [0.6875, -23.9375]}, "properties": {"type": "anticyclone", "ssh_m": 0.2178, "zeta_s-1": 6.3e-06, "hemisphere": "S", "time": "2025-05-01T00:00:00.000000000"}}, {"type": "Feature", "geometry": {"type": "Point", "coordinates": [119.8125, 18.4375]}, "properties": {"type": "anticyclone", "ssh_m": 0.2178, "zeta_s-1": -2.03e-05, "hemisphere": "N", "time": "2025-05-01T00:00:00.000000000"}}, {"type": "Feature", "geometry": {"type": "Point", "coordinates": [177.4375, -31.1875]}, "properties": {"type": "anticyclone", "ssh_m": 0.2177, "zeta_s-1": 1.22e-05, "hemisphere": "S", "time": "2025-05-01T00:00:00.000000000"}}, {"type": "Feature", "geometry": {"type": "Point", "coordinates": [-69.0625, 31.1875]}, "properties": {"type": "anticyclone", "ssh_m": 0.2177, "zeta_s-1": -2.09e-05, "hemisphere": "N", "time": "2025-05-01T00:00:00.000000000"}}, {"type": "Feature", "geometry": {"type": "Point", "coordinates": [-129.9375, -40.1875]}, "properties": {"type": "anticyclone", "ssh_m": 0.2176, "zeta_s-1": 6.2e-06, "hemisphere": "S", "time": "2025-05-01T00:00:00.000000000"}}, {"type": "Feature", "geometry": {"type": "Point", "coordinates": [-72.8125, -29.9375]}, "properties": {"type": "anticyclone", "ssh_m": 0.2174, "zeta_s-1": 1.55e-05, "hemisphere": "S", "time": "2025-05-01T00:00:00.000000000"}}, {"type": "Feature", "geometry": {"type": "Point", "coordinates": [-18.4375, 56.1875]}, "properties": {"type": "anticyclone", "ssh_m": 0.2173, "zeta_s-1": -1.66e-05, "hemisphere": "N", "time": "2025-05-01T00:00:00.000000000"}}, {"type": "Feature", "geometry": {"type": "Point", "coordinates": [75.5625, -36.1875]}, "properties": {"type": "anticyclone", "ssh_m": 0.217, "zeta_s-1": 4.3e-06, "hemisphere": "S", "time": "2025-05-01T00:00:00.000000000"}}, {"type": "Feature", "geometry": {"type": "Point", "coordinates": [82.4375, 3.5625]}, "properties": {"type": "anticyclone", "ssh_m": 0.217, "zeta_s-1": NaN, "hemisphere": "N", "time": "2025-05-01T00:00:00.000000000"}}, {"type": "Feature", "geometry": {"type": "Point", "coordinates": [98.1875, -48.9375]}, "properties": {"type": "anticyclone", "ssh_m": 0.2169, "zeta_s-1": 1.31e-05, "hemisphere": "S", "time": "2025-05-01T00:00:00.000000000"}}, {"type": "Feature", "geometry": {"type": "Point", "coordinates": [87.4375, -33.8125]}, "properties": {"type": "anticyclone", "ssh_m": 0.2169, "zeta_s-1": 9.4e-06, "hemisphere": "S", "time": "2025-05-01T00:00:00.000000000"}}, {"type": "Feature", "geometry": {"type": "Point", "coordinates": [100.5625, -55.9375]}, "properties": {"type": "anticyclone", "ssh_m": 0.2167, "zeta_s-1": 1.97e-05, "hemisphere": "S", "time": "2025-05-01T00:00:00.000000000"}}, {"type": "Feature", "geometry": {"type": "Point", "coordinates": [127.4375, -0.1875]}, "properties": {"type": "anticyclone", "ssh_m": 0.2166, "zeta_s-1": NaN, "hemisphere": "S", "time": "2025-05-01T00:00:00.000000000"}}, {"type": "Feature", "geometry": {"type": "Point", "coordinates": [142.9375, -39.1875]}, "properties": {"type": "anticyclone", "ssh_m": 0.2164, "zeta_s-1": 8.1e-06, "hemisphere": "S", "time": "2025-05-01T00:00:00.000000000"}}, {"type": "Feature", "geometry": {"type": "Point", "coordinates": [-173.8125, 10.8125]}, "properties": {"type": "anticyclone", "ssh_m": 0.2164, "zeta_s-1": -2.7e-06, "hemisphere": "N", "time": "2025-05-01T00:00:00.000000000"}}, {"type": "Feature", "geometry": {"type": "Point", "coordinates": [94.6875, -53.5625]}, "properties": {"type": "anticyclone", "ssh_m": 0.2161, "zeta_s-1": 9.7e-06, "hemisphere": "S", "time": "2025-05-01T00:00:00.000000000"}}, {"type": "Feature", "geometry": {"type": "Point", "coordinates": [-123.1875, -46.3125]}, "properties": {"type": "anticyclone", "ssh_m": 0.216, "zeta_s-1": 5.8e-06, "hemisphere": "S", "time": "2025-05-01T00:00:00.000000000"}}, {"type": "Feature", "geometry": {"type": "Point", "coordinates": [67.5625, -20.8125]}, "properties": {"type": "anticyclone", "ssh_m": 0.216, "zeta_s-1": 7.8e-06, "hemisphere": "S", "time": "2025-05-01T00:00:00.000000000"}}, {"type": "Feature", "geometry": {"type": "Point", "coordinates": [141.4375, -13.6875]}, "properties": {"type": "anticyclone", "ssh_m": 0.2159, "zeta_s-1": NaN, "hemisphere": "S", "time": "2025-05-01T00:00:00.000000000"}}, {"type": "Feature", "geometry": {"type": "Point", "coordinates": [-129.3125, -38.3125]}, "properties": {"type": "anticyclone", "ssh_m": 0.2158, "zeta_s-1": 6.2e-06, "hemisphere": "S", "time": "2025-05-01T00:00:00.000000000"}}, {"type": "Feature", "geometry": {"type": "Point", "coordinates": [-14.3125, 59.8125]}, "properties": {"type": "anticyclone", "ssh_m": 0.2158, "zeta_s-1": -2.79e-05, "hemisphere": "N", "time": "2025-05-01T00:00:00.000000000"}}, {"type": "Feature", "geometry": {"type": "Point", "coordinates": [-154.8125, -38.5625]}, "properties": {"type": "anticyclone", "ssh_m": 0.2157, "zeta_s-1": 5.3e-06, "hemisphere": "S", "time": "2025-05-01T00:00:00.000000000"}}, {"type": "Feature", "geometry": {"type": "Point", "coordinates": [-80.8125, -61.8125]}, "properties": {"type": "anticyclone", "ssh_m": 0.2155, "zeta_s-1": 1.04e-05, "hemisphere": "S", "time": "2025-05-01T00:00:00.000000000"}}, {"type": "Feature", "geometry": {"type": "Point", "coordinates": [-122.9375, -52.1875]}, "properties": {"type": "anticyclone", "ssh_m": 0.2155, "zeta_s-1": 1.09e-05, "hemisphere": "S", "time": "2025-05-01T00:00:00.000000000"}}, {"type": "Feature", "geometry": {"type": "Point", "coordinates": [155.0625, 26.0625]}, "properties": {"type": "anticyclone", "ssh_m": 0.2155, "zeta_s-1": -1.26e-05, "hemisphere": "N", "time": "2025-05-01T00:00:00.000000000"}}, {"type": "Feature", "geometry": {"type": "Point", "coordinates": [59.4375, -25.4375]}, "properties": {"type": "anticyclone", "ssh_m": 0.2153, "zeta_s-1": 7.3e-06, "hemisphere": "S", "time": "2025-05-01T00:00:00.000000000"}}, {"type": "Feature", "geometry": {"type": "Point", "coordinates": [-170.3125, 54.8125]}, "properties": {"type": "anticyclone", "ssh_m": 0.2152, "zeta_s-1": -2.15e-05, "hemisphere": "N", "time": "2025-05-01T00:00:00.000000000"}}, {"type": "Feature", "geometry": {"type": "Point", "coordinates": [-91.8125, 29.5625]}, "properties": {"type": "anticyclone", "ssh_m": 0.2151, "zeta_s-1": -1.01e-05, "hemisphere": "N", "time": "2025-05-01T00:00:00.000000000"}}, {"type": "Feature", "geometry": {"type": "Point", "coordinates": [128.0625, -8.9375]}, "properties": {"type": "anticyclone", "ssh_m": 0.215, "zeta_s-1": 1.29e-05, "hemisphere": "S", "time": "2025-05-01T00:00:00.000000000"}}, {"type": "Feature", "geometry": {"type": "Point", "coordinates": [6.5625, 39.1875]}, "properties": {"type": "anticyclone", "ssh_m": 0.215, "zeta_s-1": -1.9e-05, "hemisphere": "N", "time": "2025-05-01T00:00:00.000000000"}}, {"type": "Feature", "geometry": {"type": "Point", "coordinates": [163.9375, -22.0625]}, "properties": {"type": "anticyclone", "ssh_m": 0.2149, "zeta_s-1": 1.59e-05, "hemisphere": "S", "time": "2025-05-01T00:00:00.000000000"}}, {"type": "Feature", "geometry": {"type": "Point", "coordinates": [60.5625, -21.1875]}, "properties": {"type": "anticyclone", "ssh_m": 0.2149, "zeta_s-1": 8.6e-06, "hemisphere": "S", "time": "2025-05-01T00:00:00.000000000"}}, {"type": "Feature", "geometry": {"type": "Point", "coordinates": [56.8125, -48.9375]}, "properties": {"type": "anticyclone", "ssh_m": 0.2147, "zeta_s-1": 4.1e-06, "hemisphere": "S", "time": "2025-05-01T00:00:00.000000000"}}, {"type": "Feature", "geometry": {"type": "Point", "coordinates": [163.1875, 16.1875]}, "properties": {"type": "anticyclone", "ssh_m": 0.2145, "zeta_s-1": -6.6e-06, "hemisphere": "N", "time": "2025-05-01T00:00:00.000000000"}}, {"type": "Feature", "geometry": {"type": "Point", "coordinates": [117.9375, -59.0625]}, "properties": {"type": "anticyclone", "ssh_m": 0.2141, "zeta_s-1": 1.08e-05, "hemisphere": "S", "time": "2025-05-01T00:00:00.000000000"}}, {"type": "Feature", "geometry": {"type": "Point", "coordinates": [-119.9375, -46.8125]}, "properties": {"type": "anticyclone", "ssh_m": 0.2141, "zeta_s-1": 8.7e-06, "hemisphere": "S", "time": "2025-05-01T00:00:00.000000000"}}, {"type": "Feature", "geometry": {"type": "Point", "coordinates": [82.0625, -35.1875]}, "properties": {"type": "anticyclone", "ssh_m": 0.2141, "zeta_s-1": 7.4e-06, "hemisphere": "S", "time": "2025-05-01T00:00:00.000000000"}}, {"type": "Feature", "geometry": {"type": "Point", "coordinates": [167.3125, 23.3125]}, "properties": {"type": "anticyclone", "ssh_m": 0.214, "zeta_s-1": -1.3e-05, "hemisphere": "N", "time": "2025-05-01T00:00:00.000000000"}}, {"type": "Feature", "geometry": {"type": "Point", "coordinates": [-19.4375, 53.5625]}, "properties": {"type": "anticyclone", "ssh_m": 0.214, "zeta_s-1": -1.06e-05, "hemisphere": "N", "time": "2025-05-01T00:00:00.000000000"}}, {"type": "Feature", "geometry": {"type": "Point", "coordinates": [-17.5625, -51.6875]}, "properties": {"type": "anticyclone", "ssh_m": 0.2137, "zeta_s-1": 7.4e-06, "hemisphere": "S", "time": "2025-05-01T00:00:00.000000000"}}, {"type": "Feature", "geometry": {"type": "Point", "coordinates": [-59.4375, -38.8125]}, "properties": {"type": "anticyclone", "ssh_m": 0.2137, "zeta_s-1": NaN, "hemisphere": "S", "time": "2025-05-01T00:00:00.000000000"}}, {"type": "Feature", "geometry": {"type": "Point", "coordinates": [-149.1875, -48.9375]}, "properties": {"type": "anticyclone", "ssh_m": 0.2136, "zeta_s-1": 7.6e-06, "hemisphere": "S", "time": "2025-05-01T00:00:00.000000000"}}, {"type": "Feature", "geometry": {"type": "Point", "coordinates": [174.6875, 10.4375]}, "properties": {"type": "anticyclone", "ssh_m": 0.2134, "zeta_s-1": -2.5e-06, "hemisphere": "N", "time": "2025-05-01T00:00:00.000000000"}}, {"type": "Feature", "geometry": {"type": "Point", "coordinates": [94.6875, -43.4375]}, "properties": {"type": "anticyclone", "ssh_m": 0.2133, "zeta_s-1": 9.6e-06, "hemisphere": "S", "time": "2025-05-01T00:00:00.000000000"}}, {"type": "Feature", "geometry": {"type": "Point", "coordinates": [41.9375, 67.5625]}, "properties": {"type": "anticyclone", "ssh_m": 0.2133, "zeta_s-1": -8.9e-06, "hemisphere": "N", "time": "2025-05-01T00:00:00.000000000"}}, {"type": "Feature", "geometry": {"type": "Point", "coordinates": [-136.0625, -40.8125]}, "properties": {"type": "anticyclone", "ssh_m": 0.2132, "zeta_s-1": 8.2e-06, "hemisphere": "S", "time": "2025-05-01T00:00:00.000000000"}}, {"type": "Feature", "geometry": {"type": "Point", "coordinates": [-151.5625, 24.1875]}, "properties": {"type": "anticyclone", "ssh_m": 0.2132, "zeta_s-1": -9.2e-06, "hemisphere": "N", "time": "2025-05-01T00:00:00.000000000"}}, {"type": "Feature", "geometry": {"type": "Point", "coordinates": [-156.3125, -52.4375]}, "properties": {"type": "anticyclone", "ssh_m": 0.2129, "zeta_s-1": 6.1e-06, "hemisphere": "S", "time": "2025-05-01T00:00:00.000000000"}}, {"type": "Feature", "geometry": {"type": "Point", "coordinates": [-150.8125, -38.8125]}, "properties": {"type": "anticyclone", "ssh_m": 0.2129, "zeta_s-1": 4.4e-06, "hemisphere": "S", "time": "2025-05-01T00:00:00.000000000"}}, {"type": "Feature", "geometry": {"type": "Point", "coordinates": [61.8125, -25.5625]}, "properties": {"type": "anticyclone", "ssh_m": 0.2129, "zeta_s-1": 9.9e-06, "hemisphere": "S", "time": "2025-05-01T00:00:00.000000000"}}, {"type": "Feature", "geometry": {"type": "Point", "coordinates": [73.9375, -32.1875]}, "properties": {"type": "anticyclone", "ssh_m": 0.2128, "zeta_s-1": 6.2e-06, "hemisphere": "S", "time": "2025-05-01T00:00:00.000000000"}}, {"type": "Feature", "geometry": {"type": "Point", "coordinates": [123.1875, 15.5625]}, "properties": {"type": "anticyclone", "ssh_m": 0.2128, "zeta_s-1": -8e-06, "hemisphere": "N", "time": "2025-05-01T00:00:00.000000000"}}, {"type": "Feature", "geometry": {"type": "Point", "coordinates": [-177.8125, -9.8125]}, "properties": {"type": "anticyclone", "ssh_m": 0.2127, "zeta_s-1": 6.9e-06, "hemisphere": "S", "time": "2025-05-01T00:00:00.000000000"}}, {"type": "Feature", "geometry": {"type": "Point", "coordinates": [161.5625, 22.6875]}, "properties": {"type": "anticyclone", "ssh_m": 0.2127, "zeta_s-1": -1.72e-05, "hemisphere": "N", "time": "2025-05-01T00:00:00.000000000"}}, {"type": "Feature", "geometry": {"type": "Point", "coordinates": [-115.9375, -37.3125]}, "properties": {"type": "anticyclone", "ssh_m": 0.2126, "zeta_s-1": 5.4e-06, "hemisphere": "S", "time": "2025-05-01T00:00:00.000000000"}}, {"type": "Feature", "geometry": {"type": "Point", "coordinates": [-90.6875, -40.5625]}, "properties": {"type": "anticyclone", "ssh_m": 0.2125, "zeta_s-1": 7.4e-06, "hemisphere": "S", "time": "2025-05-01T00:00:00.000000000"}}, {"type": "Feature", "geometry": {"type": "Point", "coordinates": [124.6875, -58.0625]}, "properties": {"type": "anticyclone", "ssh_m": 0.2122, "zeta_s-1": 7.9e-06, "hemisphere": "S", "time": "2025-05-01T00:00:00.000000000"}}, {"type": "Feature", "geometry": {"type": "Point", "coordinates": [-135.0625, -19.0625]}, "properties": {"type": "anticyclone", "ssh_m": 0.2121, "zeta_s-1": 8.3e-06, "hemisphere": "S", "time": "2025-05-01T00:00:00.000000000"}}, {"type": "Feature", "geometry": {"type": "Point", "coordinates": [76.1875, 10.3125]}, "properties": {"type": "anticyclone", "ssh_m": 0.2121, "zeta_s-1": NaN, "hemisphere": "N", "time": "2025-05-01T00:00:00.000000000"}}, {"type": "Feature", "geometry": {"type": "Point", "coordinates": [94.0625, 4.3125]}, "properties": {"type": "anticyclone", "ssh_m": 0.212, "zeta_s-1": NaN, "hemisphere": "N", "time": "2025-05-01T00:00:00.000000000"}}, {"type": "Feature", "geometry": {"type": "Point", "coordinates": [77.9375, 6.8125]}, "properties": {"type": "anticyclone", "ssh_m": 0.2118, "zeta_s-1": NaN, "hemisphere": "N", "time": "2025-05-01T00:00:00.000000000"}}, {"type": "Feature", "geometry": {"type": "Point", "coordinates": [-152.5625, -37.6875]}, "properties": {"type": "anticyclone", "ssh_m": 0.2117, "zeta_s-1": 5.7e-06, "hemisphere": "S", "time": "2025-05-01T00:00:00.000000000"}}, {"type": "Feature", "geometry": {"type": "Point", "coordinates": [-143.4375, -43.6875]}, "properties": {"type": "anticyclone", "ssh_m": 0.2116, "zeta_s-1": 6.3e-06, "hemisphere": "S", "time": "2025-05-01T00:00:00.000000000"}}, {"type": "Feature", "geometry": {"type": "Point", "coordinates": [-114.4375, -28.8125]}, "properties": {"type": "anticyclone", "ssh_m": 0.2113, "zeta_s-1": 5.8e-06, "hemisphere": "S", "time": "2025-05-01T00:00:00.000000000"}}, {"type": "Feature", "geometry": {"type": "Point", "coordinates": [120.5625, -7.0625]}, "properties": {"type": "anticyclone", "ssh_m": 0.2113, "zeta_s-1": NaN, "hemisphere": "S", "time": "2025-05-01T00:00:00.000000000"}}, {"type": "Feature", "geometry": {"type": "Point", "coordinates": [-140.6875, -39.5625]}, "properties": {"type": "anticyclone", "ssh_m": 0.2111, "zeta_s-1": 4.4e-06, "hemisphere": "S", "time": "2025-05-01T00:00:00.000000000"}}, {"type": "Feature", "geometry": {"type": "Point", "coordinates": [-52.3125, 27.5625]}, "properties": {"type": "anticyclone", "ssh_m": 0.2111, "zeta_s-1": -1.01e-05, "hemisphere": "N", "time": "2025-05-01T00:00:00.000000000"}}, {"type": "Feature", "geometry": {"type": "Point", "coordinates": [-138.3125, -42.3125]}, "properties": {"type": "anticyclone", "ssh_m": 0.2107, "zeta_s-1": 5.4e-06, "hemisphere": "S", "time": "2025-05-01T00:00:00.000000000"}}, {"type": "Feature", "geometry": {"type": "Point", "coordinates": [11.0625, -45.3125]}, "properties": {"type": "anticyclone", "ssh_m": 0.2104, "zeta_s-1": 3.7e-06, "hemisphere": "S", "time": "2025-05-01T00:00:00.000000000"}}, {"type": "Feature", "geometry": {"type": "Point", "coordinates": [172.6875, 46.5625]}, "properties": {"type": "anticyclone", "ssh_m": 0.2103, "zeta_s-1": -5.5e-06, "hemisphere": "N", "time": "2025-05-01T00:00:00.000000000"}}, {"type": "Feature", "geometry": {"type": "Point", "coordinates": [-107.4375, -41.8125]}, "properties": {"type": "anticyclone", "ssh_m": 0.2102, "zeta_s-1": 7.2e-06, "hemisphere": "S", "time": "2025-05-01T00:00:00.000000000"}}, {"type": "Feature", "geometry": {"type": "Point", "coordinates": [172.0625, -46.8125]}, "properties": {"type": "anticyclone", "ssh_m": 0.2098, "zeta_s-1": 5.5e-06, "hemisphere": "S", "time": "2025-05-01T00:00:00.000000000"}}, {"type": "Feature", "geometry": {"type": "Point", "coordinates": [-135.6875, 24.0625]}, "properties": {"type": "anticyclone", "ssh_m": 0.2098, "zeta_s-1": -9.9e-06, "hemisphere": "N", "time": "2025-05-01T00:00:00.000000000"}}, {"type": "Feature", "geometry": {"type": "Point", "coordinates": [-121.0625, -38.0625]}, "properties": {"type": "anticyclone", "ssh_m": 0.2096, "zeta_s-1": 4.4e-06, "hemisphere": "S", "time": "2025-05-01T00:00:00.000000000"}}, {"type": "Feature", "geometry": {"type": "Point", "coordinates": [107.4375, -6.1875]}, "properties": {"type": "anticyclone", "ssh_m": 0.2096, "zeta_s-1": NaN, "hemisphere": "S", "time": "2025-05-01T00:00:00.000000000"}}, {"type": "Feature", "geometry": {"type": "Point", "coordinates": [85.4375, 4.1875]}, "properties": {"type": "anticyclone", "ssh_m": 0.2096, "zeta_s-1": NaN, "hemisphere": "N", "time": "2025-05-01T00:00:00.000000000"}}, {"type": "Feature", "geometry": {"type": "Point", "coordinates": [126.9375, -57.3125]}, "properties": {"type": "anticyclone", "ssh_m": 0.2094, "zeta_s-1": 1.43e-05, "hemisphere": "S", "time": "2025-05-01T00:00:00.000000000"}}, {"type": "Feature", "geometry": {"type": "Point", "coordinates": [15.3125, -51.4375]}, "properties": {"type": "anticyclone", "ssh_m": 0.2094, "zeta_s-1": 7.7e-06, "hemisphere": "S", "time": "2025-05-01T00:00:00.000000000"}}, {"type": "Feature", "geometry": {"type": "Point", "coordinates": [15.3125, -48.0625]}, "properties": {"type": "anticyclone", "ssh_m": 0.2093, "zeta_s-1": 8.1e-06, "hemisphere": "S", "time": "2025-05-01T00:00:00.000000000"}}, {"type": "Feature", "geometry": {"type": "Point", "coordinates": [52.1875, -10.9375]}, "properties": {"type": "anticyclone", "ssh_m": 0.2091, "zeta_s-1": 1.5e-05, "hemisphere": "S", "time": "2025-05-01T00:00:00.000000000"}}, {"type": "Feature", "geometry": {"type": "Point", "coordinates": [-149.8125, -29.6875]}, "properties": {"type": "anticyclone", "ssh_m": 0.209, "zeta_s-1": 1e-05, "hemisphere": "S", "time": "2025-05-01T00:00:00.000000000"}}, {"type": "Feature", "geometry": {"type": "Point", "coordinates": [7.0625, 69.8125]}, "properties": {"type": "anticyclone", "ssh_m": 0.209, "zeta_s-1": -3.49e-05, "hemisphere": "N", "time": "2025-05-01T00:00:00.000000000"}}, {"type": "Feature", "geometry": {"type": "Point", "coordinates": [-111.0625, -25.6875]}, "properties": {"type": "anticyclone", "ssh_m": 0.2089, "zeta_s-1": 6.6e-06, "hemisphere": "S", "time": "2025-05-01T00:00:00.000000000"}}, {"type": "Feature", "geometry": {"type": "Point", "coordinates": [-71.9375, 13.6875]}, "properties": {"type": "anticyclone", "ssh_m": 0.2088, "zeta_s-1": -9.3e-06, "hemisphere": "N", "time": "2025-05-01T00:00:00.000000000"}}, {"type": "Feature", "geometry": {"type": "Point", "coordinates": [-94.0625, -28.3125]}, "properties": {"type": "anticyclone", "ssh_m": 0.2084, "zeta_s-1": 4.7e-06, "hemisphere": "S", "time": "2025-05-01T00:00:00.000000000"}}, {"type": "Feature", "geometry": {"type": "Point", "coordinates": [-162.0625, 35.0625]}, "properties": {"type": "anticyclone", "ssh_m": 0.2082, "zeta_s-1": -1.05e-05, "hemisphere": "N", "time": "2025-05-01T00:00:00.000000000"}}, {"type": "Feature", "geometry": {"type": "Point", "coordinates": [-19.0625, -60.8125]}, "properties": {"type": "anticyclone", "ssh_m": 0.2081, "zeta_s-1": 2.04e-05, "hemisphere": "S", "time": "2025-05-01T00:00:00.000000000"}}, {"type": "Feature", "geometry": {"type": "Point", "coordinates": [-161.9375, -54.0625]}, "properties": {"type": "anticyclone", "ssh_m": 0.2081, "zeta_s-1": 8.7e-06, "hemisphere": "S", "time": "2025-05-01T00:00:00.000000000"}}, {"type": "Feature", "geometry": {"type": "Point", "coordinates": [127.3125, 22.8125]}, "properties": {"type": "anticyclone", "ssh_m": 0.208, "zeta_s-1": -1.75e-05, "hemisphere": "N", "time": "2025-05-01T00:00:00.000000000"}}, {"type": "Feature", "geometry": {"type": "Point", "coordinates": [114.6875, -37.5625]}, "properties": {"type": "anticyclone", "ssh_m": 0.2077, "zeta_s-1": 8.2e-06, "hemisphere": "S", "time": "2025-05-01T00:00:00.000000000"}}, {"type": "Feature", "geometry": {"type": "Point", "coordinates": [-163.8125, 38.3125]}, "properties": {"type": "anticyclone", "ssh_m": 0.2076, "zeta_s-1": -1.08e-05, "hemisphere": "N", "time": "2025-05-01T00:00:00.000000000"}}, {"type": "Feature", "geometry": {"type": "Point", "coordinates": [59.4375, -55.0625]}, "properties": {"type": "anticyclone", "ssh_m": 0.2075, "zeta_s-1": 1.72e-05, "hemisphere": "S", "time": "2025-05-01T00:00:00.000000000"}}, {"type": "Feature", "geometry": {"type": "Point", "coordinates": [-112.0625, -43.4375]}, "properties": {"type": "anticyclone", "ssh_m": 0.2074, "zeta_s-1": 6.5e-06, "hemisphere": "S", "time": "2025-05-01T00:00:00.000000000"}}, {"type": "Feature", "geometry": {"type": "Point", "coordinates": [-30.3125, -38.3125]}, "properties": {"type": "anticyclone", "ssh_m": 0.2074, "zeta_s-1": 8.5e-06, "hemisphere": "S", "time": "2025-05-01T00:00:00.000000000"}}, {"type": "Feature", "geometry": {"type": "Point", "coordinates": [38.8125, -54.9375]}, "properties": {"type": "anticyclone", "ssh_m": 0.207, "zeta_s-1": 1.14e-05, "hemisphere": "S", "time": "2025-05-01T00:00:00.000000000"}}, {"type": "Feature", "geometry": {"type": "Point", "coordinates": [-39.4375, -58.1875]}, "properties": {"type": "anticyclone", "ssh_m": 0.2069, "zeta_s-1": 1.58e-05, "hemisphere": "S", "time": "2025-05-01T00:00:00.000000000"}}, {"type": "Feature", "geometry": {"type": "Point", "coordinates": [-110.1875, -21.4375]}, "properties": {"type": "anticyclone", "ssh_m": 0.2068, "zeta_s-1": 4.1e-06, "hemisphere": "S", "time": "2025-05-01T00:00:00.000000000"}}, {"type": "Feature", "geometry": {"type": "Point", "coordinates": [-164.3125, 24.6875]}, "properties": {"type": "anticyclone", "ssh_m": 0.2067, "zeta_s-1": -7.9e-06, "hemisphere": "N", "time": "2025-05-01T00:00:00.000000000"}}, {"type": "Feature", "geometry": {"type": "Point", "coordinates": [39.1875, -52.0625]}, "properties": {"type": "anticyclone", "ssh_m": 0.2066, "zeta_s-1": 7.8e-06, "hemisphere": "S", "time": "2025-05-01T00:00:00.000000000"}}, {"type": "Feature", "geometry": {"type": "Point", "coordinates": [54.8125, -51.0625]}, "properties": {"type": "anticyclone", "ssh_m": 0.2065, "zeta_s-1": 1.23e-05, "hemisphere": "S", "time": "2025-05-01T00:00:00.000000000"}}, {"type": "Feature", "geometry": {"type": "Point", "coordinates": [31.8125, -44.1875]}, "properties": {"type": "anticyclone", "ssh_m": 0.206, "zeta_s-1": 1.02e-05, "hemisphere": "S", "time": "2025-05-01T00:00:00.000000000"}}, {"type": "Feature", "geometry": {"type": "Point", "coordinates": [-144.1875, -37.5625]}, "properties": {"type": "anticyclone", "ssh_m": 0.206, "zeta_s-1": 6.5e-06, "hemisphere": "S", "time": "2025-05-01T00:00:00.000000000"}}, {"type": "Feature", "geometry": {"type": "Point", "coordinates": [125.3125, 5.0625]}, "properties": {"type": "anticyclone", "ssh_m": 0.206, "zeta_s-1": NaN, "hemisphere": "N", "time": "2025-05-01T00:00:00.000000000"}}, {"type": "Feature", "geometry": {"type": "Point", "coordinates": [137.3125, -52.0625]}, "properties": {"type": "anticyclone", "ssh_m": 0.2058, "zeta_s-1": 1.53e-05, "hemisphere": "S", "time": "2025-05-01T00:00:00.000000000"}}, {"type": "Feature", "geometry": {"type": "Point", "coordinates": [-148.0625, -29.3125]}, "properties": {"type": "anticyclone", "ssh_m": 0.2058, "zeta_s-1": 7.4e-06, "hemisphere": "S", "time": "2025-05-01T00:00:00.000000000"}}, {"type": "Feature", "geometry": {"type": "Point", "coordinates": [-23.4375, 48.9375]}, "properties": {"type": "anticyclone", "ssh_m": 0.2058, "zeta_s-1": -1.51e-05, "hemisphere": "N", "time": "2025-05-01T00:00:00.000000000"}}, {"type": "Feature", "geometry": {"type": "Point", "coordinates": [-117.6875, -47.9375]}, "properties": {"type": "anticyclone", "ssh_m": 0.2057, "zeta_s-1": 6.4e-06, "hemisphere": "S", "time": "2025-05-01T00:00:00.000000000"}}, {"type": "Feature", "geometry": {"type": "Point", "coordinates": [118.4375, 15.6875]}, "properties": {"type": "anticyclone", "ssh_m": 0.2054, "zeta_s-1": -1.27e-05, "hemisphere": "N", "time": "2025-05-01T00:00:00.000000000"}}, {"type": "Feature", "geometry": {"type": "Point", "coordinates": [-73.3125, 32.8125]}, "properties": {"type": "anticyclone", "ssh_m": 0.2054, "zeta_s-1": -1.76e-05, "hemisphere": "N", "time": "2025-05-01T00:00:00.000000000"}}, {"type": "Feature", "geometry": {"type": "Point", "coordinates": [-158.1875, -54.9375]}, "properties": {"type": "anticyclone", "ssh_m": 0.2053, "zeta_s-1": 1.01e-05, "hemisphere": "S", "time": "2025-05-01T00:00:00.000000000"}}, {"type": "Feature", "geometry": {"type": "Point", "coordinates": [-53.9375, -34.5625]}, "properties": {"type": "anticyclone", "ssh_m": 0.2053, "zeta_s-1": NaN, "hemisphere": "S", "time": "2025-05-01T00:00:00.000000000"}}, {"type": "Feature", "geometry": {"type": "Point", "coordinates": [130.5625, 32.9375]}, "properties": {"type": "anticyclone", "ssh_m": 0.205, "zeta_s-1": NaN, "hemisphere": "N", "time": "2025-05-01T00:00:00.000000000"}}, {"type": "Feature", "geometry": {"type": "Point", "coordinates": [50.8125, -48.1875]}, "properties": {"type": "anticyclone", "ssh_m": 0.2048, "zeta_s-1": 6.3e-06, "hemisphere": "S", "time": "2025-05-01T00:00:00.000000000"}}, {"type": "Feature", "geometry": {"type": "Point", "coordinates": [-170.3125, 44.9375]}, "properties": {"type": "anticyclone", "ssh_m": 0.2047, "zeta_s-1": -4.4e-06, "hemisphere": "N", "time": "2025-05-01T00:00:00.000000000"}}, {"type": "Feature", "geometry": {"type": "Point", "coordinates": [-72.6875, -65.3125]}, "properties": {"type": "anticyclone", "ssh_m": 0.2046, "zeta_s-1": 1.4e-05, "hemisphere": "S", "time": "2025-05-01T00:00:00.000000000"}}, {"type": "Feature", "geometry": {"type": "Point", "coordinates": [77.4375, -34.3125]}, "properties": {"type": "anticyclone", "ssh_m": 0.2046, "zeta_s-1": 3.7e-06, "hemisphere": "S", "time": "2025-05-01T00:00:00.000000000"}}, {"type": "Feature", "geometry": {"type": "Point", "coordinates": [-0.3125, 63.5625]}, "properties": {"type": "anticyclone", "ssh_m": 0.2046, "zeta_s-1": -2.48e-05, "hemisphere": "N", "time": "2025-05-01T00:00:00.000000000"}}, {"type": "Feature", "geometry": {"type": "Point", "coordinates": [-92.0625, -34.9375]}, "properties": {"type": "anticyclone", "ssh_m": 0.2044, "zeta_s-1": 8.7e-06, "hemisphere": "S", "time": "2025-05-01T00:00:00.000000000"}}, {"type": "Feature", "geometry": {"type": "Point", "coordinates": [-142.4375, -33.6875]}, "properties": {"type": "anticyclone", "ssh_m": 0.2044, "zeta_s-1": 5.6e-06, "hemisphere": "S", "time": "2025-05-01T00:00:00.000000000"}}, {"type": "Feature", "geometry": {"type": "Point", "coordinates": [-120.6875, -56.9375]}, "properties": {"type": "anticyclone", "ssh_m": 0.2039, "zeta_s-1": 1.26e-05, "hemisphere": "S", "time": "2025-05-01T00:00:00.000000000"}}, {"type": "Feature", "geometry": {"type": "Point", "coordinates": [-75.6875, -49.3125]}, "properties": {"type": "anticyclone", "ssh_m": 0.2038, "zeta_s-1": 1.05e-05, "hemisphere": "S", "time": "2025-05-01T00:00:00.000000000"}}, {"type": "Feature", "geometry": {"type": "Point", "coordinates": [2.5625, -22.4375]}, "properties": {"type": "anticyclone", "ssh_m": 0.2036, "zeta_s-1": 5.2e-06, "hemisphere": "S", "time": "2025-05-01T00:00:00.000000000"}}, {"type": "Feature", "geometry": {"type": "Point", "coordinates": [-81.9375, 18.5625]}, "properties": {"type": "anticyclone", "ssh_m": 0.2036, "zeta_s-1": -9.4e-06, "hemisphere": "N", "time": "2025-05-01T00:00:00.000000000"}}, {"type": "Feature", "geometry": {"type": "Point", "coordinates": [161.3125, 13.6875]}, "properties": {"type": "anticyclone", "ssh_m": 0.2033, "zeta_s-1": -3.3e-06, "hemisphere": "N", "time": "2025-05-01T00:00:00.000000000"}}, {"type": "Feature", "geometry": {"type": "Point", "coordinates": [-2.5625, 75.5625]}, "properties": {"type": "anticyclone", "ssh_m": 0.2033, "zeta_s-1": -1.22e-05, "hemisphere": "N", "time": "2025-05-01T00:00:00.000000000"}}, {"type": "Feature", "geometry": {"type": "Point", "coordinates": [-141.4375, -37.1875]}, "properties": {"type": "anticyclone", "ssh_m": 0.2031, "zeta_s-1": 7.4e-06, "hemisphere": "S", "time": "2025-05-01T00:00:00.000000000"}}, {"type": "Feature", "geometry": {"type": "Point", "coordinates": [-136.8125, 50.0625]}, "properties": {"type": "anticyclone", "ssh_m": 0.2031, "zeta_s-1": -7e-06, "hemisphere": "N", "time": "2025-05-01T00:00:00.000000000"}}, {"type": "Feature", "geometry": {"type": "Point", "coordinates": [-92.5625, -31.8125]}, "properties": {"type": "anticyclone", "ssh_m": 0.2029, "zeta_s-1": 6e-06, "hemisphere": "S", "time": "2025-05-01T00:00:00.000000000"}}, {"type": "Feature", "geometry": {"type": "Point", "coordinates": [89.9375, 14.3125]}, "properties": {"type": "anticyclone", "ssh_m": 0.2026, "zeta_s-1": -6.5e-06, "hemisphere": "N", "time": "2025-05-01T00:00:00.000000000"}}, {"type": "Feature", "geometry": {"type": "Point", "coordinates": [156.4375, 23.5625]}, "properties": {"type": "anticyclone", "ssh_m": 0.2026, "zeta_s-1": -1.4e-05, "hemisphere": "N", "time": "2025-05-01T00:00:00.000000000"}}, {"type": "Feature", "geometry": {"type": "Point", "coordinates": [-17.5625, -28.1875]}, "properties": {"type": "anticyclone", "ssh_m": 0.2025, "zeta_s-1": 6.7e-06, "hemisphere": "S", "time": "2025-05-01T00:00:00.000000000"}}, {"type": "Feature", "geometry": {"type": "Point", "coordinates": [178.0625, -59.6875]}, "properties": {"type": "anticyclone", "ssh_m": 0.2024, "zeta_s-1": 1.4e-05, "hemisphere": "S", "time": "2025-05-01T00:00:00.000000000"}}, {"type": "Feature", "geometry": {"type": "Point", "coordinates": [-141.6875, -35.5625]}, "properties": {"type": "anticyclone", "ssh_m": 0.2024, "zeta_s-1": 4.6e-06, "hemisphere": "S", "time": "2025-05-01T00:00:00.000000000"}}, {"type": "Feature", "geometry": {"type": "Point", "coordinates": [59.8125, 4.0625]}, "properties": {"type": "anticyclone", "ssh_m": 0.2023, "zeta_s-1": NaN, "hemisphere": "N", "time": "2025-05-01T00:00:00.000000000"}}, {"type": "Feature", "geometry": {"type": "Point", "coordinates": [-167.1875, 15.5625]}, "properties": {"type": "anticyclone", "ssh_m": 0.2023, "zeta_s-1": -4.3e-06, "hemisphere": "N", "time": "2025-05-01T00:00:00.000000000"}}, {"type": "Feature", "geometry": {"type": "Point", "coordinates": [-16.0625, 58.6875]}, "properties": {"type": "anticyclone", "ssh_m": 0.2022, "zeta_s-1": -1.56e-05, "hemisphere": "N", "time": "2025-05-01T00:00:00.000000000"}}, {"type": "Feature", "geometry": {"type": "Point", "coordinates": [-74.3125, -52.8125]}, "properties": {"type": "anticyclone", "ssh_m": 0.2019, "zeta_s-1": 4.4e-06, "hemisphere": "S", "time": "2025-05-01T00:00:00.000000000"}}, {"type": "Feature", "geometry": {"type": "Point", "coordinates": [145.4375, -52.4375]}, "properties": {"type": "anticyclone", "ssh_m": 0.2019, "zeta_s-1": 9.6e-06, "hemisphere": "S", "time": "2025-05-01T00:00:00.000000000"}}, {"type": "Feature", "geometry": {"type": "Point", "coordinates": [-106.1875, -20.4375]}, "properties": {"type": "anticyclone", "ssh_m": 0.2018, "zeta_s-1": 3.9e-06, "hemisphere": "S", "time": "2025-05-01T00:00:00.000000000"}}, {"type": "Feature", "geometry": {"type": "Point", "coordinates": [58.0625, -19.1875]}, "properties": {"type": "anticyclone", "ssh_m": 0.2018, "zeta_s-1": 7.6e-06, "hemisphere": "S", "time": "2025-05-01T00:00:00.000000000"}}, {"type": "Feature", "geometry": {"type": "Point", "coordinates": [-74.8125, -57.4375]}, "properties": {"type": "anticyclone", "ssh_m": 0.2013, "zeta_s-1": 8.3e-06, "hemisphere": "S", "time": "2025-05-01T00:00:00.000000000"}}, {"type": "Feature", "geometry": {"type": "Point", "coordinates": [65.0625, -51.9375]}, "properties": {"type": "anticyclone", "ssh_m": 0.2008, "zeta_s-1": 4.7e-06, "hemisphere": "S", "time": "2025-05-01T00:00:00.000000000"}}, {"type": "Feature", "geometry": {"type": "Point", "coordinates": [36.6875, -43.0625]}, "properties": {"type": "anticyclone", "ssh_m": 0.2008, "zeta_s-1": 1.18e-05, "hemisphere": "S", "time": "2025-05-01T00:00:00.000000000"}}, {"type": "Feature", "geometry": {"type": "Point", "coordinates": [65.1875, -29.5625]}, "properties": {"type": "anticyclone", "ssh_m": 0.2008, "zeta_s-1": 6e-06, "hemisphere": "S", "time": "2025-05-01T00:00:00.000000000"}}, {"type": "Feature", "geometry": {"type": "Point", "coordinates": [-10.8125, 58.3125]}, "properties": {"type": "anticyclone", "ssh_m": 0.2008, "zeta_s-1": -1.74e-05, "hemisphere": "N", "time": "2025-05-01T00:00:00.000000000"}}, {"type": "Feature", "geometry": {"type": "Point", "coordinates": [-62.4375, -43.8125]}, "properties": {"type": "anticyclone", "ssh_m": 0.2006, "zeta_s-1": 5.2e-06, "hemisphere": "S", "time": "2025-05-01T00:00:00.000000000"}}, {"type": "Feature", "geometry": {"type": "Point", "coordinates": [-121.9375, -18.9375]}, "properties": {"type": "anticyclone", "ssh_m": 0.2006, "zeta_s-1": 4.8e-06, "hemisphere": "S", "time": "2025-05-01T00:00:00.000000000"}}, {"type": "Feature", "geometry": {"type": "Point", "coordinates": [-150.1875, -55.6875]}, "properties": {"type": "anticyclone", "ssh_m": 0.2004, "zeta_s-1": 1.4e-05, "hemisphere": "S", "time": "2025-05-01T00:00:00.000000000"}}, {"type": "Feature", "geometry": {"type": "Point", "coordinates": [56.9375, -51.8125]}, "properties": {"type": "anticyclone", "ssh_m": 0.2003, "zeta_s-1": 5.7e-06, "hemisphere": "S", "time": "2025-05-01T00:00:00.000000000"}}, {"type": "Feature", "geometry": {"type": "Point", "coordinates": [88.8125, -58.9375]}, "properties": {"type": "anticyclone", "ssh_m": 0.2, "zeta_s-1": 2.09e-05, "hemisphere": "S", "time": "2025-05-01T00:00:00.000000000"}}, {"type": "Feature", "geometry": {"type": "Point", "coordinates": [-107.1875, -27.4375]}, "properties": {"type": "anticyclone", "ssh_m": 0.2, "zeta_s-1": 6.4e-06, "hemisphere": "S", "time": "2025-05-01T00:00:00.000000000"}}, {"type": "Feature", "geometry": {"type": "Point", "coordinates": [-51.4375, 8.5625]}, "properties": {"type": "anticyclone", "ssh_m": 0.2, "zeta_s-1": -6.7e-06, "hemisphere": "N", "time": "2025-05-01T00:00:00.000000000"}}, {"type": "Feature", "geometry": {"type": "Point", "coordinates": [39.6875, -60.5625]}, "properties": {"type": "anticyclone", "ssh_m": 0.1996, "zeta_s-1": 5e-06, "hemisphere": "S", "time": "2025-05-01T00:00:00.000000000"}}, {"type": "Feature", "geometry": {"type": "Point", "coordinates": [117.8125, -45.6875]}, "properties": {"type": "anticyclone", "ssh_m": 0.1996, "zeta_s-1": 8.4e-06, "hemisphere": "S", "time": "2025-05-01T00:00:00.000000000"}}, {"type": "Feature", "geometry": {"type": "Point", "coordinates": [-117.8125, -42.0625]}, "properties": {"type": "anticyclone", "ssh_m": 0.1996, "zeta_s-1": 6.8e-06, "hemisphere": "S", "time": "2025-05-01T00:00:00.000000000"}}, {"type": "Feature", "geometry": {"type": "Point", "coordinates": [90.0625, -7.3125]}, "properties": {"type": "anticyclone", "ssh_m": 0.1995, "zeta_s-1": NaN, "hemisphere": "S", "time": "2025-05-01T00:00:00.000000000"}}, {"type": "Feature", "geometry": {"type": "Point", "coordinates": [7.4375, -23.5625]}, "properties": {"type": "anticyclone", "ssh_m": 0.1994, "zeta_s-1": 4.8e-06, "hemisphere": "S", "time": "2025-05-01T00:00:00.000000000"}}, {"type": "Feature", "geometry": {"type": "Point", "coordinates": [131.0625, 0.6875]}, "properties": {"type": "anticyclone", "ssh_m": 0.1994, "zeta_s-1": NaN, "hemisphere": "N", "time": "2025-05-01T00:00:00.000000000"}}, {"type": "Feature", "geometry": {"type": "Point", "coordinates": [-53.4375, 66.5625]}, "properties": {"type": "anticyclone", "ssh_m": 0.1992, "zeta_s-1": -1.42e-05, "hemisphere": "N", "time": "2025-05-01T00:00:00.000000000"}}, {"type": "Feature", "geometry": {"type": "Point", "coordinates": [-73.5625, -54.1875]}, "properties": {"type": "anticyclone", "ssh_m": 0.1989, "zeta_s-1": 5.8e-06, "hemisphere": "S", "time": "2025-05-01T00:00:00.000000000"}}, {"type": "Feature", "geometry": {"type": "Point", "coordinates": [129.1875, -37.5625]}, "properties": {"type": "anticyclone", "ssh_m": 0.1988, "zeta_s-1": 6.5e-06, "hemisphere": "S", "time": "2025-05-01T00:00:00.000000000"}}, {"type": "Feature", "geometry": {"type": "Point", "coordinates": [-65.8125, 14.9375]}, "properties": {"type": "anticyclone", "ssh_m": 0.1988, "zeta_s-1": -1.91e-05, "hemisphere": "N", "time": "2025-05-01T00:00:00.000000000"}}, {"type": "Feature", "geometry": {"type": "Point", "coordinates": [-79.4375, -29.4375]}, "properties": {"type": "anticyclone", "ssh_m": 0.1987, "zeta_s-1": 8.3e-06, "hemisphere": "S", "time": "2025-05-01T00:00:00.000000000"}}, {"type": "Feature", "geometry": {"type": "Point", "coordinates": [-29.9375, -22.5625]}, "properties": {"type": "anticyclone", "ssh_m": 0.1987, "zeta_s-1": 5e-06, "hemisphere": "S", "time": "2025-05-01T00:00:00.000000000"}}, {"type": "Feature", "geometry": {"type": "Point", "coordinates": [-58.4375, 46.0625]}, "properties": {"type": "anticyclone", "ssh_m": 0.1986, "zeta_s-1": -1.95e-05, "hemisphere": "N", "time": "2025-05-01T00:00:00.000000000"}}, {"type": "Feature", "geometry": {"type": "Point", "coordinates": [22.5625, -57.8125]}, "properties": {"type": "anticyclone", "ssh_m": 0.1984, "zeta_s-1": 7.4e-06, "hemisphere": "S", "time": "2025-05-01T00:00:00.000000000"}}, {"type": "Feature", "geometry": {"type": "Point", "coordinates": [-13.8125, -42.1875]}, "properties": {"type": "anticyclone", "ssh_m": 0.1982, "zeta_s-1": 5.5e-06, "hemisphere": "S", "time": "2025-05-01T00:00:00.000000000"}}, {"type": "Feature", "geometry": {"type": "Point", "coordinates": [-73.4375, 31.1875]}, "properties": {"type": "anticyclone", "ssh_m": 0.1982, "zeta_s-1": -1.95e-05, "hemisphere": "N", "time": "2025-05-01T00:00:00.000000000"}}, {"type": "Feature", "geometry": {"type": "Point", "coordinates": [-148.6875, 23.5625]}, "properties": {"type": "anticyclone", "ssh_m": 0.198, "zeta_s-1": -9.3e-06, "hemisphere": "N", "time": "2025-05-01T00:00:00.000000000"}}, {"type": "Feature", "geometry": {"type": "Point", "coordinates": [-28.1875, -44.5625]}, "properties": {"type": "anticyclone", "ssh_m": 0.1976, "zeta_s-1": 1.44e-05, "hemisphere": "S", "time": "2025-05-01T00:00:00.000000000"}}, {"type": "Feature", "geometry": {"type": "Point", "coordinates": [-86.3125, -36.8125]}, "properties": {"type": "anticyclone", "ssh_m": 0.1976, "zeta_s-1": 9e-06, "hemisphere": "S", "time": "2025-05-01T00:00:00.000000000"}}, {"type": "Feature", "geometry": {"type": "Point", "coordinates": [95.5625, -23.4375]}, "properties": {"type": "anticyclone", "ssh_m": 0.1975, "zeta_s-1": 1.16e-05, "hemisphere": "S", "time": "2025-05-01T00:00:00.000000000"}}, {"type": "Feature", "geometry": {"type": "Point", "coordinates": [42.3125, -56.0625]}, "properties": {"type": "anticyclone", "ssh_m": 0.1974, "zeta_s-1": 1.28e-05, "hemisphere": "S", "time": "2025-05-01T00:00:00.000000000"}}, {"type": "Feature", "geometry": {"type": "Point", "coordinates": [7.8125, -45.5625]}, "properties": {"type": "anticyclone", "ssh_m": 0.1973, "zeta_s-1": 8.2e-06, "hemisphere": "S", "time": "2025-05-01T00:00:00.000000000"}}, {"type": "Feature", "geometry": {"type": "Point", "coordinates": [-24.9375, 12.6875]}, "properties": {"type": "anticyclone", "ssh_m": 0.1972, "zeta_s-1": -1.94e-05, "hemisphere": "N", "time": "2025-05-01T00:00:00.000000000"}}, {"type": "Feature", "geometry": {"type": "Point", "coordinates": [-4.4375, -49.4375]}, "properties": {"type": "anticyclone", "ssh_m": 0.1969, "zeta_s-1": 8.5e-06, "hemisphere": "S", "time": "2025-05-01T00:00:00.000000000"}}, {"type": "Feature", "geometry": {"type": "Point", "coordinates": [-10.4375, 36.0625]}, "properties": {"type": "anticyclone", "ssh_m": 0.1968, "zeta_s-1": -1.18e-05, "hemisphere": "N", "time": "2025-05-01T00:00:00.000000000"}}, {"type": "Feature", "geometry": {"type": "Point", "coordinates": [-127.3125, -16.0625]}, "properties": {"type": "anticyclone", "ssh_m": 0.1967, "zeta_s-1": 5.5e-06, "hemisphere": "S", "time": "2025-05-01T00:00:00.000000000"}}, {"type": "Feature", "geometry": {"type": "Point", "coordinates": [121.8125, 10.9375]}, "properties": {"type": "anticyclone", "ssh_m": 0.1966, "zeta_s-1": -2.04e-05, "hemisphere": "N", "time": "2025-05-01T00:00:00.000000000"}}, {"type": "Feature", "geometry": {"type": "Point", "coordinates": [-137.6875, 21.1875]}, "properties": {"type": "anticyclone", "ssh_m": 0.1965, "zeta_s-1": -9.1e-06, "hemisphere": "N", "time": "2025-05-01T00:00:00.000000000"}}, {"type": "Feature", "geometry": {"type": "Point", "coordinates": [173.0625, 24.8125]}, "properties": {"type": "anticyclone", "ssh_m": 0.1964, "zeta_s-1": -8.2e-06, "hemisphere": "N", "time": "2025-05-01T00:00:00.000000000"}}, {"type": "Feature", "geometry": {"type": "Point", "coordinates": [-152.6875, 28.9375]}, "properties": {"type": "anticyclone", "ssh_m": 0.1964, "zeta_s-1": -1.06e-05, "hemisphere": "N", "time": "2025-05-01T00:00:00.000000000"}}, {"type": "Feature", "geometry": {"type": "Point", "coordinates": [-17.5625, -59.8125]}, "properties": {"type": "anticyclone", "ssh_m": 0.1963, "zeta_s-1": 1.65e-05, "hemisphere": "S", "time": "2025-05-01T00:00:00.000000000"}}, {"type": "Feature", "geometry": {"type": "Point", "coordinates": [-116.1875, -20.3125]}, "properties": {"type": "anticyclone", "ssh_m": 0.1962, "zeta_s-1": 3.3e-06, "hemisphere": "S", "time": "2025-05-01T00:00:00.000000000"}}, {"type": "Feature", "geometry": {"type": "Point", "coordinates": [156.5625, -16.9375]}, "properties": {"type": "anticyclone", "ssh_m": 0.1962, "zeta_s-1": 1.11e-05, "hemisphere": "S", "time": "2025-05-01T00:00:00.000000000"}}, {"type": "Feature", "geometry": {"type": "Point", "coordinates": [-130.1875, -55.6875]}, "properties": {"type": "anticyclone", "ssh_m": 0.1961, "zeta_s-1": 4.41e-05, "hemisphere": "S", "time": "2025-05-01T00:00:00.000000000"}}, {"type": "Feature", "geometry": {"type": "Point", "coordinates": [21.5625, 35.4375]}, "properties": {"type": "anticyclone", "ssh_m": 0.1958, "zeta_s-1": -1.65e-05, "hemisphere": "N", "time": "2025-05-01T00:00:00.000000000"}}, {"type": "Feature", "geometry": {"type": "Point", "coordinates": [-73.8125, -27.0625]}, "properties": {"type": "anticyclone", "ssh_m": 0.1957, "zeta_s-1": 9.9e-06, "hemisphere": "S", "time": "2025-05-01T00:00:00.000000000"}}, {"type": "Feature", "geometry": {"type": "Point", "coordinates": [-111.4375, 70.3125]}, "properties": {"type": "anticyclone", "ssh_m": 0.1956, "zeta_s-1": NaN, "hemisphere": "N", "time": "2025-05-01T00:00:00.000000000"}}, {"type": "Feature", "geometry": {"type": "Point", "coordinates": [-82.0625, 23.8125]}, "properties": {"type": "anticyclone", "ssh_m": 0.1952, "zeta_s-1": -2.84e-05, "hemisphere": "N", "time": "2025-05-01T00:00:00.000000000"}}, {"type": "Feature", "geometry": {"type": "Point", "coordinates": [14.4375, 70.1875]}, "properties": {"type": "anticyclone", "ssh_m": 0.1951, "zeta_s-1": -3.03e-05, "hemisphere": "N", "time": "2025-05-01T00:00:00.000000000"}}, {"type": "Feature", "geometry": {"type": "Point", "coordinates": [119.3125, -44.1875]}, "properties": {"type": "anticyclone", "ssh_m": 0.1949, "zeta_s-1": 8.7e-06, "hemisphere": "S", "time": "2025-05-01T00:00:00.000000000"}}, {"type": "Feature", "geometry": {"type": "Point", "coordinates": [-131.4375, -35.5625]}, "properties": {"type": "anticyclone", "ssh_m": 0.1944, "zeta_s-1": 2.3e-06, "hemisphere": "S", "time": "2025-05-01T00:00:00.000000000"}}, {"type": "Feature", "geometry": {"type": "Point", "coordinates": [166.9375, -50.3125]}, "properties": {"type": "anticyclone", "ssh_m": 0.1943, "zeta_s-1": 3.1e-06, "hemisphere": "S", "time": "2025-05-01T00:00:00.000000000"}}, {"type": "Feature", "geometry": {"type": "Point", "coordinates": [3.1875, 64.1875]}, "properties": {"type": "anticyclone", "ssh_m": 0.1943, "zeta_s-1": -2.05e-05, "hemisphere": "N", "time": "2025-05-01T00:00:00.000000000"}}, {"type": "Feature", "geometry": {"type": "Point", "coordinates": [136.3125, -44.9375]}, "properties": {"type": "anticyclone", "ssh_m": 0.1942, "zeta_s-1": 4.9e-06, "hemisphere": "S", "time": "2025-05-01T00:00:00.000000000"}}, {"type": "Feature", "geometry": {"type": "Point", "coordinates": [-163.0625, 29.5625]}, "properties": {"type": "anticyclone", "ssh_m": 0.1942, "zeta_s-1": -8.2e-06, "hemisphere": "N", "time": "2025-05-01T00:00:00.000000000"}}, {"type": "Feature", "geometry": {"type": "Point", "coordinates": [177.1875, -42.8125]}, "properties": {"type": "anticyclone", "ssh_m": 0.1938, "zeta_s-1": 1.01e-05, "hemisphere": "S", "time": "2025-05-01T00:00:00.000000000"}}, {"type": "Feature", "geometry": {"type": "Point", "coordinates": [119.5625, -3.5625]}, "properties": {"type": "anticyclone", "ssh_m": 0.1938, "zeta_s-1": NaN, "hemisphere": "S", "time": "2025-05-01T00:00:00.000000000"}}, {"type": "Feature", "geometry": {"type": "Point", "coordinates": [-131.0625, -19.1875]}, "properties": {"type": "anticyclone", "ssh_m": 0.1937, "zeta_s-1": 4.5e-06, "hemisphere": "S", "time": "2025-05-01T00:00:00.000000000"}}, {"type": "Feature", "geometry": {"type": "Point", "coordinates": [-136.8125, 38.3125]}, "properties": {"type": "anticyclone", "ssh_m": 0.1937, "zeta_s-1": -9.7e-06, "hemisphere": "N", "time": "2025-05-01T00:00:00.000000000"}}, {"type": "Feature", "geometry": {"type": "Point", "coordinates": [132.4375, -37.3125]}, "properties": {"type": "anticyclone", "ssh_m": 0.1936, "zeta_s-1": 1.21e-05, "hemisphere": "S", "time": "2025-05-01T00:00:00.000000000"}}, {"type": "Feature", "geometry": {"type": "Point", "coordinates": [-86.5625, -5.1875]}, "properties": {"type": "anticyclone", "ssh_m": 0.1935, "zeta_s-1": NaN, "hemisphere": "S", "time": "2025-05-01T00:00:00.000000000"}}, {"type": "Feature", "geometry": {"type": "Point", "coordinates": [-96.8125, -26.0625]}, "properties": {"type": "anticyclone", "ssh_m": 0.1934, "zeta_s-1": 4e-06, "hemisphere": "S", "time": "2025-05-01T00:00:00.000000000"}}, {"type": "Feature", "geometry": {"type": "Point", "coordinates": [-75.6875, -30.5625]}, "properties": {"type": "anticyclone", "ssh_m": 0.1933, "zeta_s-1": 1.05e-05, "hemisphere": "S", "time": "2025-05-01T00:00:00.000000000"}}, {"type": "Feature", "geometry": {"type": "Point", "coordinates": [171.9375, -49.4375]}, "properties": {"type": "anticyclone", "ssh_m": 0.1932, "zeta_s-1": 3.1e-06, "hemisphere": "S", "time": "2025-05-01T00:00:00.000000000"}}, {"type": "Feature", "geometry": {"type": "Point", "coordinates": [-73.5625, -43.5625]}, "properties": {"type": "anticyclone", "ssh_m": 0.1932, "zeta_s-1": 1.45e-05, "hemisphere": "S", "time": "2025-05-01T00:00:00.000000000"}}, {"type": "Feature", "geometry": {"type": "Point", "coordinates": [-14.5625, -48.8125]}, "properties": {"type": "anticyclone", "ssh_m": 0.1931, "zeta_s-1": 9.3e-06, "hemisphere": "S", "time": "2025-05-01T00:00:00.000000000"}}, {"type": "Feature", "geometry": {"type": "Point", "coordinates": [120.5625, -45.5625]}, "properties": {"type": "anticyclone", "ssh_m": 0.1931, "zeta_s-1": 5.6e-06, "hemisphere": "S", "time": "2025-05-01T00:00:00.000000000"}}, {"type": "Feature", "geometry": {"type": "Point", "coordinates": [-102.6875, -21.4375]}, "properties": {"type": "anticyclone", "ssh_m": 0.1931, "zeta_s-1": 2.8e-06, "hemisphere": "S", "time": "2025-05-01T00:00:00.000000000"}}, {"type": "Feature", "geometry": {"type": "Point", "coordinates": [170.3125, -46.1875]}, "properties": {"type": "anticyclone", "ssh_m": 0.193, "zeta_s-1": 4.5e-06, "hemisphere": "S", "time": "2025-05-01T00:00:00.000000000"}}, {"type": "Feature", "geometry": {"type": "Point", "coordinates": [3.8125, -43.5625]}, "properties": {"type": "anticyclone", "ssh_m": 0.193, "zeta_s-1": 6.6e-06, "hemisphere": "S", "time": "2025-05-01T00:00:00.000000000"}}, {"type": "Feature", "geometry": {"type": "Point", "coordinates": [-159.9375, 12.8125]}, "properties": {"type": "anticyclone", "ssh_m": 0.193, "zeta_s-1": -3e-06, "hemisphere": "N", "time": "2025-05-01T00:00:00.000000000"}}, {"type": "Feature", "geometry": {"type": "Point", "coordinates": [-24.1875, 35.3125]}, "properties": {"type": "anticyclone", "ssh_m": 0.1929, "zeta_s-1": -7.7e-06, "hemisphere": "N", "time": "2025-05-01T00:00:00.000000000"}}, {"type": "Feature", "geometry": {"type": "Point", "coordinates": [-26.5625, -28.1875]}, "properties": {"type": "anticyclone", "ssh_m": 0.1928, "zeta_s-1": 6.5e-06, "hemisphere": "S", "time": "2025-05-01T00:00:00.000000000"}}, {"type": "Feature", "geometry": {"type": "Point", "coordinates": [-153.3125, 26.3125]}, "properties": {"type": "anticyclone", "ssh_m": 0.1927, "zeta_s-1": -1.17e-05, "hemisphere": "N", "time": "2025-05-01T00:00:00.000000000"}}, {"type": "Feature", "geometry": {"type": "Point", "coordinates": [115.4375, -42.6875]}, "properties": {"type": "anticyclone", "ssh_m": 0.1923, "zeta_s-1": 8.7e-06, "hemisphere": "S", "time": "2025-05-01T00:00:00.000000000"}}, {"type": "Feature", "geometry": {"type": "Point", "coordinates": [-168.8125, 47.5625]}, "properties": {"type": "anticyclone", "ssh_m": 0.1922, "zeta_s-1": -6.2e-06, "hemisphere": "N", "time": "2025-05-01T00:00:00.000000000"}}, {"type": "Feature", "geometry": {"type": "Point", "coordinates": [109.8125, -58.4375]}, "properties": {"type": "anticyclone", "ssh_m": 0.1919, "zeta_s-1": 1.35e-05, "hemisphere": "S", "time": "2025-05-01T00:00:00.000000000"}}, {"type": "Feature", "geometry": {"type": "Point", "coordinates": [63.5625, 16.0625]}, "properties": {"type": "anticyclone", "ssh_m": 0.1919, "zeta_s-1": -7.3e-06, "hemisphere": "N", "time": "2025-05-01T00:00:00.000000000"}}, {"type": "Feature", "geometry": {"type": "Point", "coordinates": [-58.3125, 56.5625]}, "properties": {"type": "anticyclone", "ssh_m": 0.1918, "zeta_s-1": -1.71e-05, "hemisphere": "N", "time": "2025-05-01T00:00:00.000000000"}}, {"type": "Feature", "geometry": {"type": "Point", "coordinates": [8.0625, 74.3125]}, "properties": {"type": "anticyclone", "ssh_m": 0.1916, "zeta_s-1": -2.15e-05, "hemisphere": "N", "time": "2025-05-01T00:00:00.000000000"}}, {"type": "Feature", "geometry": {"type": "Point", "coordinates": [-67.0625, -53.4375]}, "properties": {"type": "anticyclone", "ssh_m": 0.1915, "zeta_s-1": 7.9e-06, "hemisphere": "S", "time": "2025-05-01T00:00:00.000000000"}}, {"type": "Feature", "geometry": {"type": "Point", "coordinates": [-23.9375, -26.5625]}, "properties": {"type": "anticyclone", "ssh_m": 0.1915, "zeta_s-1": 4e-06, "hemisphere": "S", "time": "2025-05-01T00:00:00.000000000"}}, {"type": "Feature", "geometry": {"type": "Point", "coordinates": [78.1875, -21.6875]}, "properties": {"type": "anticyclone", "ssh_m": 0.1915, "zeta_s-1": 9.2e-06, "hemisphere": "S", "time": "2025-05-01T00:00:00.000000000"}}, {"type": "Feature", "geometry": {"type": "Point", "coordinates": [-122.5625, -58.9375]}, "properties": {"type": "anticyclone", "ssh_m": 0.1914, "zeta_s-1": 1.82e-05, "hemisphere": "S", "time": "2025-05-01T00:00:00.000000000"}}, {"type": "Feature", "geometry": {"type": "Point", "coordinates": [-25.3125, -42.4375]}, "properties": {"type": "anticyclone", "ssh_m": 0.1914, "zeta_s-1": 1.4e-05, "hemisphere": "S", "time": "2025-05-01T00:00:00.000000000"}}, {"type": "Feature", "geometry": {"type": "Point", "coordinates": [-42.5625, -33.6875]}, "properties": {"type": "anticyclone", "ssh_m": 0.1914, "zeta_s-1": 8.3e-06, "hemisphere": "S", "time": "2025-05-01T00:00:00.000000000"}}, {"type": "Feature", "geometry": {"type": "Point", "coordinates": [9.9375, -28.3125]}, "properties": {"type": "anticyclone", "ssh_m": 0.1914, "zeta_s-1": 3.4e-06, "hemisphere": "S", "time": "2025-05-01T00:00:00.000000000"}}, {"type": "Feature", "geometry": {"type": "Point", "coordinates": [-70.8125, 26.4375]}, "properties": {"type": "anticyclone", "ssh_m": 0.1913, "zeta_s-1": -9.2e-06, "hemisphere": "N", "time": "2025-05-01T00:00:00.000000000"}}, {"type": "Feature", "geometry": {"type": "Point", "coordinates": [-87.5625, -34.4375]}, "properties": {"type": "anticyclone", "ssh_m": 0.1912, "zeta_s-1": 6.9e-06, "hemisphere": "S", "time": "2025-05-01T00:00:00.000000000"}}, {"type": "Feature", "geometry": {"type": "Point", "coordinates": [-174.9375, -14.6875]}, "properties": {"type": "anticyclone", "ssh_m": 0.1912, "zeta_s-1": 3.1e-06, "hemisphere": "S", "time": "2025-05-01T00:00:00.000000000"}}, {"type": "Feature", "geometry": {"type": "Point", "coordinates": [-154.3125, -55.4375]}, "properties": {"type": "anticyclone", "ssh_m": 0.1911, "zeta_s-1": 6.5e-06, "hemisphere": "S", "time": "2025-05-01T00:00:00.000000000"}}, {"type": "Feature", "geometry": {"type": "Point", "coordinates": [-36.4375, -32.3125]}, "properties": {"type": "anticyclone", "ssh_m": 0.191, "zeta_s-1": 1e-05, "hemisphere": "S", "time": "2025-05-01T00:00:00.000000000"}}, {"type": "Feature", "geometry": {"type": "Point", "coordinates": [-42.6875, 9.1875]}, "properties": {"type": "anticyclone", "ssh_m": 0.191, "zeta_s-1": -2.6e-06, "hemisphere": "N", "time": "2025-05-01T00:00:00.000000000"}}, {"type": "Feature", "geometry": {"type": "Point", "coordinates": [-16.9375, -26.0625]}, "properties": {"type": "anticyclone", "ssh_m": 0.1909, "zeta_s-1": 3.1e-06, "hemisphere": "S", "time": "2025-05-01T00:00:00.000000000"}}, {"type": "Feature", "geometry": {"type": "Point", "coordinates": [-107.4375, -60.3125]}, "properties": {"type": "anticyclone", "ssh_m": 0.1908, "zeta_s-1": 1.18e-05, "hemisphere": "S", "time": "2025-05-01T00:00:00.000000000"}}, {"type": "Feature", "geometry": {"type": "Point", "coordinates": [-32.6875, -21.0625]}, "properties": {"type": "anticyclone", "ssh_m": 0.1908, "zeta_s-1": 5.4e-06, "hemisphere": "S", "time": "2025-05-01T00:00:00.000000000"}}, {"type": "Feature", "geometry": {"type": "Point", "coordinates": [176.8125, 53.4375]}, "properties": {"type": "anticyclone", "ssh_m": 0.1907, "zeta_s-1": -1.33e-05, "hemisphere": "N", "time": "2025-05-01T00:00:00.000000000"}}, {"type": "Feature", "geometry": {"type": "Point", "coordinates": [-36.0625, 60.8125]}, "properties": {"type": "anticyclone", "ssh_m": 0.1907, "zeta_s-1": -2.25e-05, "hemisphere": "N", "time": "2025-05-01T00:00:00.000000000"}}, {"type": "Feature", "geometry": {"type": "Point", "coordinates": [59.4375, -61.1875]}, "properties": {"type": "anticyclone", "ssh_m": 0.1906, "zeta_s-1": 1.23e-05, "hemisphere": "S", "time": "2025-05-01T00:00:00.000000000"}}, {"type": "Feature", "geometry": {"type": "Point", "coordinates": [-11.4375, 55.1875]}, "properties": {"type": "anticyclone", "ssh_m": 0.1906, "zeta_s-1": -1.1e-05, "hemisphere": "N", "time": "2025-05-01T00:00:00.000000000"}}, {"type": "Feature", "geometry": {"type": "Point", "coordinates": [-16.3125, 57.1875]}, "properties": {"type": "anticyclone", "ssh_m": 0.1906, "zeta_s-1": -8.9e-06, "hemisphere": "N", "time": "2025-05-01T00:00:00.000000000"}}, {"type": "Feature", "geometry": {"type": "Point", "coordinates": [150.0625, -18.3125]}, "properties": {"type": "anticyclone", "ssh_m": 0.1904, "zeta_s-1": 5.7e-06, "hemisphere": "S", "time": "2025-05-01T00:00:00.000000000"}}, {"type": "Feature", "geometry": {"type": "Point", "coordinates": [59.3125, -0.5625]}, "properties": {"type": "anticyclone", "ssh_m": 0.1902, "zeta_s-1": NaN, "hemisphere": "S", "time": "2025-05-01T00:00:00.000000000"}}, {"type": "Feature", "geometry": {"type": "Point", "coordinates": [-168.5625, 12.8125]}, "properties": {"type": "anticyclone", "ssh_m": 0.1902, "zeta_s-1": -2.8e-06, "hemisphere": "N", "time": "2025-05-01T00:00:00.000000000"}}, {"type": "Feature", "geometry": {"type": "Point", "coordinates": [20.5625, -61.3125]}, "properties": {"type": "anticyclone", "ssh_m": 0.19, "zeta_s-1": 1.41e-05, "hemisphere": "S", "time": "2025-05-01T00:00:00.000000000"}}, {"type": "Feature", "geometry": {"type": "Point", "coordinates": [132.0625, -46.5625]}, "properties": {"type": "anticyclone", "ssh_m": 0.19, "zeta_s-1": 5e-06, "hemisphere": "S", "time": "2025-05-01T00:00:00.000000000"}}, {"type": "Feature", "geometry": {"type": "Point", "coordinates": [98.8125, -59.6875]}, "properties": {"type": "anticyclone", "ssh_m": 0.1898, "zeta_s-1": 2.11e-05, "hemisphere": "S", "time": "2025-05-01T00:00:00.000000000"}}, {"type": "Feature", "geometry": {"type": "Point", "coordinates": [-96.3125, -23.4375]}, "properties": {"type": "anticyclone", "ssh_m": 0.1898, "zeta_s-1": 7.7e-06, "hemisphere": "S", "time": "2025-05-01T00:00:00.000000000"}}, {"type": "Feature", "geometry": {"type": "Point", "coordinates": [-160.1875, 38.4375]}, "properties": {"type": "anticyclone", "ssh_m": 0.1897, "zeta_s-1": -7.5e-06, "hemisphere": "N", "time": "2025-05-01T00:00:00.000000000"}}, {"type": "Feature", "geometry": {"type": "Point", "coordinates": [166.8125, 29.0625]}, "properties": {"type": "anticyclone", "ssh_m": 0.1895, "zeta_s-1": -9.2e-06, "hemisphere": "N", "time": "2025-05-01T00:00:00.000000000"}}, {"type": "Feature", "geometry": {"type": "Point", "coordinates": [-13.9375, -29.3125]}, "properties": {"type": "anticyclone", "ssh_m": 0.1894, "zeta_s-1": 5e-06, "hemisphere": "S", "time": "2025-05-01T00:00:00.000000000"}}, {"type": "Feature", "geometry": {"type": "Point", "coordinates": [-107.6875, -22.6875]}, "properties": {"type": "anticyclone", "ssh_m": 0.1894, "zeta_s-1": 1.9e-06, "hemisphere": "S", "time": "2025-05-01T00:00:00.000000000"}}, {"type": "Feature", "geometry": {"type": "Point", "coordinates": [-167.3125, 11.4375]}, "properties": {"type": "anticyclone", "ssh_m": 0.1892, "zeta_s-1": -2.4e-06, "hemisphere": "N", "time": "2025-05-01T00:00:00.000000000"}}, {"type": "Feature", "geometry": {"type": "Point", "coordinates": [-55.6875, 54.1875]}, "properties": {"type": "anticyclone", "ssh_m": 0.1892, "zeta_s-1": -1.05e-05, "hemisphere": "N", "time": "2025-05-01T00:00:00.000000000"}}, {"type": "Feature", "geometry": {"type": "Point", "coordinates": [-84.5625, -30.1875]}, "properties": {"type": "anticyclone", "ssh_m": 0.1891, "zeta_s-1": 1.11e-05, "hemisphere": "S", "time": "2025-05-01T00:00:00.000000000"}}, {"type": "Feature", "geometry": {"type": "Point", "coordinates": [-1.9375, -29.9375]}, "properties": {"type": "anticyclone", "ssh_m": 0.1891, "zeta_s-1": 5.4e-06, "hemisphere": "S", "time": "2025-05-01T00:00:00.000000000"}}, {"type": "Feature", "geometry": {"type": "Point", "coordinates": [-168.0625, -20.0625]}, "properties": {"type": "anticyclone", "ssh_m": 0.1891, "zeta_s-1": 1.11e-05, "hemisphere": "S", "time": "2025-05-01T00:00:00.000000000"}}, {"type": "Feature", "geometry": {"type": "Point", "coordinates": [175.9375, -48.0625]}, "properties": {"type": "anticyclone", "ssh_m": 0.189, "zeta_s-1": 3.1e-06, "hemisphere": "S", "time": "2025-05-01T00:00:00.000000000"}}, {"type": "Feature", "geometry": {"type": "Point", "coordinates": [9.5625, -22.8125]}, "properties": {"type": "anticyclone", "ssh_m": 0.1886, "zeta_s-1": 8.3e-06, "hemisphere": "S", "time": "2025-05-01T00:00:00.000000000"}}, {"type": "Feature", "geometry": {"type": "Point", "coordinates": [141.1875, -44.6875]}, "properties": {"type": "anticyclone", "ssh_m": 0.1884, "zeta_s-1": 1.11e-05, "hemisphere": "S", "time": "2025-05-01T00:00:00.000000000"}}, {"type": "Feature", "geometry": {"type": "Point", "coordinates": [-2.6875, -32.8125]}, "properties": {"type": "anticyclone", "ssh_m": 0.1884, "zeta_s-1": 7.5e-06, "hemisphere": "S", "time": "2025-05-01T00:00:00.000000000"}}, {"type": "Feature", "geometry": {"type": "Point", "coordinates": [-126.8125, -28.1875]}, "properties": {"type": "anticyclone", "ssh_m": 0.1882, "zeta_s-1": 7.5e-06, "hemisphere": "S", "time": "2025-05-01T00:00:00.000000000"}}, {"type": "Feature", "geometry": {"type": "Point", "coordinates": [-25.6875, -21.1875]}, "properties": {"type": "anticyclone", "ssh_m": 0.1882, "zeta_s-1": 3.4e-06, "hemisphere": "S", "time": "2025-05-01T00:00:00.000000000"}}, {"type": "Feature", "geometry": {"type": "Point", "coordinates": [144.8125, -62.3125]}, "properties": {"type": "anticyclone", "ssh_m": 0.188, "zeta_s-1": 8.3e-06, "hemisphere": "S", "time": "2025-05-01T00:00:00.000000000"}}, {"type": "Feature", "geometry": {"type": "Point", "coordinates": [77.4375, -31.0625]}, "properties": {"type": "anticyclone", "ssh_m": 0.188, "zeta_s-1": 9.7e-06, "hemisphere": "S", "time": "2025-05-01T00:00:00.000000000"}}, {"type": "Feature", "geometry": {"type": "Point", "coordinates": [-98.3125, -62.3125]}, "properties": {"type": "anticyclone", "ssh_m": 0.1875, "zeta_s-1": 1.11e-05, "hemisphere": "S", "time": "2025-05-01T00:00:00.000000000"}}, {"type": "Feature", "geometry": {"type": "Point", "coordinates": [-55.9375, 64.1875]}, "properties": {"type": "anticyclone", "ssh_m": 0.1874, "zeta_s-1": -1.65e-05, "hemisphere": "N", "time": "2025-05-01T00:00:00.000000000"}}, {"type": "Feature", "geometry": {"type": "Point", "coordinates": [-81.4375, -18.4375]}, "properties": {"type": "anticyclone", "ssh_m": 0.1873, "zeta_s-1": 8.7e-06, "hemisphere": "S", "time": "2025-05-01T00:00:00.000000000"}}, {"type": "Feature", "geometry": {"type": "Point", "coordinates": [-34.8125, 51.4375]}, "properties": {"type": "anticyclone", "ssh_m": 0.1873, "zeta_s-1": -2.29e-05, "hemisphere": "N", "time": "2025-05-01T00:00:00.000000000"}}, {"type": "Feature", "geometry": {"type": "Point", "coordinates": [97.3125, -34.5625]}, "properties": {"type": "anticyclone", "ssh_m": 0.1872, "zeta_s-1": 6.2e-06, "hemisphere": "S", "time": "2025-05-01T00:00:00.000000000"}}, {"type": "Feature", "geometry": {"type": "Point", "coordinates": [52.9375, -57.3125]}, "properties": {"type": "anticyclone", "ssh_m": 0.1868, "zeta_s-1": 7e-06, "hemisphere": "S", "time": "2025-05-01T00:00:00.000000000"}}, {"type": "Feature", "geometry": {"type": "Point", "coordinates": [112.9375, -60.1875]}, "properties": {"type": "anticyclone", "ssh_m": 0.1867, "zeta_s-1": 1.44e-05, "hemisphere": "S", "time": "2025-05-01T00:00:00.000000000"}}, {"type": "Feature", "geometry": {"type": "Point", "coordinates": [119.9375, 9.0625]}, "properties": {"type": "anticyclone", "ssh_m": 0.1867, "zeta_s-1": -1.44e-05, "hemisphere": "N", "time": "2025-05-01T00:00:00.000000000"}}, {"type": "Feature", "geometry": {"type": "Point", "coordinates": [126.0625, 37.0625]}, "properties": {"type": "anticyclone", "ssh_m": 0.1866, "zeta_s-1": -2.64e-05, "hemisphere": "N", "time": "2025-05-01T00:00:00.000000000"}}, {"type": "Feature", "geometry": {"type": "Point", "coordinates": [-84.5625, -26.9375]}, "properties": {"type": "anticyclone", "ssh_m": 0.1865, "zeta_s-1": 3.1e-06, "hemisphere": "S", "time": "2025-05-01T00:00:00.000000000"}}, {"type": "Feature", "geometry": {"type": "Point", "coordinates": [146.8125, -2.8125]}, "properties": {"type": "anticyclone", "ssh_m": 0.1865, "zeta_s-1": NaN, "hemisphere": "S", "time": "2025-05-01T00:00:00.000000000"}}, {"type": "Feature", "geometry": {"type": "Point", "coordinates": [-148.8125, -32.4375]}, "properties": {"type": "anticyclone", "ssh_m": 0.1864, "zeta_s-1": 3.9e-06, "hemisphere": "S", "time": "2025-05-01T00:00:00.000000000"}}, {"type": "Feature", "geometry": {"type": "Point", "coordinates": [-93.9375, 4.5625]}, "properties": {"type": "anticyclone", "ssh_m": 0.1864, "zeta_s-1": NaN, "hemisphere": "N", "time": "2025-05-01T00:00:00.000000000"}}, {"type": "Feature", "geometry": {"type": "Point", "coordinates": [-175.6875, 31.6875]}, "properties": {"type": "anticyclone", "ssh_m": 0.1864, "zeta_s-1": -1.25e-05, "hemisphere": "N", "time": "2025-05-01T00:00:00.000000000"}}, {"type": "Feature", "geometry": {"type": "Point", "coordinates": [150.6875, -12.8125]}, "properties": {"type": "anticyclone", "ssh_m": 0.186, "zeta_s-1": 4.9e-06, "hemisphere": "S", "time": "2025-05-01T00:00:00.000000000"}}, {"type": "Feature", "geometry": {"type": "Point", "coordinates": [-58.0625, 62.9375]}, "properties": {"type": "anticyclone", "ssh_m": 0.186, "zeta_s-1": -1.76e-05, "hemisphere": "N", "time": "2025-05-01T00:00:00.000000000"}}, {"type": "Feature", "geometry": {"type": "Point", "coordinates": [-86.0625, -7.1875]}, "properties": {"type": "anticyclone", "ssh_m": 0.1859, "zeta_s-1": NaN, "hemisphere": "S", "time": "2025-05-01T00:00:00.000000000"}}, {"type": "Feature", "geometry": {"type": "Point", "coordinates": [-27.1875, -22.9375]}, "properties": {"type": "anticyclone", "ssh_m": 0.1858, "zeta_s-1": 3.4e-06, "hemisphere": "S", "time": "2025-05-01T00:00:00.000000000"}}, {"type": "Feature", "geometry": {"type": "Point", "coordinates": [137.5625, -40.4375]}, "properties": {"type": "anticyclone", "ssh_m": 0.1857, "zeta_s-1": 7e-06, "hemisphere": "S", "time": "2025-05-01T00:00:00.000000000"}}, {"type": "Feature", "geometry": {"type": "Point", "coordinates": [163.1875, -16.1875]}, "properties": {"type": "anticyclone", "ssh_m": 0.1856, "zeta_s-1": 1.03e-05, "hemisphere": "S", "time": "2025-05-01T00:00:00.000000000"}}, {"type": "Feature", "geometry": {"type": "Point", "coordinates": [-172.6875, -15.3125]}, "properties": {"type": "anticyclone", "ssh_m": 0.1855, "zeta_s-1": 4e-06, "hemisphere": "S", "time": "2025-05-01T00:00:00.000000000"}}, {"type": "Feature", "geometry": {"type": "Point", "coordinates": [83.5625, 0.1875]}, "properties": {"type": "anticyclone", "ssh_m": 0.1854, "zeta_s-1": NaN, "hemisphere": "N", "time": "2025-05-01T00:00:00.000000000"}}, {"type": "Feature", "geometry": {"type": "Point", "coordinates": [-124.3125, -18.8125]}, "properties": {"type": "anticyclone", "ssh_m": 0.1853, "zeta_s-1": 3.5e-06, "hemisphere": "S", "time": "2025-05-01T00:00:00.000000000"}}, {"type": "Feature", "geometry": {"type": "Point", "coordinates": [-139.0625, 26.9375]}, "properties": {"type": "anticyclone", "ssh_m": 0.1852, "zeta_s-1": -6.7e-06, "hemisphere": "N", "time": "2025-05-01T00:00:00.000000000"}}, {"type": "Feature", "geometry": {"type": "Point", "coordinates": [153.8125, 41.5625]}, "properties": {"type": "anticyclone", "ssh_m": 0.1852, "zeta_s-1": -2.36e-05, "hemisphere": "N", "time": "2025-05-01T00:00:00.000000000"}}, {"type": "Feature", "geometry": {"type": "Point", "coordinates": [-30.1875, 49.3125]}, "properties": {"type": "anticyclone", "ssh_m": 0.1852, "zeta_s-1": -1.72e-05, "hemisphere": "N", "time": "2025-05-01T00:00:00.000000000"}}, {"type": "Feature", "geometry": {"type": "Point", "coordinates": [-86.0625, -31.9375]}, "properties": {"type": "anticyclone", "ssh_m": 0.1851, "zeta_s-1": 6.3e-06, "hemisphere": "S", "time": "2025-05-01T00:00:00.000000000"}}, {"type": "Feature", "geometry": {"type": "Point", "coordinates": [-26.5625, -25.1875]}, "properties": {"type": "anticyclone", "ssh_m": 0.1851, "zeta_s-1": 5.7e-06, "hemisphere": "S", "time": "2025-05-01T00:00:00.000000000"}}, {"type": "Feature", "geometry": {"type": "Point", "coordinates": [-152.1875, -15.3125]}, "properties": {"type": "anticyclone", "ssh_m": 0.1851, "zeta_s-1": 9e-06, "hemisphere": "S", "time": "2025-05-01T00:00:00.000000000"}}, {"type": "Feature", "geometry": {"type": "Point", "coordinates": [101.9375, -41.8125]}, "properties": {"type": "anticyclone", "ssh_m": 0.185, "zeta_s-1": 9.2e-06, "hemisphere": "S", "time": "2025-05-01T00:00:00.000000000"}}, {"type": "Feature", "geometry": {"type": "Point", "coordinates": [-79.0625, -66.3125]}, "properties": {"type": "anticyclone", "ssh_m": 0.1847, "zeta_s-1": 1.61e-05, "hemisphere": "S", "time": "2025-05-01T00:00:00.000000000"}}, {"type": "Feature", "geometry": {"type": "Point", "coordinates": [-75.6875, -63.0625]}, "properties": {"type": "anticyclone", "ssh_m": 0.1847, "zeta_s-1": 1.08e-05, "hemisphere": "S", "time": "2025-05-01T00:00:00.000000000"}}, {"type": "Feature", "geometry": {"type": "Point", "coordinates": [-78.9375, -46.9375]}, "properties": {"type": "anticyclone", "ssh_m": 0.1847, "zeta_s-1": 1.58e-05, "hemisphere": "S", "time": "2025-05-01T00:00:00.000000000"}}, {"type": "Feature", "geometry": {"type": "Point", "coordinates": [-62.1875, -45.8125]}, "properties": {"type": "anticyclone", "ssh_m": 0.1847, "zeta_s-1": 4.7e-06, "hemisphere": "S", "time": "2025-05-01T00:00:00.000000000"}}, {"type": "Feature", "geometry": {"type": "Point", "coordinates": [-169.3125, 24.3125]}, "properties": {"type": "anticyclone", "ssh_m": 0.1847, "zeta_s-1": -1.3e-05, "hemisphere": "N", "time": "2025-05-01T00:00:00.000000000"}}, {"type": "Feature", "geometry": {"type": "Point", "coordinates": [-12.0625, -40.3125]}, "properties": {"type": "anticyclone", "ssh_m": 0.1843, "zeta_s-1": 6.1e-06, "hemisphere": "S", "time": "2025-05-01T00:00:00.000000000"}}, {"type": "Feature", "geometry": {"type": "Point", "coordinates": [175.1875, 13.3125]}, "properties": {"type": "anticyclone", "ssh_m": 0.1843, "zeta_s-1": -4.2e-06, "hemisphere": "N", "time": "2025-05-01T00:00:00.000000000"}}, {"type": "Feature", "geometry": {"type": "Point", "coordinates": [-121.3125, -23.0625]}, "properties": {"type": "anticyclone", "ssh_m": 0.1839, "zeta_s-1": 7.1e-06, "hemisphere": "S", "time": "2025-05-01T00:00:00.000000000"}}, {"type": "Feature", "geometry": {"type": "Point", "coordinates": [-76.6875, -28.1875]}, "properties": {"type": "anticyclone", "ssh_m": 0.1838, "zeta_s-1": 6.9e-06, "hemisphere": "S", "time": "2025-05-01T00:00:00.000000000"}}, {"type": "Feature", "geometry": {"type": "Point", "coordinates": [-84.0625, 30.0625]}, "properties": {"type": "anticyclone", "ssh_m": 0.1838, "zeta_s-1": NaN, "hemisphere": "N", "time": "2025-05-01T00:00:00.000000000"}}, {"type": "Feature", "geometry": {"type": "Point", "coordinates": [20.0625, 34.0625]}, "properties": {"type": "anticyclone", "ssh_m": 0.1838, "zeta_s-1": -1.71e-05, "hemisphere": "N", "time": "2025-05-01T00:00:00.000000000"}}, {"type": "Feature", "geometry": {"type": "Point", "coordinates": [169.1875, -49.4375]}, "properties": {"type": "anticyclone", "ssh_m": 0.1837, "zeta_s-1": 3.6e-06, "hemisphere": "S", "time": "2025-05-01T00:00:00.000000000"}}, {"type": "Feature", "geometry": {"type": "Point", "coordinates": [164.9375, -16.0625]}, "properties": {"type": "anticyclone", "ssh_m": 0.1837, "zeta_s-1": 7.9e-06, "hemisphere": "S", "time": "2025-05-01T00:00:00.000000000"}}, {"type": "Feature", "geometry": {"type": "Point", "coordinates": [22.5625, -47.8125]}, "properties": {"type": "anticyclone", "ssh_m": 0.1835, "zeta_s-1": 1.21e-05, "hemisphere": "S", "time": "2025-05-01T00:00:00.000000000"}}, {"type": "Feature", "geometry": {"type": "Point", "coordinates": [4.1875, -28.0625]}, "properties": {"type": "anticyclone", "ssh_m": 0.1835, "zeta_s-1": 6.1e-06, "hemisphere": "S", "time": "2025-05-01T00:00:00.000000000"}}, {"type": "Feature", "geometry": {"type": "Point", "coordinates": [6.8125, -20.8125]}, "properties": {"type": "anticyclone", "ssh_m": 0.1835, "zeta_s-1": 6.9e-06, "hemisphere": "S", "time": "2025-05-01T00:00:00.000000000"}}, {"type": "Feature", "geometry": {"type": "Point", "coordinates": [-40.3125, -22.6875]}, "properties": {"type": "anticyclone", "ssh_m": 0.1833, "zeta_s-1": 1.65e-05, "hemisphere": "S", "time": "2025-05-01T00:00:00.000000000"}}, {"type": "Feature", "geometry": {"type": "Point", "coordinates": [-68.0625, 26.1875]}, "properties": {"type": "anticyclone", "ssh_m": 0.1833, "zeta_s-1": -1.47e-05, "hemisphere": "N", "time": "2025-05-01T00:00:00.000000000"}}, {"type": "Feature", "geometry": {"type": "Point", "coordinates": [13.0625, -29.0625]}, "properties": {"type": "anticyclone", "ssh_m": 0.1832, "zeta_s-1": 1.09e-05, "hemisphere": "S", "time": "2025-05-01T00:00:00.000000000"}}, {"type": "Feature", "geometry": {"type": "Point", "coordinates": [158.5625, 28.8125]}, "properties": {"type": "anticyclone", "ssh_m": 0.1831, "zeta_s-1": -1.05e-05, "hemisphere": "N", "time": "2025-05-01T00:00:00.000000000"}}, {"type": "Feature", "geometry": {"type": "Point", "coordinates": [-154.8125, -17.3125]}, "properties": {"type": "anticyclone", "ssh_m": 0.183, "zeta_s-1": 5.3e-06, "hemisphere": "S", "time": "2025-05-01T00:00:00.000000000"}}, {"type": "Feature", "geometry": {"type": "Point", "coordinates": [-82.5625, -10.0625]}, "properties": {"type": "anticyclone", "ssh_m": 0.1828, "zeta_s-1": 8.7e-06, "hemisphere": "S", "time": "2025-05-01T00:00:00.000000000"}}, {"type": "Feature", "geometry": {"type": "Point", "coordinates": [-141.5625, 24.8125]}, "properties": {"type": "anticyclone", "ssh_m": 0.1828, "zeta_s-1": -1.26e-05, "hemisphere": "N", "time": "2025-05-01T00:00:00.000000000"}}, {"type": "Feature", "geometry": {"type": "Point", "coordinates": [4.9375, 69.1875]}, "properties": {"type": "anticyclone", "ssh_m": 0.1827, "zeta_s-1": -1.11e-05, "hemisphere": "N", "time": "2025-05-01T00:00:00.000000000"}}, {"type": "Feature", "geometry": {"type": "Point", "coordinates": [62.9375, -33.1875]}, "properties": {"type": "anticyclone", "ssh_m": 0.1826, "zeta_s-1": 8.2e-06, "hemisphere": "S", "time": "2025-05-01T00:00:00.000000000"}}, {"type": "Feature", "geometry": {"type": "Point", "coordinates": [-78.8125, -33.4375]}, "properties": {"type": "anticyclone", "ssh_m": 0.1825, "zeta_s-1": 4e-06, "hemisphere": "S", "time": "2025-05-01T00:00:00.000000000"}}, {"type": "Feature", "geometry": {"type": "Point", "coordinates": [-155.3125, 14.9375]}, "properties": {"type": "anticyclone", "ssh_m": 0.1825, "zeta_s-1": -5.6e-06, "hemisphere": "N", "time": "2025-05-01T00:00:00.000000000"}}, {"type": "Feature", "geometry": {"type": "Point", "coordinates": [-143.5625, 54.8125]}, "properties": {"type": "anticyclone", "ssh_m": 0.1825, "zeta_s-1": -1.37e-05, "hemisphere": "N", "time": "2025-05-01T00:00:00.000000000"}}, {"type": "Feature", "geometry": {"type": "Point", "coordinates": [-101.8125, -43.0625]}, "properties": {"type": "anticyclone", "ssh_m": 0.1824, "zeta_s-1": 7.8e-06, "hemisphere": "S", "time": "2025-05-01T00:00:00.000000000"}}, {"type": "Feature", "geometry": {"type": "Point", "coordinates": [-141.4375, -31.6875]}, "properties": {"type": "anticyclone", "ssh_m": 0.1824, "zeta_s-1": 6.9e-06, "hemisphere": "S", "time": "2025-05-01T00:00:00.000000000"}}, {"type": "Feature", "geometry": {"type": "Point", "coordinates": [154.0625, 23.6875]}, "properties": {"type": "anticyclone", "ssh_m": 0.1824, "zeta_s-1": -1.54e-05, "hemisphere": "N", "time": "2025-05-01T00:00:00.000000000"}}, {"type": "Feature", "geometry": {"type": "Point", "coordinates": [-41.8125, 51.3125]}, "properties": {"type": "anticyclone", "ssh_m": 0.1824, "zeta_s-1": -2.98e-05, "hemisphere": "N", "time": "2025-05-01T00:00:00.000000000"}}, {"type": "Feature", "geometry": {"type": "Point", "coordinates": [-154.5625, -40.4375]}, "properties": {"type": "anticyclone", "ssh_m": 0.1823, "zeta_s-1": 4.2e-06, "hemisphere": "S", "time": "2025-05-01T00:00:00.000000000"}}, {"type": "Feature", "geometry": {"type": "Point", "coordinates": [150.9375, 51.6875]}, "properties": {"type": "anticyclone", "ssh_m": 0.1821, "zeta_s-1": -1.82e-05, "hemisphere": "N", "time": "2025-05-01T00:00:00.000000000"}}, {"type": "Feature", "geometry": {"type": "Point", "coordinates": [-114.1875, -46.1875]}, "properties": {"type": "anticyclone", "ssh_m": 0.1818, "zeta_s-1": 8.8e-06, "hemisphere": "S", "time": "2025-05-01T00:00:00.000000000"}}, {"type": "Feature", "geometry": {"type": "Point", "coordinates": [50.5625, -60.1875]}, "properties": {"type": "anticyclone", "ssh_m": 0.1816, "zeta_s-1": 6.7e-06, "hemisphere": "S", "time": "2025-05-01T00:00:00.000000000"}}, {"type": "Feature", "geometry": {"type": "Point", "coordinates": [94.4375, -33.1875]}, "properties": {"type": "anticyclone", "ssh_m": 0.1816, "zeta_s-1": 8.1e-06, "hemisphere": "S", "time": "2025-05-01T00:00:00.000000000"}}, {"type": "Feature", "geometry": {"type": "Point", "coordinates": [-168.1875, -59.9375]}, "properties": {"type": "anticyclone", "ssh_m": 0.1813, "zeta_s-1": 9.2e-06, "hemisphere": "S", "time": "2025-05-01T00:00:00.000000000"}}, {"type": "Feature", "geometry": {"type": "Point", "coordinates": [86.5625, -36.8125]}, "properties": {"type": "anticyclone", "ssh_m": 0.1813, "zeta_s-1": 6.2e-06, "hemisphere": "S", "time": "2025-05-01T00:00:00.000000000"}}, {"type": "Feature", "geometry": {"type": "Point", "coordinates": [-32.8125, 38.1875]}, "properties": {"type": "anticyclone", "ssh_m": 0.1813, "zeta_s-1": -1.8e-05, "hemisphere": "N", "time": "2025-05-01T00:00:00.000000000"}}, {"type": "Feature", "geometry": {"type": "Point", "coordinates": [-135.9375, 11.4375]}, "properties": {"type": "anticyclone", "ssh_m": 0.1812, "zeta_s-1": -3.5e-06, "hemisphere": "N", "time": "2025-05-01T00:00:00.000000000"}}, {"type": "Feature", "geometry": {"type": "Point", "coordinates": [-36.9375, -22.5625]}, "properties": {"type": "anticyclone", "ssh_m": 0.1811, "zeta_s-1": 7e-06, "hemisphere": "S", "time": "2025-05-01T00:00:00.000000000"}}, {"type": "Feature", "geometry": {"type": "Point", "coordinates": [-71.0625, -21.3125]}, "properties": {"type": "anticyclone", "ssh_m": 0.181, "zeta_s-1": 5.4e-06, "hemisphere": "S", "time": "2025-05-01T00:00:00.000000000"}}, {"type": "Feature", "geometry": {"type": "Point", "coordinates": [170.0625, -50.9375]}, "properties": {"type": "anticyclone", "ssh_m": 0.1809, "zeta_s-1": 4.9e-06, "hemisphere": "S", "time": "2025-05-01T00:00:00.000000000"}}, {"type": "Feature", "geometry": {"type": "Point", "coordinates": [-35.9375, 30.5625]}, "properties": {"type": "anticyclone", "ssh_m": 0.1809, "zeta_s-1": -9.7e-06, "hemisphere": "N", "time": "2025-05-01T00:00:00.000000000"}}, {"type": "Feature", "geometry": {"type": "Point", "coordinates": [54.1875, -48.5625]}, "properties": {"type": "anticyclone", "ssh_m": 0.1808, "zeta_s-1": 7e-06, "hemisphere": "S", "time": "2025-05-01T00:00:00.000000000"}}, {"type": "Feature", "geometry": {"type": "Point", "coordinates": [-55.0625, 66.4375]}, "properties": {"type": "anticyclone", "ssh_m": 0.1808, "zeta_s-1": -1.3e-05, "hemisphere": "N", "time": "2025-05-01T00:00:00.000000000"}}, {"type": "Feature", "geometry": {"type": "Point", "coordinates": [176.6875, -20.5625]}, "properties": {"type": "anticyclone", "ssh_m": 0.1807, "zeta_s-1": 7.9e-06, "hemisphere": "S", "time": "2025-05-01T00:00:00.000000000"}}, {"type": "Feature", "geometry": {"type": "Point", "coordinates": [-122.9375, -22.4375]}, "properties": {"type": "anticyclone", "ssh_m": 0.1806, "zeta_s-1": 2.7e-06, "hemisphere": "S", "time": "2025-05-01T00:00:00.000000000"}}, {"type": "Feature", "geometry": {"type": "Point", "coordinates": [157.0625, 43.3125]}, "properties": {"type": "anticyclone", "ssh_m": 0.1806, "zeta_s-1": -6.9e-06, "hemisphere": "N", "time": "2025-05-01T00:00:00.000000000"}}, {"type": "Feature", "geometry": {"type": "Point", "coordinates": [-109.3125, -38.1875]}, "properties": {"type": "anticyclone", "ssh_m": 0.1805, "zeta_s-1": 6.3e-06, "hemisphere": "S", "time": "2025-05-01T00:00:00.000000000"}}, {"type": "Feature", "geometry": {"type": "Point", "coordinates": [64.6875, -53.9375]}, "properties": {"type": "anticyclone", "ssh_m": 0.1804, "zeta_s-1": 1.05e-05, "hemisphere": "S", "time": "2025-05-01T00:00:00.000000000"}}, {"type": "Feature", "geometry": {"type": "Point", "coordinates": [-116.9375, -34.5625]}, "properties": {"type": "anticyclone", "ssh_m": 0.1803, "zeta_s-1": 6e-06, "hemisphere": "S", "time": "2025-05-01T00:00:00.000000000"}}, {"type": "Feature", "geometry": {"type": "Point", "coordinates": [-74.6875, -45.8125]}, "properties": {"type": "anticyclone", "ssh_m": 0.1801, "zeta_s-1": 6.8e-06, "hemisphere": "S", "time": "2025-05-01T00:00:00.000000000"}}, {"type": "Feature", "geometry": {"type": "Point", "coordinates": [153.3125, 50.0625]}, "properties": {"type": "anticyclone", "ssh_m": 0.1801, "zeta_s-1": -1.51e-05, "hemisphere": "N", "time": "2025-05-01T00:00:00.000000000"}}, {"type": "Feature", "geometry": {"type": "Point", "coordinates": [75.5625, 0.0625]}, "properties": {"type": "anticyclone", "ssh_m": 0.18, "zeta_s-1": NaN, "hemisphere": "N", "time": "2025-05-01T00:00:00.000000000"}}, {"type": "Feature", "geometry": {"type": "Point", "coordinates": [-90.1875, -23.6875]}, "properties": {"type": "anticyclone", "ssh_m": 0.1798, "zeta_s-1": 1.06e-05, "hemisphere": "S", "time": "2025-05-01T00:00:00.000000000"}}, {"type": "Feature", "geometry": {"type": "Point", "coordinates": [-18.1875, 26.3125]}, "properties": {"type": "anticyclone", "ssh_m": 0.1798, "zeta_s-1": -1.49e-05, "hemisphere": "N", "time": "2025-05-01T00:00:00.000000000"}}, {"type": "Feature", "geometry": {"type": "Point", "coordinates": [-71.3125, 33.8125]}, "properties": {"type": "anticyclone", "ssh_m": 0.1798, "zeta_s-1": -1.36e-05, "hemisphere": "N", "time": "2025-05-01T00:00:00.000000000"}}, {"type": "Feature", "geometry": {"type": "Point", "coordinates": [-19.1875, -53.6875]}, "properties": {"type": "anticyclone", "ssh_m": 0.1792, "zeta_s-1": 1.33e-05, "hemisphere": "S", "time": "2025-05-01T00:00:00.000000000"}}, {"type": "Feature", "geometry": {"type": "Point", "coordinates": [-138.3125, -26.5625]}, "properties": {"type": "anticyclone", "ssh_m": 0.1792, "zeta_s-1": 5.7e-06, "hemisphere": "S", "time": "2025-05-01T00:00:00.000000000"}}, {"type": "Feature", "geometry": {"type": "Point", "coordinates": [-164.3125, -20.6875]}, "properties": {"type": "anticyclone", "ssh_m": 0.1792, "zeta_s-1": 4.1e-06, "hemisphere": "S", "time": "2025-05-01T00:00:00.000000000"}}, {"type": "Feature", "geometry": {"type": "Point", "coordinates": [97.3125, 11.1875]}, "properties": {"type": "anticyclone", "ssh_m": 0.1791, "zeta_s-1": -2.22e-05, "hemisphere": "N", "time": "2025-05-01T00:00:00.000000000"}}, {"type": "Feature", "geometry": {"type": "Point", "coordinates": [-84.0625, -34.0625]}, "properties": {"type": "anticyclone", "ssh_m": 0.179, "zeta_s-1": 5.8e-06, "hemisphere": "S", "time": "2025-05-01T00:00:00.000000000"}}, {"type": "Feature", "geometry": {"type": "Point", "coordinates": [-166.1875, 44.1875]}, "properties": {"type": "anticyclone", "ssh_m": 0.1789, "zeta_s-1": -3.7e-06, "hemisphere": "N", "time": "2025-05-01T00:00:00.000000000"}}, {"type": "Feature", "geometry": {"type": "Point", "coordinates": [9.8125, 58.4375]}, "properties": {"type": "anticyclone", "ssh_m": 0.1789, "zeta_s-1": -1.76e-05, "hemisphere": "N", "time": "2025-05-01T00:00:00.000000000"}}, {"type": "Feature", "geometry": {"type": "Point", "coordinates": [-126.3125, -23.4375]}, "properties": {"type": "anticyclone", "ssh_m": 0.1788, "zeta_s-1": 5.1e-06, "hemisphere": "S", "time": "2025-05-01T00:00:00.000000000"}}, {"type": "Feature", "geometry": {"type": "Point", "coordinates": [-76.9375, -15.1875]}, "properties": {"type": "anticyclone", "ssh_m": 0.1787, "zeta_s-1": 8.2e-06, "hemisphere": "S", "time": "2025-05-01T00:00:00.000000000"}}, {"type": "Feature", "geometry": {"type": "Point", "coordinates": [145.1875, -0.6875]}, "properties": {"type": "anticyclone", "ssh_m": 0.1786, "zeta_s-1": NaN, "hemisphere": "S", "time": "2025-05-01T00:00:00.000000000"}}, {"type": "Feature", "geometry": {"type": "Point", "coordinates": [35.1875, -24.4375]}, "properties": {"type": "anticyclone", "ssh_m": 0.1784, "zeta_s-1": NaN, "hemisphere": "S", "time": "2025-05-01T00:00:00.000000000"}}, {"type": "Feature", "geometry": {"type": "Point", "coordinates": [-94.3125, -52.4375]}, "properties": {"type": "anticyclone", "ssh_m": 0.1783, "zeta_s-1": 9.4e-06, "hemisphere": "S", "time": "2025-05-01T00:00:00.000000000"}}, {"type": "Feature", "geometry": {"type": "Point", "coordinates": [-48.4375, 2.4375]}, "properties": {"type": "anticyclone", "ssh_m": 0.1783, "zeta_s-1": NaN, "hemisphere": "N", "time": "2025-05-01T00:00:00.000000000"}}, {"type": "Feature", "geometry": {"type": "Point", "coordinates": [-82.1875, -67.4375]}, "properties": {"type": "anticyclone", "ssh_m": 0.178, "zeta_s-1": 1.64e-05, "hemisphere": "S", "time": "2025-05-01T00:00:00.000000000"}}, {"type": "Feature", "geometry": {"type": "Point", "coordinates": [-120.0625, -35.8125]}, "properties": {"type": "anticyclone", "ssh_m": 0.178, "zeta_s-1": 3.8e-06, "hemisphere": "S", "time": "2025-05-01T00:00:00.000000000"}}, {"type": "Feature", "geometry": {"type": "Point", "coordinates": [-135.6875, 27.9375]}, "properties": {"type": "anticyclone", "ssh_m": 0.178, "zeta_s-1": -1.11e-05, "hemisphere": "N", "time": "2025-05-01T00:00:00.000000000"}}, {"type": "Feature", "geometry": {"type": "Point", "coordinates": [-120.9375, -27.9375]}, "properties": {"type": "anticyclone", "ssh_m": 0.1778, "zeta_s-1": 4.5e-06, "hemisphere": "S", "time": "2025-05-01T00:00:00.000000000"}}, {"type": "Feature", "geometry": {"type": "Point", "coordinates": [-178.3125, 32.4375]}, "properties": {"type": "anticyclone", "ssh_m": 0.1776, "zeta_s-1": -1.16e-05, "hemisphere": "N", "time": "2025-05-01T00:00:00.000000000"}}, {"type": "Feature", "geometry": {"type": "Point", "coordinates": [-175.3125, 27.1875]}, "properties": {"type": "anticyclone", "ssh_m": 0.1775, "zeta_s-1": -1.88e-05, "hemisphere": "N", "time": "2025-05-01T00:00:00.000000000"}}, {"type": "Feature", "geometry": {"type": "Point", "coordinates": [-37.9375, 31.1875]}, "properties": {"type": "anticyclone", "ssh_m": 0.1775, "zeta_s-1": -5.1e-06, "hemisphere": "N", "time": "2025-05-01T00:00:00.000000000"}}, {"type": "Feature", "geometry": {"type": "Point", "coordinates": [-124.9375, 36.1875]}, "properties": {"type": "anticyclone", "ssh_m": 0.1774, "zeta_s-1": -1.05e-05, "hemisphere": "N", "time": "2025-05-01T00:00:00.000000000"}}, {"type": "Feature", "geometry": {"type": "Point", "coordinates": [33.3125, -58.3125]}, "properties": {"type": "anticyclone", "ssh_m": 0.1773, "zeta_s-1": 8e-06, "hemisphere": "S", "time": "2025-05-01T00:00:00.000000000"}}, {"type": "Feature", "geometry": {"type": "Point", "coordinates": [171.9375, -37.3125]}, "properties": {"type": "anticyclone", "ssh_m": 0.1773, "zeta_s-1": 6.2e-06, "hemisphere": "S", "time": "2025-05-01T00:00:00.000000000"}}, {"type": "Feature", "geometry": {"type": "Point", "coordinates": [-87.8125, -30.3125]}, "properties": {"type": "anticyclone", "ssh_m": 0.1773, "zeta_s-1": 6.4e-06, "hemisphere": "S", "time": "2025-05-01T00:00:00.000000000"}}, {"type": "Feature", "geometry": {"type": "Point", "coordinates": [-10.1875, -23.0625]}, "properties": {"type": "anticyclone", "ssh_m": 0.1773, "zeta_s-1": 4.4e-06, "hemisphere": "S", "time": "2025-05-01T00:00:00.000000000"}}, {"type": "Feature", "geometry": {"type": "Point", "coordinates": [-90.5625, -9.0625]}, "properties": {"type": "anticyclone", "ssh_m": 0.1772, "zeta_s-1": 1.7e-06, "hemisphere": "S", "time": "2025-05-01T00:00:00.000000000"}}, {"type": "Feature", "geometry": {"type": "Point", "coordinates": [-163.9375, 40.3125]}, "properties": {"type": "anticyclone", "ssh_m": 0.1771, "zeta_s-1": -5.6e-06, "hemisphere": "N", "time": "2025-05-01T00:00:00.000000000"}}, {"type": "Feature", "geometry": {"type": "Point", "coordinates": [66.9375, 0.8125]}, "properties": {"type": "anticyclone", "ssh_m": 0.177, "zeta_s-1": NaN, "hemisphere": "N", "time": "2025-05-01T00:00:00.000000000"}}, {"type": "Feature", "geometry": {"type": "Point", "coordinates": [-21.3125, -28.0625]}, "properties": {"type": "anticyclone", "ssh_m": 0.1769, "zeta_s-1": 2.6e-06, "hemisphere": "S", "time": "2025-05-01T00:00:00.000000000"}}, {"type": "Feature", "geometry": {"type": "Point", "coordinates": [-80.0625, -12.1875]}, "properties": {"type": "anticyclone", "ssh_m": 0.1769, "zeta_s-1": 5.1e-06, "hemisphere": "S", "time": "2025-05-01T00:00:00.000000000"}}, {"type": "Feature", "geometry": {"type": "Point", "coordinates": [-24.4375, -60.0625]}, "properties": {"type": "anticyclone", "ssh_m": 0.1768, "zeta_s-1": 1.65e-05, "hemisphere": "S", "time": "2025-05-01T00:00:00.000000000"}}, {"type": "Feature", "geometry": {"type": "Point", "coordinates": [-100.1875, -26.5625]}, "properties": {"type": "anticyclone", "ssh_m": 0.1768, "zeta_s-1": 2.5e-06, "hemisphere": "S", "time": "2025-05-01T00:00:00.000000000"}}, {"type": "Feature", "geometry": {"type": "Point", "coordinates": [-73.1875, -33.3125]}, "properties": {"type": "anticyclone", "ssh_m": 0.1767, "zeta_s-1": 1.57e-05, "hemisphere": "S", "time": "2025-05-01T00:00:00.000000000"}}, {"type": "Feature", "geometry": {"type": "Point", "coordinates": [-130.3125, -22.6875]}, "properties": {"type": "anticyclone", "ssh_m": 0.1767, "zeta_s-1": 9.9e-06, "hemisphere": "S", "time": "2025-05-01T00:00:00.000000000"}}, {"type": "Feature", "geometry": {"type": "Point", "coordinates": [-19.5625, 46.3125]}, "properties": {"type": "anticyclone", "ssh_m": 0.1766, "zeta_s-1": -8.7e-06, "hemisphere": "N", "time": "2025-05-01T00:00:00.000000000"}}, {"type": "Feature", "geometry": {"type": "Point", "coordinates": [-19.4375, -22.4375]}, "properties": {"type": "anticyclone", "ssh_m": 0.1761, "zeta_s-1": 2.5e-06, "hemisphere": "S", "time": "2025-05-01T00:00:00.000000000"}}, {"type": "Feature", "geometry": {"type": "Point", "coordinates": [109.8125, -51.1875]}, "properties": {"type": "anticyclone", "ssh_m": 0.176, "zeta_s-1": 1.58e-05, "hemisphere": "S", "time": "2025-05-01T00:00:00.000000000"}}, {"type": "Feature", "geometry": {"type": "Point", "coordinates": [81.0625, -26.6875]}, "properties": {"type": "anticyclone", "ssh_m": 0.176, "zeta_s-1": 1.02e-05, "hemisphere": "S", "time": "2025-05-01T00:00:00.000000000"}}, {"type": "Feature", "geometry": {"type": "Point", "coordinates": [-94.5625, -64.4375]}, "properties": {"type": "anticyclone", "ssh_m": 0.1759, "zeta_s-1": 1.21e-05, "hemisphere": "S", "time": "2025-05-01T00:00:00.000000000"}}, {"type": "Feature", "geometry": {"type": "Point", "coordinates": [-101.5625, -56.4375]}, "properties": {"type": "anticyclone", "ssh_m": 0.1758, "zeta_s-1": 1.15e-05, "hemisphere": "S", "time": "2025-05-01T00:00:00.000000000"}}, {"type": "Feature", "geometry": {"type": "Point", "coordinates": [135.8125, -59.5625]}, "properties": {"type": "anticyclone", "ssh_m": 0.1757, "zeta_s-1": 7.1e-06, "hemisphere": "S", "time": "2025-05-01T00:00:00.000000000"}}, {"type": "Feature", "geometry": {"type": "Point", "coordinates": [-75.4375, -39.3125]}, "properties": {"type": "anticyclone", "ssh_m": 0.1757, "zeta_s-1": 1.03e-05, "hemisphere": "S", "time": "2025-05-01T00:00:00.000000000"}}, {"type": "Feature", "geometry": {"type": "Point", "coordinates": [-112.6875, -34.4375]}, "properties": {"type": "anticyclone", "ssh_m": 0.1756, "zeta_s-1": 9.7e-06, "hemisphere": "S", "time": "2025-05-01T00:00:00.000000000"}}, {"type": "Feature", "geometry": {"type": "Point", "coordinates": [-111.0625, 12.4375]}, "properties": {"type": "anticyclone", "ssh_m": 0.1756, "zeta_s-1": -1.8e-06, "hemisphere": "N", "time": "2025-05-01T00:00:00.000000000"}}, {"type": "Feature", "geometry": {"type": "Point", "coordinates": [-166.5625, -56.6875]}, "properties": {"type": "anticyclone", "ssh_m": 0.1755, "zeta_s-1": 8.3e-06, "hemisphere": "S", "time": "2025-05-01T00:00:00.000000000"}}, {"type": "Feature", "geometry": {"type": "Point", "coordinates": [-152.6875, -40.1875]}, "properties": {"type": "anticyclone", "ssh_m": 0.1755, "zeta_s-1": 4.5e-06, "hemisphere": "S", "time": "2025-05-01T00:00:00.000000000"}}, {"type": "Feature", "geometry": {"type": "Point", "coordinates": [-88.1875, -39.6875]}, "properties": {"type": "anticyclone", "ssh_m": 0.1754, "zeta_s-1": 1.03e-05, "hemisphere": "S", "time": "2025-05-01T00:00:00.000000000"}}, {"type": "Feature", "geometry": {"type": "Point", "coordinates": [90.5625, -0.5625]}, "properties": {"type": "anticyclone", "ssh_m": 0.1754, "zeta_s-1": NaN, "hemisphere": "S", "time": "2025-05-01T00:00:00.000000000"}}, {"type": "Feature", "geometry": {"type": "Point", "coordinates": [-1.5625, -8.6875]}, "properties": {"type": "anticyclone", "ssh_m": 0.1753, "zeta_s-1": 2.3e-06, "hemisphere": "S", "time": "2025-05-01T00:00:00.000000000"}}, {"type": "Feature", "geometry": {"type": "Point", "coordinates": [96.8125, -4.4375]}, "properties": {"type": "anticyclone", "ssh_m": 0.1752, "zeta_s-1": NaN, "hemisphere": "S", "time": "2025-05-01T00:00:00.000000000"}}, {"type": "Feature", "geometry": {"type": "Point", "coordinates": [-111.9375, -39.9375]}, "properties": {"type": "anticyclone", "ssh_m": 0.175, "zeta_s-1": 8.5e-06, "hemisphere": "S", "time": "2025-05-01T00:00:00.000000000"}}, {"type": "Feature", "geometry": {"type": "Point", "coordinates": [-25.9375, -37.0625]}, "properties": {"type": "anticyclone", "ssh_m": 0.1749, "zeta_s-1": 7.6e-06, "hemisphere": "S", "time": "2025-05-01T00:00:00.000000000"}}, {"type": "Feature", "geometry": {"type": "Point", "coordinates": [-43.4375, 23.9375]}, "properties": {"type": "anticyclone", "ssh_m": 0.1749, "zeta_s-1": -1.16e-05, "hemisphere": "N", "time": "2025-05-01T00:00:00.000000000"}}, {"type": "Feature", "geometry": {"type": "Point", "coordinates": [-114.1875, -44.6875]}, "properties": {"type": "anticyclone", "ssh_m": 0.1748, "zeta_s-1": 7.5e-06, "hemisphere": "S", "time": "2025-05-01T00:00:00.000000000"}}, {"type": "Feature", "geometry": {"type": "Point", "coordinates": [-40.3125, 40.8125]}, "properties": {"type": "anticyclone", "ssh_m": 0.1746, "zeta_s-1": -1.07e-05, "hemisphere": "N", "time": "2025-05-01T00:00:00.000000000"}}, {"type": "Feature", "geometry": {"type": "Point", "coordinates": [99.1875, -39.0625]}, "properties": {"type": "anticyclone", "ssh_m": 0.1745, "zeta_s-1": 4.9e-06, "hemisphere": "S", "time": "2025-05-01T00:00:00.000000000"}}, {"type": "Feature", "geometry": {"type": "Point", "coordinates": [-23.4375, 23.4375]}, "properties": {"type": "anticyclone", "ssh_m": 0.1745, "zeta_s-1": -1.02e-05, "hemisphere": "N", "time": "2025-05-01T00:00:00.000000000"}}, {"type": "Feature", "geometry": {"type": "Point", "coordinates": [125.9375, -43.9375]}, "properties": {"type": "anticyclone", "ssh_m": 0.1744, "zeta_s-1": 8.7e-06, "hemisphere": "S", "time": "2025-05-01T00:00:00.000000000"}}, {"type": "Feature", "geometry": {"type": "Point", "coordinates": [-24.1875, -24.6875]}, "properties": {"type": "anticyclone", "ssh_m": 0.1743, "zeta_s-1": 3.1e-06, "hemisphere": "S", "time": "2025-05-01T00:00:00.000000000"}}, {"type": "Feature", "geometry": {"type": "Point", "coordinates": [-100.0625, -33.1875]}, "properties": {"type": "anticyclone", "ssh_m": 0.1741, "zeta_s-1": 5.9e-06, "hemisphere": "S", "time": "2025-05-01T00:00:00.000000000"}}, {"type": "Feature", "geometry": {"type": "Point", "coordinates": [-118.6875, -23.0625]}, "properties": {"type": "anticyclone", "ssh_m": 0.1741, "zeta_s-1": 6.4e-06, "hemisphere": "S", "time": "2025-05-01T00:00:00.000000000"}}, {"type": "Feature", "geometry": {"type": "Point", "coordinates": [-28.1875, 52.0625]}, "properties": {"type": "anticyclone", "ssh_m": 0.1741, "zeta_s-1": -1.33e-05, "hemisphere": "N", "time": "2025-05-01T00:00:00.000000000"}}, {"type": "Feature", "geometry": {"type": "Point", "coordinates": [-164.0625, -59.4375]}, "properties": {"type": "anticyclone", "ssh_m": 0.1735, "zeta_s-1": 1.48e-05, "hemisphere": "S", "time": "2025-05-01T00:00:00.000000000"}}, {"type": "Feature", "geometry": {"type": "Point", "coordinates": [-95.4375, -55.1875]}, "properties": {"type": "anticyclone", "ssh_m": 0.1734, "zeta_s-1": 1.1e-05, "hemisphere": "S", "time": "2025-05-01T00:00:00.000000000"}}, {"type": "Feature", "geometry": {"type": "Point", "coordinates": [-107.3125, -36.5625]}, "properties": {"type": "anticyclone", "ssh_m": 0.1734, "zeta_s-1": 6.3e-06, "hemisphere": "S", "time": "2025-05-01T00:00:00.000000000"}}, {"type": "Feature", "geometry": {"type": "Point", "coordinates": [-87.8125, -11.6875]}, "properties": {"type": "anticyclone", "ssh_m": 0.1734, "zeta_s-1": 5.1e-06, "hemisphere": "S", "time": "2025-05-01T00:00:00.000000000"}}, {"type": "Feature", "geometry": {"type": "Point", "coordinates": [-53.8125, 43.9375]}, "properties": {"type": "anticyclone", "ssh_m": 0.1734, "zeta_s-1": -3.22e-05, "hemisphere": "N", "time": "2025-05-01T00:00:00.000000000"}}, {"type": "Feature", "geometry": {"type": "Point", "coordinates": [-97.0625, -47.1875]}, "properties": {"type": "anticyclone", "ssh_m": 0.1733, "zeta_s-1": 8.1e-06, "hemisphere": "S", "time": "2025-05-01T00:00:00.000000000"}}, {"type": "Feature", "geometry": {"type": "Point", "coordinates": [56.9375, -57.3125]}, "properties": {"type": "anticyclone", "ssh_m": 0.1732, "zeta_s-1": 1.23e-05, "hemisphere": "S", "time": "2025-05-01T00:00:00.000000000"}}, {"type": "Feature", "geometry": {"type": "Point", "coordinates": [-84.9375, -23.4375]}, "properties": {"type": "anticyclone", "ssh_m": 0.1732, "zeta_s-1": 5.4e-06, "hemisphere": "S", "time": "2025-05-01T00:00:00.000000000"}}, {"type": "Feature", "geometry": {"type": "Point", "coordinates": [68.3125, -54.3125]}, "properties": {"type": "anticyclone", "ssh_m": 0.1731, "zeta_s-1": 7.7e-06, "hemisphere": "S", "time": "2025-05-01T00:00:00.000000000"}}, {"type": "Feature", "geometry": {"type": "Point", "coordinates": [12.0625, -48.6875]}, "properties": {"type": "anticyclone", "ssh_m": 0.1731, "zeta_s-1": 6.6e-06, "hemisphere": "S", "time": "2025-05-01T00:00:00.000000000"}}, {"type": "Feature", "geometry": {"type": "Point", "coordinates": [-6.0625, -19.5625]}, "properties": {"type": "anticyclone", "ssh_m": 0.1731, "zeta_s-1": 3.9e-06, "hemisphere": "S", "time": "2025-05-01T00:00:00.000000000"}}, {"type": "Feature", "geometry": {"type": "Point", "coordinates": [131.9375, 38.3125]}, "properties": {"type": "anticyclone", "ssh_m": 0.1729, "zeta_s-1": -1.6e-05, "hemisphere": "N", "time": "2025-05-01T00:00:00.000000000"}}, {"type": "Feature", "geometry": {"type": "Point", "coordinates": [-13.5625, 49.3125]}, "properties": {"type": "anticyclone", "ssh_m": 0.1729, "zeta_s-1": -1.24e-05, "hemisphere": "N", "time": "2025-05-01T00:00:00.000000000"}}, {"type": "Feature", "geometry": {"type": "Point", "coordinates": [121.3125, -39.0625]}, "properties": {"type": "anticyclone", "ssh_m": 0.1728, "zeta_s-1": 7.1e-06, "hemisphere": "S", "time": "2025-05-01T00:00:00.000000000"}}, {"type": "Feature", "geometry": {"type": "Point", "coordinates": [71.6875, -37.0625]}, "properties": {"type": "anticyclone", "ssh_m": 0.1728, "zeta_s-1": 4.5e-06, "hemisphere": "S", "time": "2025-05-01T00:00:00.000000000"}}, {"type": "Feature", "geometry": {"type": "Point", "coordinates": [-46.9375, 23.9375]}, "properties": {"type": "anticyclone", "ssh_m": 0.1728, "zeta_s-1": -1.07e-05, "hemisphere": "N", "time": "2025-05-01T00:00:00.000000000"}}, {"type": "Feature", "geometry": {"type": "Point", "coordinates": [-52.8125, 30.4375]}, "properties": {"type": "anticyclone", "ssh_m": 0.1728, "zeta_s-1": -9.4e-06, "hemisphere": "N", "time": "2025-05-01T00:00:00.000000000"}}, {"type": "Feature", "geometry": {"type": "Point", "coordinates": [34.4375, -42.3125]}, "properties": {"type": "anticyclone", "ssh_m": 0.1727, "zeta_s-1": 6.2e-06, "hemisphere": "S", "time": "2025-05-01T00:00:00.000000000"}}, {"type": "Feature", "geometry": {"type": "Point", "coordinates": [-36.0625, -19.4375]}, "properties": {"type": "anticyclone", "ssh_m": 0.1727, "zeta_s-1": 4.2e-06, "hemisphere": "S", "time": "2025-05-01T00:00:00.000000000"}}, {"type": "Feature", "geometry": {"type": "Point", "coordinates": [93.9375, 13.4375]}, "properties": {"type": "anticyclone", "ssh_m": 0.1726, "zeta_s-1": -7.8e-06, "hemisphere": "N", "time": "2025-05-01T00:00:00.000000000"}}, {"type": "Feature", "geometry": {"type": "Point", "coordinates": [-120.4375, 32.9375]}, "properties": {"type": "anticyclone", "ssh_m": 0.1725, "zeta_s-1": -1.57e-05, "hemisphere": "N", "time": "2025-05-01T00:00:00.000000000"}}, {"type": "Feature", "geometry": {"type": "Point", "coordinates": [-171.9375, 47.9375]}, "properties": {"type": "anticyclone", "ssh_m": 0.1725, "zeta_s-1": -5.4e-06, "hemisphere": "N", "time": "2025-05-01T00:00:00.000000000"}}, {"type": "Feature", "geometry": {"type": "Point", "coordinates": [-53.8125, 51.5625]}, "properties": {"type": "anticyclone", "ssh_m": 0.1725, "zeta_s-1": -6.1e-06, "hemisphere": "N", "time": "2025-05-01T00:00:00.000000000"}}, {"type": "Feature", "geometry": {"type": "Point", "coordinates": [-164.6875, -12.4375]}, "properties": {"type": "anticyclone", "ssh_m": 0.1724, "zeta_s-1": 4.2e-06, "hemisphere": "S", "time": "2025-05-01T00:00:00.000000000"}}, {"type": "Feature", "geometry": {"type": "Point", "coordinates": [-17.0625, 44.8125]}, "properties": {"type": "anticyclone", "ssh_m": 0.1724, "zeta_s-1": -1.08e-05, "hemisphere": "N", "time": "2025-05-01T00:00:00.000000000"}}, {"type": "Feature", "geometry": {"type": "Point", "coordinates": [-94.8125, -38.1875]}, "properties": {"type": "anticyclone", "ssh_m": 0.1723, "zeta_s-1": 9.5e-06, "hemisphere": "S", "time": "2025-05-01T00:00:00.000000000"}}, {"type": "Feature", "geometry": {"type": "Point", "coordinates": [132.6875, -42.6875]}, "properties": {"type": "anticyclone", "ssh_m": 0.1722, "zeta_s-1": 6.7e-06, "hemisphere": "S", "time": "2025-05-01T00:00:00.000000000"}}, {"type": "Feature", "geometry": {"type": "Point", "coordinates": [-77.6875, -18.8125]}, "properties": {"type": "anticyclone", "ssh_m": 0.1722, "zeta_s-1": 5.3e-06, "hemisphere": "S", "time": "2025-05-01T00:00:00.000000000"}}, {"type": "Feature", "geometry": {"type": "Point", "coordinates": [-8.6875, 62.8125]}, "properties": {"type": "anticyclone", "ssh_m": 0.1721, "zeta_s-1": -7.1e-06, "hemisphere": "N", "time": "2025-05-01T00:00:00.000000000"}}, {"type": "Feature", "geometry": {"type": "Point", "coordinates": [-2.3125, -47.5625]}, "properties": {"type": "anticyclone", "ssh_m": 0.172, "zeta_s-1": 2.02e-05, "hemisphere": "S", "time": "2025-05-01T00:00:00.000000000"}}, {"type": "Feature", "geometry": {"type": "Point", "coordinates": [-147.0625, -53.8125]}, "properties": {"type": "anticyclone", "ssh_m": 0.1719, "zeta_s-1": 1.22e-05, "hemisphere": "S", "time": "2025-05-01T00:00:00.000000000"}}, {"type": "Feature", "geometry": {"type": "Point", "coordinates": [-144.1875, -17.3125]}, "properties": {"type": "anticyclone", "ssh_m": 0.1719, "zeta_s-1": 5e-06, "hemisphere": "S", "time": "2025-05-01T00:00:00.000000000"}}, {"type": "Feature", "geometry": {"type": "Point", "coordinates": [-173.1875, 45.6875]}, "properties": {"type": "anticyclone", "ssh_m": 0.1718, "zeta_s-1": -3.8e-06, "hemisphere": "N", "time": "2025-05-01T00:00:00.000000000"}}, {"type": "Feature", "geometry": {"type": "Point", "coordinates": [-153.5625, 52.0625]}, "properties": {"type": "anticyclone", "ssh_m": 0.1718, "zeta_s-1": -6.9e-06, "hemisphere": "N", "time": "2025-05-01T00:00:00.000000000"}}, {"type": "Feature", "geometry": {"type": "Point", "coordinates": [88.3125, -19.9375]}, "properties": {"type": "anticyclone", "ssh_m": 0.1714, "zeta_s-1": 5.9e-06, "hemisphere": "S", "time": "2025-05-01T00:00:00.000000000"}}, {"type": "Feature", "geometry": {"type": "Point", "coordinates": [-165.6875, 47.5625]}, "properties": {"type": "anticyclone", "ssh_m": 0.1712, "zeta_s-1": -4.5e-06, "hemisphere": "N", "time": "2025-05-01T00:00:00.000000000"}}, {"type": "Feature", "geometry": {"type": "Point", "coordinates": [-168.1875, 42.9375]}, "properties": {"type": "anticyclone", "ssh_m": 0.1711, "zeta_s-1": -3.4e-06, "hemisphere": "N", "time": "2025-05-01T00:00:00.000000000"}}, {"type": "Feature", "geometry": {"type": "Point", "coordinates": [33.1875, -61.3125]}, "properties": {"type": "anticyclone", "ssh_m": 0.1709, "zeta_s-1": 8.5e-06, "hemisphere": "S", "time": "2025-05-01T00:00:00.000000000"}}, {"type": "Feature", "geometry": {"type": "Point", "coordinates": [59.1875, 13.5625]}, "properties": {"type": "anticyclone", "ssh_m": 0.1709, "zeta_s-1": -1.08e-05, "hemisphere": "N", "time": "2025-05-01T00:00:00.000000000"}}, {"type": "Feature", "geometry": {"type": "Point", "coordinates": [45.9375, -44.3125]}, "properties": {"type": "anticyclone", "ssh_m": 0.1708, "zeta_s-1": 6.1e-06, "hemisphere": "S", "time": "2025-05-01T00:00:00.000000000"}}, {"type": "Feature", "geometry": {"type": "Point", "coordinates": [-165.8125, -14.0625]}, "properties": {"type": "anticyclone", "ssh_m": 0.1708, "zeta_s-1": 3.8e-06, "hemisphere": "S", "time": "2025-05-01T00:00:00.000000000"}}, {"type": "Feature", "geometry": {"type": "Point", "coordinates": [-94.1875, -35.0625]}, "properties": {"type": "anticyclone", "ssh_m": 0.1706, "zeta_s-1": 8.1e-06, "hemisphere": "S", "time": "2025-05-01T00:00:00.000000000"}}, {"type": "Feature", "geometry": {"type": "Point", "coordinates": [-140.3125, -24.3125]}, "properties": {"type": "anticyclone", "ssh_m": 0.1706, "zeta_s-1": 8.8e-06, "hemisphere": "S", "time": "2025-05-01T00:00:00.000000000"}}, {"type": "Feature", "geometry": {"type": "Point", "coordinates": [-48.0625, 27.3125]}, "properties": {"type": "anticyclone", "ssh_m": 0.1705, "zeta_s-1": -6.5e-06, "hemisphere": "N", "time": "2025-05-01T00:00:00.000000000"}}, {"type": "Feature", "geometry": {"type": "Point", "coordinates": [-64.8125, -52.4375]}, "properties": {"type": "anticyclone", "ssh_m": 0.1702, "zeta_s-1": 2.9e-06, "hemisphere": "S", "time": "2025-05-01T00:00:00.000000000"}}, {"type": "Feature", "geometry": {"type": "Point", "coordinates": [-157.0625, 35.6875]}, "properties": {"type": "anticyclone", "ssh_m": 0.1702, "zeta_s-1": -4.5e-06, "hemisphere": "N", "time": "2025-05-01T00:00:00.000000000"}}, {"type": "Feature", "geometry": {"type": "Point", "coordinates": [-9.0625, 59.4375]}, "properties": {"type": "anticyclone", "ssh_m": 0.1702, "zeta_s-1": -1.59e-05, "hemisphere": "N", "time": "2025-05-01T00:00:00.000000000"}}, {"type": "Feature", "geometry": {"type": "Point", "coordinates": [-105.8125, -43.9375]}, "properties": {"type": "anticyclone", "ssh_m": 0.1701, "zeta_s-1": 4.8e-06, "hemisphere": "S", "time": "2025-05-01T00:00:00.000000000"}}, {"type": "Feature", "geometry": {"type": "Point", "coordinates": [-94.1875, -20.5625]}, "properties": {"type": "anticyclone", "ssh_m": 0.1701, "zeta_s-1": 5.2e-06, "hemisphere": "S", "time": "2025-05-01T00:00:00.000000000"}}, {"type": "Feature", "geometry": {"type": "Point", "coordinates": [148.1875, 31.4375]}, "properties": {"type": "anticyclone", "ssh_m": 0.1701, "zeta_s-1": -1.52e-05, "hemisphere": "N", "time": "2025-05-01T00:00:00.000000000"}}, {"type": "Feature", "geometry": {"type": "Point", "coordinates": [-50.9375, 61.9375]}, "properties": {"type": "anticyclone", "ssh_m": 0.1701, "zeta_s-1": -2.53e-05, "hemisphere": "N", "time": "2025-05-01T00:00:00.000000000"}}, {"type": "Feature", "geometry": {"type": "Point", "coordinates": [70.1875, -55.0625]}, "properties": {"type": "anticyclone", "ssh_m": 0.1699, "zeta_s-1": 6.3e-06, "hemisphere": "S", "time": "2025-05-01T00:00:00.000000000"}}, {"type": "Feature", "geometry": {"type": "Point", "coordinates": [-98.1875, -30.9375]}, "properties": {"type": "anticyclone", "ssh_m": 0.1699, "zeta_s-1": 5.2e-06, "hemisphere": "S", "time": "2025-05-01T00:00:00.000000000"}}, {"type": "Feature", "geometry": {"type": "Point", "coordinates": [-118.3125, -17.0625]}, "properties": {"type": "anticyclone", "ssh_m": 0.1698, "zeta_s-1": 4.1e-06, "hemisphere": "S", "time": "2025-05-01T00:00:00.000000000"}}, {"type": "Feature", "geometry": {"type": "Point", "coordinates": [-156.0625, -12.9375]}, "properties": {"type": "anticyclone", "ssh_m": 0.1697, "zeta_s-1": 5e-06, "hemisphere": "S", "time": "2025-05-01T00:00:00.000000000"}}, {"type": "Feature", "geometry": {"type": "Point", "coordinates": [-147.8125, 14.6875]}, "properties": {"type": "anticyclone", "ssh_m": 0.1697, "zeta_s-1": -4.4e-06, "hemisphere": "N", "time": "2025-05-01T00:00:00.000000000"}}, {"type": "Feature", "geometry": {"type": "Point", "coordinates": [-159.1875, -41.5625]}, "properties": {"type": "anticyclone", "ssh_m": 0.1696, "zeta_s-1": 5.8e-06, "hemisphere": "S", "time": "2025-05-01T00:00:00.000000000"}}, {"type": "Feature", "geometry": {"type": "Point", "coordinates": [-20.9375, -24.8125]}, "properties": {"type": "anticyclone", "ssh_m": 0.1696, "zeta_s-1": 3.1e-06, "hemisphere": "S", "time": "2025-05-01T00:00:00.000000000"}}, {"type": "Feature", "geometry": {"type": "Point", "coordinates": [-85.0625, -14.1875]}, "properties": {"type": "anticyclone", "ssh_m": 0.1696, "zeta_s-1": 3.8e-06, "hemisphere": "S", "time": "2025-05-01T00:00:00.000000000"}}, {"type": "Feature", "geometry": {"type": "Point", "coordinates": [-75.6875, -23.4375]}, "properties": {"type": "anticyclone", "ssh_m": 0.1695, "zeta_s-1": 6.8e-06, "hemisphere": "S", "time": "2025-05-01T00:00:00.000000000"}}, {"type": "Feature", "geometry": {"type": "Point", "coordinates": [-99.4375, 16.6875]}, "properties": {"type": "anticyclone", "ssh_m": 0.1695, "zeta_s-1": NaN, "hemisphere": "N", "time": "2025-05-01T00:00:00.000000000"}}, {"type": "Feature", "geometry": {"type": "Point", "coordinates": [-166.8125, 33.8125]}, "properties": {"type": "anticyclone", "ssh_m": 0.1695, "zeta_s-1": -1.26e-05, "hemisphere": "N", "time": "2025-05-01T00:00:00.000000000"}}, {"type": "Feature", "geometry": {"type": "Point", "coordinates": [-2.1875, 71.5625]}, "properties": {"type": "anticyclone", "ssh_m": 0.1694, "zeta_s-1": -1.13e-05, "hemisphere": "N", "time": "2025-05-01T00:00:00.000000000"}}, {"type": "Feature", "geometry": {"type": "Point", "coordinates": [63.0625, -35.0625]}, "properties": {"type": "anticyclone", "ssh_m": 0.1692, "zeta_s-1": 4.2e-06, "hemisphere": "S", "time": "2025-05-01T00:00:00.000000000"}}, {"type": "Feature", "geometry": {"type": "Point", "coordinates": [3.9375, 74.5625]}, "properties": {"type": "anticyclone", "ssh_m": 0.1691, "zeta_s-1": -4.8e-06, "hemisphere": "N", "time": "2025-05-01T00:00:00.000000000"}}, {"type": "Feature", "geometry": {"type": "Point", "coordinates": [105.1875, -61.6875]}, "properties": {"type": "anticyclone", "ssh_m": 0.169, "zeta_s-1": 1.22e-05, "hemisphere": "S", "time": "2025-05-01T00:00:00.000000000"}}, {"type": "Feature", "geometry": {"type": "Point", "coordinates": [-108.3125, -44.3125]}, "properties": {"type": "anticyclone", "ssh_m": 0.169, "zeta_s-1": 8.5e-06, "hemisphere": "S", "time": "2025-05-01T00:00:00.000000000"}}, {"type": "Feature", "geometry": {"type": "Point", "coordinates": [3.6875, -6.4375]}, "properties": {"type": "anticyclone", "ssh_m": 0.169, "zeta_s-1": NaN, "hemisphere": "S", "time": "2025-05-01T00:00:00.000000000"}}, {"type": "Feature", "geometry": {"type": "Point", "coordinates": [176.3125, 60.5625]}, "properties": {"type": "anticyclone", "ssh_m": 0.169, "zeta_s-1": -1.27e-05, "hemisphere": "N", "time": "2025-05-01T00:00:00.000000000"}}, {"type": "Feature", "geometry": {"type": "Point", "coordinates": [141.4375, -59.6875]}, "properties": {"type": "anticyclone", "ssh_m": 0.1685, "zeta_s-1": 6.6e-06, "hemisphere": "S", "time": "2025-05-01T00:00:00.000000000"}}, {"type": "Feature", "geometry": {"type": "Point", "coordinates": [65.9375, -34.9375]}, "properties": {"type": "anticyclone", "ssh_m": 0.1684, "zeta_s-1": 6e-06, "hemisphere": "S", "time": "2025-05-01T00:00:00.000000000"}}, {"type": "Feature", "geometry": {"type": "Point", "coordinates": [-77.5625, 10.4375]}, "properties": {"type": "anticyclone", "ssh_m": 0.1683, "zeta_s-1": -1.1e-05, "hemisphere": "N", "time": "2025-05-01T00:00:00.000000000"}}, {"type": "Feature", "geometry": {"type": "Point", "coordinates": [12.6875, 36.6875]}, "properties": {"type": "anticyclone", "ssh_m": 0.1683, "zeta_s-1": -1.61e-05, "hemisphere": "N", "time": "2025-05-01T00:00:00.000000000"}}, {"type": "Feature", "geometry": {"type": "Point", "coordinates": [-79.0625, -40.4375]}, "properties": {"type": "anticyclone", "ssh_m": 0.1682, "zeta_s-1": 7.9e-06, "hemisphere": "S", "time": "2025-05-01T00:00:00.000000000"}}, {"type": "Feature", "geometry": {"type": "Point", "coordinates": [-73.5625, -39.6875]}, "properties": {"type": "anticyclone", "ssh_m": 0.1682, "zeta_s-1": 5.8e-06, "hemisphere": "S", "time": "2025-05-01T00:00:00.000000000"}}, {"type": "Feature", "geometry": {"type": "Point", "coordinates": [-172.0625, -18.9375]}, "properties": {"type": "anticyclone", "ssh_m": 0.1682, "zeta_s-1": 8.2e-06, "hemisphere": "S", "time": "2025-05-01T00:00:00.000000000"}}, {"type": "Feature", "geometry": {"type": "Point", "coordinates": [-160.3125, -59.1875]}, "properties": {"type": "anticyclone", "ssh_m": 0.168, "zeta_s-1": 7.4e-06, "hemisphere": "S", "time": "2025-05-01T00:00:00.000000000"}}, {"type": "Feature", "geometry": {"type": "Point", "coordinates": [-64.3125, 49.3125]}, "properties": {"type": "anticyclone", "ssh_m": 0.1679, "zeta_s-1": -2.09e-05, "hemisphere": "N", "time": "2025-05-01T00:00:00.000000000"}}, {"type": "Feature", "geometry": {"type": "Point", "coordinates": [-84.5625, -53.8125]}, "properties": {"type": "anticyclone", "ssh_m": 0.1677, "zeta_s-1": 1.06e-05, "hemisphere": "S", "time": "2025-05-01T00:00:00.000000000"}}, {"type": "Feature", "geometry": {"type": "Point", "coordinates": [72.1875, -48.8125]}, "properties": {"type": "anticyclone", "ssh_m": 0.1677, "zeta_s-1": 8.6e-06, "hemisphere": "S", "time": "2025-05-01T00:00:00.000000000"}}, {"type": "Feature", "geometry": {"type": "Point", "coordinates": [-79.1875, -23.5625]}, "properties": {"type": "anticyclone", "ssh_m": 0.1677, "zeta_s-1": 3.8e-06, "hemisphere": "S", "time": "2025-05-01T00:00:00.000000000"}}, {"type": "Feature", "geometry": {"type": "Point", "coordinates": [59.6875, -48.6875]}, "properties": {"type": "anticyclone", "ssh_m": 0.1675, "zeta_s-1": 1.43e-05, "hemisphere": "S", "time": "2025-05-01T00:00:00.000000000"}}, {"type": "Feature", "geometry": {"type": "Point", "coordinates": [91.3125, -61.0625]}, "properties": {"type": "anticyclone", "ssh_m": 0.1674, "zeta_s-1": 1.77e-05, "hemisphere": "S", "time": "2025-05-01T00:00:00.000000000"}}, {"type": "Feature", "geometry": {"type": "Point", "coordinates": [104.6875, -57.5625]}, "properties": {"type": "anticyclone", "ssh_m": 0.1674, "zeta_s-1": 9.8e-06, "hemisphere": "S", "time": "2025-05-01T00:00:00.000000000"}}, {"type": "Feature", "geometry": {"type": "Point", "coordinates": [-27.5625, -35.9375]}, "properties": {"type": "anticyclone", "ssh_m": 0.1673, "zeta_s-1": 6.7e-06, "hemisphere": "S", "time": "2025-05-01T00:00:00.000000000"}}, {"type": "Feature", "geometry": {"type": "Point", "coordinates": [65.0625, -38.3125]}, "properties": {"type": "anticyclone", "ssh_m": 0.1672, "zeta_s-1": 6e-06, "hemisphere": "S", "time": "2025-05-01T00:00:00.000000000"}}, {"type": "Feature", "geometry": {"type": "Point", "coordinates": [175.1875, 22.9375]}, "properties": {"type": "anticyclone", "ssh_m": 0.1671, "zeta_s-1": -7.7e-06, "hemisphere": "N", "time": "2025-05-01T00:00:00.000000000"}}, {"type": "Feature", "geometry": {"type": "Point", "coordinates": [-14.1875, -23.9375]}, "properties": {"type": "anticyclone", "ssh_m": 0.1669, "zeta_s-1": 4.3e-06, "hemisphere": "S", "time": "2025-05-01T00:00:00.000000000"}}, {"type": "Feature", "geometry": {"type": "Point", "coordinates": [95.8125, 13.8125]}, "properties": {"type": "anticyclone", "ssh_m": 0.1668, "zeta_s-1": -6.3e-06, "hemisphere": "N", "time": "2025-05-01T00:00:00.000000000"}}, {"type": "Feature", "geometry": {"type": "Point", "coordinates": [-129.9375, 24.1875]}, "properties": {"type": "anticyclone", "ssh_m": 0.1668, "zeta_s-1": -8.9e-06, "hemisphere": "N", "time": "2025-05-01T00:00:00.000000000"}}, {"type": "Feature", "geometry": {"type": "Point", "coordinates": [-96.4375, -35.0625]}, "properties": {"type": "anticyclone", "ssh_m": 0.1663, "zeta_s-1": 4.9e-06, "hemisphere": "S", "time": "2025-05-01T00:00:00.000000000"}}, {"type": "Feature", "geometry": {"type": "Point", "coordinates": [96.4375, -37.9375]}, "properties": {"type": "anticyclone", "ssh_m": 0.1662, "zeta_s-1": 9.6e-06, "hemisphere": "S", "time": "2025-05-01T00:00:00.000000000"}}, {"type": "Feature", "geometry": {"type": "Point", "coordinates": [-85.4375, -10.0625]}, "properties": {"type": "anticyclone", "ssh_m": 0.1662, "zeta_s-1": 2.6e-06, "hemisphere": "S", "time": "2025-05-01T00:00:00.000000000"}}, {"type": "Feature", "geometry": {"type": "Point", "coordinates": [160.6875, 30.8125]}, "properties": {"type": "anticyclone", "ssh_m": 0.1662, "zeta_s-1": -9.6e-06, "hemisphere": "N", "time": "2025-05-01T00:00:00.000000000"}}, {"type": "Feature", "geometry": {"type": "Point", "coordinates": [-174.9375, 48.6875]}, "properties": {"type": "anticyclone", "ssh_m": 0.166, "zeta_s-1": -2.6e-06, "hemisphere": "N", "time": "2025-05-01T00:00:00.000000000"}}, {"type": "Feature", "geometry": {"type": "Point", "coordinates": [-2.5625, -50.5625]}, "properties": {"type": "anticyclone", "ssh_m": 0.1656, "zeta_s-1": 8.9e-06, "hemisphere": "S", "time": "2025-05-01T00:00:00.000000000"}}, {"type": "Feature", "geometry": {"type": "Point", "coordinates": [-71.1875, -27.0625]}, "properties": {"type": "anticyclone", "ssh_m": 0.1655, "zeta_s-1": 4.9e-06, "hemisphere": "S", "time": "2025-05-01T00:00:00.000000000"}}, {"type": "Feature", "geometry": {"type": "Point", "coordinates": [-68.3125, 23.6875]}, "properties": {"type": "anticyclone", "ssh_m": 0.1655, "zeta_s-1": -9.2e-06, "hemisphere": "N", "time": "2025-05-01T00:00:00.000000000"}}, {"type": "Feature", "geometry": {"type": "Point", "coordinates": [-73.1875, -36.4375]}, "properties": {"type": "anticyclone", "ssh_m": 0.1653, "zeta_s-1": 3.8e-06, "hemisphere": "S", "time": "2025-05-01T00:00:00.000000000"}}, {"type": "Feature", "geometry": {"type": "Point", "coordinates": [-82.9375, -32.0625]}, "properties": {"type": "anticyclone", "ssh_m": 0.1652, "zeta_s-1": 4.6e-06, "hemisphere": "S", "time": "2025-05-01T00:00:00.000000000"}}, {"type": "Feature", "geometry": {"type": "Point", "coordinates": [100.3125, 4.1875]}, "properties": {"type": "anticyclone", "ssh_m": 0.1652, "zeta_s-1": NaN, "hemisphere": "N", "time": "2025-05-01T00:00:00.000000000"}}, {"type": "Feature", "geometry": {"type": "Point", "coordinates": [-48.8125, 56.4375]}, "properties": {"type": "anticyclone", "ssh_m": 0.1652, "zeta_s-1": -2.1e-05, "hemisphere": "N", "time": "2025-05-01T00:00:00.000000000"}}, {"type": "Feature", "geometry": {"type": "Point", "coordinates": [50.8125, -16.4375]}, "properties": {"type": "anticyclone", "ssh_m": 0.1651, "zeta_s-1": 7.8e-06, "hemisphere": "S", "time": "2025-05-01T00:00:00.000000000"}}, {"type": "Feature", "geometry": {"type": "Point", "coordinates": [-11.8125, -20.1875]}, "properties": {"type": "anticyclone", "ssh_m": 0.165, "zeta_s-1": 5.2e-06, "hemisphere": "S", "time": "2025-05-01T00:00:00.000000000"}}, {"type": "Feature", "geometry": {"type": "Point", "coordinates": [-143.5625, 26.3125]}, "properties": {"type": "anticyclone", "ssh_m": 0.165, "zeta_s-1": -1.24e-05, "hemisphere": "N", "time": "2025-05-01T00:00:00.000000000"}}, {"type": "Feature", "geometry": {"type": "Point", "coordinates": [-23.9375, -57.4375]}, "properties": {"type": "anticyclone", "ssh_m": 0.1649, "zeta_s-1": 1.11e-05, "hemisphere": "S", "time": "2025-05-01T00:00:00.000000000"}}, {"type": "Feature", "geometry": {"type": "Point", "coordinates": [-93.8125, -42.4375]}, "properties": {"type": "anticyclone", "ssh_m": 0.1649, "zeta_s-1": 6.1e-06, "hemisphere": "S", "time": "2025-05-01T00:00:00.000000000"}}, {"type": "Feature", "geometry": {"type": "Point", "coordinates": [-29.5625, -24.4375]}, "properties": {"type": "anticyclone", "ssh_m": 0.1649, "zeta_s-1": 4.6e-06, "hemisphere": "S", "time": "2025-05-01T00:00:00.000000000"}}, {"type": "Feature", "geometry": {"type": "Point", "coordinates": [84.0625, -38.9375]}, "properties": {"type": "anticyclone", "ssh_m": 0.1648, "zeta_s-1": 6.2e-06, "hemisphere": "S", "time": "2025-05-01T00:00:00.000000000"}}, {"type": "Feature", "geometry": {"type": "Point", "coordinates": [-129.5625, 29.0625]}, "properties": {"type": "anticyclone", "ssh_m": 0.1646, "zeta_s-1": -8.5e-06, "hemisphere": "N", "time": "2025-05-01T00:00:00.000000000"}}, {"type": "Feature", "geometry": {"type": "Point", "coordinates": [35.4375, -59.6875]}, "properties": {"type": "anticyclone", "ssh_m": 0.1645, "zeta_s-1": 9.7e-06, "hemisphere": "S", "time": "2025-05-01T00:00:00.000000000"}}, {"type": "Feature", "geometry": {"type": "Point", "coordinates": [-126.0625, 23.4375]}, "properties": {"type": "anticyclone", "ssh_m": 0.1644, "zeta_s-1": -1.11e-05, "hemisphere": "N", "time": "2025-05-01T00:00:00.000000000"}}, {"type": "Feature", "geometry": {"type": "Point", "coordinates": [-86.3125, -39.5625]}, "properties": {"type": "anticyclone", "ssh_m": 0.1642, "zeta_s-1": 7.1e-06, "hemisphere": "S", "time": "2025-05-01T00:00:00.000000000"}}, {"type": "Feature", "geometry": {"type": "Point", "coordinates": [-19.9375, 32.4375]}, "properties": {"type": "anticyclone", "ssh_m": 0.164, "zeta_s-1": -5.9e-06, "hemisphere": "N", "time": "2025-05-01T00:00:00.000000000"}}, {"type": "Feature", "geometry": {"type": "Point", "coordinates": [-110.6875, -57.4375]}, "properties": {"type": "anticyclone", "ssh_m": 0.1638, "zeta_s-1": 1.41e-05, "hemisphere": "S", "time": "2025-05-01T00:00:00.000000000"}}, {"type": "Feature", "geometry": {"type": "Point", "coordinates": [90.8125, -31.8125]}, "properties": {"type": "anticyclone", "ssh_m": 0.1638, "zeta_s-1": 7.6e-06, "hemisphere": "S", "time": "2025-05-01T00:00:00.000000000"}}, {"type": "Feature", "geometry": {"type": "Point", "coordinates": [-18.4375, -12.5625]}, "properties": {"type": "anticyclone", "ssh_m": 0.1637, "zeta_s-1": 5.8e-06, "hemisphere": "S", "time": "2025-05-01T00:00:00.000000000"}}, {"type": "Feature", "geometry": {"type": "Point", "coordinates": [-90.0625, -63.9375]}, "properties": {"type": "anticyclone", "ssh_m": 0.1636, "zeta_s-1": 1.1e-05, "hemisphere": "S", "time": "2025-05-01T00:00:00.000000000"}}, {"type": "Feature", "geometry": {"type": "Point", "coordinates": [-19.9375, 42.1875]}, "properties": {"type": "anticyclone", "ssh_m": 0.1635, "zeta_s-1": -8.7e-06, "hemisphere": "N", "time": "2025-05-01T00:00:00.000000000"}}, {"type": "Feature", "geometry": {"type": "Point", "coordinates": [-82.4375, 27.8125]}, "properties": {"type": "anticyclone", "ssh_m": 0.1633, "zeta_s-1": NaN, "hemisphere": "N", "time": "2025-05-01T00:00:00.000000000"}}, {"type": "Feature", "geometry": {"type": "Point", "coordinates": [-97.1875, -6.9375]}, "properties": {"type": "anticyclone", "ssh_m": 0.1631, "zeta_s-1": NaN, "hemisphere": "S", "time": "2025-05-01T00:00:00.000000000"}}, {"type": "Feature", "geometry": {"type": "Point", "coordinates": [-162.8125, 45.4375]}, "properties": {"type": "anticyclone", "ssh_m": 0.163, "zeta_s-1": -2.5e-06, "hemisphere": "N", "time": "2025-05-01T00:00:00.000000000"}}, {"type": "Feature", "geometry": {"type": "Point", "coordinates": [10.1875, 74.0625]}, "properties": {"type": "anticyclone", "ssh_m": 0.1629, "zeta_s-1": -2.19e-05, "hemisphere": "N", "time": "2025-05-01T00:00:00.000000000"}}, {"type": "Feature", "geometry": {"type": "Point", "coordinates": [-88.5625, -16.6875]}, "properties": {"type": "anticyclone", "ssh_m": 0.1628, "zeta_s-1": 3.6e-06, "hemisphere": "S", "time": "2025-05-01T00:00:00.000000000"}}, {"type": "Feature", "geometry": {"type": "Point", "coordinates": [-47.4375, -43.3125]}, "properties": {"type": "anticyclone", "ssh_m": 0.1627, "zeta_s-1": 1.78e-05, "hemisphere": "S", "time": "2025-05-01T00:00:00.000000000"}}, {"type": "Feature", "geometry": {"type": "Point", "coordinates": [-17.3125, -16.1875]}, "properties": {"type": "anticyclone", "ssh_m": 0.1627, "zeta_s-1": 7.7e-06, "hemisphere": "S", "time": "2025-05-01T00:00:00.000000000"}}, {"type": "Feature", "geometry": {"type": "Point", "coordinates": [-9.6875, 52.3125]}, "properties": {"type": "anticyclone", "ssh_m": 0.1627, "zeta_s-1": NaN, "hemisphere": "N", "time": "2025-05-01T00:00:00.000000000"}}, {"type": "Feature", "geometry": {"type": "Point", "coordinates": [-52.1875, 68.8125]}, "properties": {"type": "anticyclone", "ssh_m": 0.1627, "zeta_s-1": -6.7e-06, "hemisphere": "N", "time": "2025-05-01T00:00:00.000000000"}}, {"type": "Feature", "geometry": {"type": "Point", "coordinates": [42.8125, -45.0625]}, "properties": {"type": "anticyclone", "ssh_m": 0.1626, "zeta_s-1": 6.2e-06, "hemisphere": "S", "time": "2025-05-01T00:00:00.000000000"}}, {"type": "Feature", "geometry": {"type": "Point", "coordinates": [-115.4375, -31.3125]}, "properties": {"type": "anticyclone", "ssh_m": 0.1626, "zeta_s-1": 7e-06, "hemisphere": "S", "time": "2025-05-01T00:00:00.000000000"}}, {"type": "Feature", "geometry": {"type": "Point", "coordinates": [-173.5625, 56.4375]}, "properties": {"type": "anticyclone", "ssh_m": 0.1626, "zeta_s-1": -2.22e-05, "hemisphere": "N", "time": "2025-05-01T00:00:00.000000000"}}, {"type": "Feature", "geometry": {"type": "Point", "coordinates": [0.5625, 72.5625]}, "properties": {"type": "anticyclone", "ssh_m": 0.1626, "zeta_s-1": -1.81e-05, "hemisphere": "N", "time": "2025-05-01T00:00:00.000000000"}}, {"type": "Feature", "geometry": {"type": "Point", "coordinates": [93.3125, -36.4375]}, "properties": {"type": "anticyclone", "ssh_m": 0.1625, "zeta_s-1": 6.9e-06, "hemisphere": "S", "time": "2025-05-01T00:00:00.000000000"}}, {"type": "Feature", "geometry": {"type": "Point", "coordinates": [-1.0625, 4.0625]}, "properties": {"type": "anticyclone", "ssh_m": 0.1625, "zeta_s-1": NaN, "hemisphere": "N", "time": "2025-05-01T00:00:00.000000000"}}, {"type": "Feature", "geometry": {"type": "Point", "coordinates": [100.3125, -57.5625]}, "properties": {"type": "anticyclone", "ssh_m": 0.1624, "zeta_s-1": 1.33e-05, "hemisphere": "S", "time": "2025-05-01T00:00:00.000000000"}}, {"type": "Feature", "geometry": {"type": "Point", "coordinates": [-80.5625, -31.8125]}, "properties": {"type": "anticyclone", "ssh_m": 0.1624, "zeta_s-1": 5.9e-06, "hemisphere": "S", "time": "2025-05-01T00:00:00.000000000"}}, {"type": "Feature", "geometry": {"type": "Point", "coordinates": [-159.9375, -14.0625]}, "properties": {"type": "anticyclone", "ssh_m": 0.1623, "zeta_s-1": 4.6e-06, "hemisphere": "S", "time": "2025-05-01T00:00:00.000000000"}}, {"type": "Feature", "geometry": {"type": "Point", "coordinates": [123.8125, 25.6875]}, "properties": {"type": "anticyclone", "ssh_m": 0.1623, "zeta_s-1": -9.9e-06, "hemisphere": "N", "time": "2025-05-01T00:00:00.000000000"}}, {"type": "Feature", "geometry": {"type": "Point", "coordinates": [-21.0625, 21.5625]}, "properties": {"type": "anticyclone", "ssh_m": 0.162, "zeta_s-1": -1.14e-05, "hemisphere": "N", "time": "2025-05-01T00:00:00.000000000"}}, {"type": "Feature", "geometry": {"type": "Point", "coordinates": [-34.9375, 58.0625]}, "properties": {"type": "anticyclone", "ssh_m": 0.162, "zeta_s-1": -1.39e-05, "hemisphere": "N", "time": "2025-05-01T00:00:00.000000000"}}, {"type": "Feature", "geometry": {"type": "Point", "coordinates": [120.9375, 36.5625]}, "properties": {"type": "anticyclone", "ssh_m": 0.1619, "zeta_s-1": NaN, "hemisphere": "N", "time": "2025-05-01T00:00:00.000000000"}}, {"type": "Feature", "geometry": {"type": "Point", "coordinates": [3.3125, -50.8125]}, "properties": {"type": "anticyclone", "ssh_m": 0.1618, "zeta_s-1": 5.4e-06, "hemisphere": "S", "time": "2025-05-01T00:00:00.000000000"}}, {"type": "Feature", "geometry": {"type": "Point", "coordinates": [-138.5625, 34.6875]}, "properties": {"type": "anticyclone", "ssh_m": 0.1615, "zeta_s-1": -1.05e-05, "hemisphere": "N", "time": "2025-05-01T00:00:00.000000000"}}, {"type": "Feature", "geometry": {"type": "Point", "coordinates": [-162.5625, -58.3125]}, "properties": {"type": "anticyclone", "ssh_m": 0.1614, "zeta_s-1": 7.4e-06, "hemisphere": "S", "time": "2025-05-01T00:00:00.000000000"}}, {"type": "Feature", "geometry": {"type": "Point", "coordinates": [-150.9375, 14.9375]}, "properties": {"type": "anticyclone", "ssh_m": 0.1613, "zeta_s-1": -3.1e-06, "hemisphere": "N", "time": "2025-05-01T00:00:00.000000000"}}, {"type": "Feature", "geometry": {"type": "Point", "coordinates": [1.3125, 65.8125]}, "properties": {"type": "anticyclone", "ssh_m": 0.1613, "zeta_s-1": -1.43e-05, "hemisphere": "N", "time": "2025-05-01T00:00:00.000000000"}}, {"type": "Feature", "geometry": {"type": "Point", "coordinates": [-154.9375, -57.5625]}, "properties": {"type": "anticyclone", "ssh_m": 0.1612, "zeta_s-1": 6.9e-06, "hemisphere": "S", "time": "2025-05-01T00:00:00.000000000"}}, {"type": "Feature", "geometry": {"type": "Point", "coordinates": [-90.3125, -46.3125]}, "properties": {"type": "anticyclone", "ssh_m": 0.1612, "zeta_s-1": 7.4e-06, "hemisphere": "S", "time": "2025-05-01T00:00:00.000000000"}}, {"type": "Feature", "geometry": {"type": "Point", "coordinates": [-109.4375, -29.9375]}, "properties": {"type": "anticyclone", "ssh_m": 0.1612, "zeta_s-1": 3.8e-06, "hemisphere": "S", "time": "2025-05-01T00:00:00.000000000"}}, {"type": "Feature", "geometry": {"type": "Point", "coordinates": [-26.1875, 38.8125]}, "properties": {"type": "anticyclone", "ssh_m": 0.1612, "zeta_s-1": -5.4e-06, "hemisphere": "N", "time": "2025-05-01T00:00:00.000000000"}}, {"type": "Feature", "geometry": {"type": "Point", "coordinates": [-43.1875, -58.5625]}, "properties": {"type": "anticyclone", "ssh_m": 0.161, "zeta_s-1": 1.21e-05, "hemisphere": "S", "time": "2025-05-01T00:00:00.000000000"}}, {"type": "Feature", "geometry": {"type": "Point", "coordinates": [96.0625, 8.5625]}, "properties": {"type": "anticyclone", "ssh_m": 0.161, "zeta_s-1": -6.7e-06, "hemisphere": "N", "time": "2025-05-01T00:00:00.000000000"}}, {"type": "Feature", "geometry": {"type": "Point", "coordinates": [-46.5625, 13.5625]}, "properties": {"type": "anticyclone", "ssh_m": 0.161, "zeta_s-1": -4.1e-06, "hemisphere": "N", "time": "2025-05-01T00:00:00.000000000"}}, {"type": "Feature", "geometry": {"type": "Point", "coordinates": [-146.1875, -22.5625]}, "properties": {"type": "anticyclone", "ssh_m": 0.1608, "zeta_s-1": 5e-06, "hemisphere": "S", "time": "2025-05-01T00:00:00.000000000"}}, {"type": "Feature", "geometry": {"type": "Point", "coordinates": [0.6875, -57.9375]}, "properties": {"type": "anticyclone", "ssh_m": 0.1605, "zeta_s-1": 1.01e-05, "hemisphere": "S", "time": "2025-05-01T00:00:00.000000000"}}, {"type": "Feature", "geometry": {"type": "Point", "coordinates": [10.1875, -10.8125]}, "properties": {"type": "anticyclone", "ssh_m": 0.1605, "zeta_s-1": 7.4e-06, "hemisphere": "S", "time": "2025-05-01T00:00:00.000000000"}}, {"type": "Feature", "geometry": {"type": "Point", "coordinates": [-89.3125, -54.3125]}, "properties": {"type": "anticyclone", "ssh_m": 0.1603, "zeta_s-1": 5.9e-06, "hemisphere": "S", "time": "2025-05-01T00:00:00.000000000"}}, {"type": "Feature", "geometry": {"type": "Point", "coordinates": [-71.8125, -23.9375]}, "properties": {"type": "anticyclone", "ssh_m": 0.1603, "zeta_s-1": 7.4e-06, "hemisphere": "S", "time": "2025-05-01T00:00:00.000000000"}}, {"type": "Feature", "geometry": {"type": "Point", "coordinates": [-128.3125, -19.4375]}, "properties": {"type": "anticyclone", "ssh_m": 0.1601, "zeta_s-1": 4.5e-06, "hemisphere": "S", "time": "2025-05-01T00:00:00.000000000"}}, {"type": "Feature", "geometry": {"type": "Point", "coordinates": [-145.1875, 50.3125]}, "properties": {"type": "anticyclone", "ssh_m": 0.1601, "zeta_s-1": -4.4e-06, "hemisphere": "N", "time": "2025-05-01T00:00:00.000000000"}}, {"type": "Feature", "geometry": {"type": "Point", "coordinates": [-33.5625, 27.8125]}, "properties": {"type": "anticyclone", "ssh_m": 0.16, "zeta_s-1": -6.8e-06, "hemisphere": "N", "time": "2025-05-01T00:00:00.000000000"}}, {"type": "Feature", "geometry": {"type": "Point", "coordinates": [132.3125, -44.4375]}, "properties": {"type": "anticyclone", "ssh_m": 0.1598, "zeta_s-1": 4.6e-06, "hemisphere": "S", "time": "2025-05-01T00:00:00.000000000"}}, {"type": "Feature", "geometry": {"type": "Point", "coordinates": [67.5625, -35.5625]}, "properties": {"type": "anticyclone", "ssh_m": 0.1596, "zeta_s-1": 6.4e-06, "hemisphere": "S", "time": "2025-05-01T00:00:00.000000000"}}, {"type": "Feature", "geometry": {"type": "Point", "coordinates": [137.4375, 42.0625]}, "properties": {"type": "anticyclone", "ssh_m": 0.1596, "zeta_s-1": -2.39e-05, "hemisphere": "N", "time": "2025-05-01T00:00:00.000000000"}}, {"type": "Feature", "geometry": {"type": "Point", "coordinates": [16.9375, 33.4375]}, "properties": {"type": "anticyclone", "ssh_m": 0.1594, "zeta_s-1": -9.5e-06, "hemisphere": "N", "time": "2025-05-01T00:00:00.000000000"}}, {"type": "Feature", "geometry": {"type": "Point", "coordinates": [77.8125, 73.6875]}, "properties": {"type": "anticyclone", "ssh_m": 0.1594, "zeta_s-1": -1.46e-05, "hemisphere": "N", "time": "2025-05-01T00:00:00.000000000"}}, {"type": "Feature", "geometry": {"type": "Point", "coordinates": [6.5625, -12.6875]}, "properties": {"type": "anticyclone", "ssh_m": 0.1592, "zeta_s-1": 3.2e-06, "hemisphere": "S", "time": "2025-05-01T00:00:00.000000000"}}, {"type": "Feature", "geometry": {"type": "Point", "coordinates": [-94.4375, -7.9375]}, "properties": {"type": "anticyclone", "ssh_m": 0.1591, "zeta_s-1": NaN, "hemisphere": "S", "time": "2025-05-01T00:00:00.000000000"}}, {"type": "Feature", "geometry": {"type": "Point", "coordinates": [158.4375, 51.0625]}, "properties": {"type": "anticyclone", "ssh_m": 0.1589, "zeta_s-1": -1.56e-05, "hemisphere": "N", "time": "2025-05-01T00:00:00.000000000"}}, {"type": "Feature", "geometry": {"type": "Point", "coordinates": [-80.8125, -33.6875]}, "properties": {"type": "anticyclone", "ssh_m": 0.1588, "zeta_s-1": 3.8e-06, "hemisphere": "S", "time": "2025-05-01T00:00:00.000000000"}}, {"type": "Feature", "geometry": {"type": "Point", "coordinates": [-168.0625, 28.5625]}, "properties": {"type": "anticyclone", "ssh_m": 0.1588, "zeta_s-1": -1.48e-05, "hemisphere": "N", "time": "2025-05-01T00:00:00.000000000"}}, {"type": "Feature", "geometry": {"type": "Point", "coordinates": [-39.1875, -32.9375]}, "properties": {"type": "anticyclone", "ssh_m": 0.1587, "zeta_s-1": 9.7e-06, "hemisphere": "S", "time": "2025-05-01T00:00:00.000000000"}}, {"type": "Feature", "geometry": {"type": "Point", "coordinates": [-133.5625, -23.6875]}, "properties": {"type": "anticyclone", "ssh_m": 0.1587, "zeta_s-1": 5.9e-06, "hemisphere": "S", "time": "2025-05-01T00:00:00.000000000"}}, {"type": "Feature", "geometry": {"type": "Point", "coordinates": [-0.3125, -56.0625]}, "properties": {"type": "anticyclone", "ssh_m": 0.1584, "zeta_s-1": 1.04e-05, "hemisphere": "S", "time": "2025-05-01T00:00:00.000000000"}}, {"type": "Feature", "geometry": {"type": "Point", "coordinates": [-59.0625, -46.8125]}, "properties": {"type": "anticyclone", "ssh_m": 0.1584, "zeta_s-1": 6.2e-06, "hemisphere": "S", "time": "2025-05-01T00:00:00.000000000"}}, {"type": "Feature", "geometry": {"type": "Point", "coordinates": [-105.5625, -54.3125]}, "properties": {"type": "anticyclone", "ssh_m": 0.1583, "zeta_s-1": 5.7e-06, "hemisphere": "S", "time": "2025-05-01T00:00:00.000000000"}}, {"type": "Feature", "geometry": {"type": "Point", "coordinates": [-8.6875, -40.0625]}, "properties": {"type": "anticyclone", "ssh_m": 0.1583, "zeta_s-1": 1.09e-05, "hemisphere": "S", "time": "2025-05-01T00:00:00.000000000"}}, {"type": "Feature", "geometry": {"type": "Point", "coordinates": [-46.0625, 45.3125]}, "properties": {"type": "anticyclone", "ssh_m": 0.1583, "zeta_s-1": -1.98e-05, "hemisphere": "N", "time": "2025-05-01T00:00:00.000000000"}}, {"type": "Feature", "geometry": {"type": "Point", "coordinates": [-24.3125, 56.5625]}, "properties": {"type": "anticyclone", "ssh_m": 0.1582, "zeta_s-1": -1.84e-05, "hemisphere": "N", "time": "2025-05-01T00:00:00.000000000"}}, {"type": "Feature", "geometry": {"type": "Point", "coordinates": [102.5625, -40.1875]}, "properties": {"type": "anticyclone", "ssh_m": 0.1581, "zeta_s-1": 6.8e-06, "hemisphere": "S", "time": "2025-05-01T00:00:00.000000000"}}, {"type": "Feature", "geometry": {"type": "Point", "coordinates": [-23.8125, -53.8125]}, "properties": {"type": "anticyclone", "ssh_m": 0.158, "zeta_s-1": 8.8e-06, "hemisphere": "S", "time": "2025-05-01T00:00:00.000000000"}}, {"type": "Feature", "geometry": {"type": "Point", "coordinates": [-133.5625, 21.4375]}, "properties": {"type": "anticyclone", "ssh_m": 0.1579, "zeta_s-1": -7.6e-06, "hemisphere": "N", "time": "2025-05-01T00:00:00.000000000"}}, {"type": "Feature", "geometry": {"type": "Point", "coordinates": [-156.9375, 37.5625]}, "properties": {"type": "anticyclone", "ssh_m": 0.1579, "zeta_s-1": -7.4e-06, "hemisphere": "N", "time": "2025-05-01T00:00:00.000000000"}}, {"type": "Feature", "geometry": {"type": "Point", "coordinates": [-33.1875, -17.0625]}, "properties": {"type": "anticyclone", "ssh_m": 0.1578, "zeta_s-1": 2.5e-06, "hemisphere": "S", "time": "2025-05-01T00:00:00.000000000"}}, {"type": "Feature", "geometry": {"type": "Point", "coordinates": [130.6875, -43.9375]}, "properties": {"type": "anticyclone", "ssh_m": 0.1577, "zeta_s-1": 3.3e-06, "hemisphere": "S", "time": "2025-05-01T00:00:00.000000000"}}, {"type": "Feature", "geometry": {"type": "Point", "coordinates": [-20.1875, -55.5625]}, "properties": {"type": "anticyclone", "ssh_m": 0.1576, "zeta_s-1": 9.9e-06, "hemisphere": "S", "time": "2025-05-01T00:00:00.000000000"}}, {"type": "Feature", "geometry": {"type": "Point", "coordinates": [136.6875, -47.8125]}, "properties": {"type": "anticyclone", "ssh_m": 0.1576, "zeta_s-1": 8.4e-06, "hemisphere": "S", "time": "2025-05-01T00:00:00.000000000"}}, {"type": "Feature", "geometry": {"type": "Point", "coordinates": [-147.8125, -19.9375]}, "properties": {"type": "anticyclone", "ssh_m": 0.1576, "zeta_s-1": 8.2e-06, "hemisphere": "S", "time": "2025-05-01T00:00:00.000000000"}}, {"type": "Feature", "geometry": {"type": "Point", "coordinates": [-142.1875, 17.0625]}, "properties": {"type": "anticyclone", "ssh_m": 0.1575, "zeta_s-1": -3.7e-06, "hemisphere": "N", "time": "2025-05-01T00:00:00.000000000"}}, {"type": "Feature", "geometry": {"type": "Point", "coordinates": [-49.5625, 29.5625]}, "properties": {"type": "anticyclone", "ssh_m": 0.1575, "zeta_s-1": -1.19e-05, "hemisphere": "N", "time": "2025-05-01T00:00:00.000000000"}}, {"type": "Feature", "geometry": {"type": "Point", "coordinates": [-88.8125, -27.1875]}, "properties": {"type": "anticyclone", "ssh_m": 0.1573, "zeta_s-1": 3.3e-06, "hemisphere": "S", "time": "2025-05-01T00:00:00.000000000"}}, {"type": "Feature", "geometry": {"type": "Point", "coordinates": [-171.8125, 30.8125]}, "properties": {"type": "anticyclone", "ssh_m": 0.1573, "zeta_s-1": -1.37e-05, "hemisphere": "N", "time": "2025-05-01T00:00:00.000000000"}}, {"type": "Feature", "geometry": {"type": "Point", "coordinates": [174.0625, 53.5625]}, "properties": {"type": "anticyclone", "ssh_m": 0.1573, "zeta_s-1": -2.14e-05, "hemisphere": "N", "time": "2025-05-01T00:00:00.000000000"}}, {"type": "Feature", "geometry": {"type": "Point", "coordinates": [124.8125, -63.1875]}, "properties": {"type": "anticyclone", "ssh_m": 0.1572, "zeta_s-1": 1.67e-05, "hemisphere": "S", "time": "2025-05-01T00:00:00.000000000"}}, {"type": "Feature", "geometry": {"type": "Point", "coordinates": [-155.3125, -23.9375]}, "properties": {"type": "anticyclone", "ssh_m": 0.1572, "zeta_s-1": 5.8e-06, "hemisphere": "S", "time": "2025-05-01T00:00:00.000000000"}}, {"type": "Feature", "geometry": {"type": "Point", "coordinates": [-149.3125, -16.5625]}, "properties": {"type": "anticyclone", "ssh_m": 0.1571, "zeta_s-1": 5.4e-06, "hemisphere": "S", "time": "2025-05-01T00:00:00.000000000"}}, {"type": "Feature", "geometry": {"type": "Point", "coordinates": [-134.8125, 34.8125]}, "properties": {"type": "anticyclone", "ssh_m": 0.157, "zeta_s-1": -8.2e-06, "hemisphere": "N", "time": "2025-05-01T00:00:00.000000000"}}, {"type": "Feature", "geometry": {"type": "Point", "coordinates": [-85.1875, -67.3125]}, "properties": {"type": "anticyclone", "ssh_m": 0.1568, "zeta_s-1": 1.2e-05, "hemisphere": "S", "time": "2025-05-01T00:00:00.000000000"}}, {"type": "Feature", "geometry": {"type": "Point", "coordinates": [48.5625, -57.6875]}, "properties": {"type": "anticyclone", "ssh_m": 0.1568, "zeta_s-1": 5.7e-06, "hemisphere": "S", "time": "2025-05-01T00:00:00.000000000"}}, {"type": "Feature", "geometry": {"type": "Point", "coordinates": [176.4375, -17.9375]}, "properties": {"type": "anticyclone", "ssh_m": 0.1568, "zeta_s-1": 1.14e-05, "hemisphere": "S", "time": "2025-05-01T00:00:00.000000000"}}, {"type": "Feature", "geometry": {"type": "Point", "coordinates": [126.1875, -41.6875]}, "properties": {"type": "anticyclone", "ssh_m": 0.1567, "zeta_s-1": 6.2e-06, "hemisphere": "S", "time": "2025-05-01T00:00:00.000000000"}}, {"type": "Feature", "geometry": {"type": "Point", "coordinates": [-39.6875, 49.9375]}, "properties": {"type": "anticyclone", "ssh_m": 0.1567, "zeta_s-1": -1.16e-05, "hemisphere": "N", "time": "2025-05-01T00:00:00.000000000"}}, {"type": "Feature", "geometry": {"type": "Point", "coordinates": [-22.0625, 32.9375]}, "properties": {"type": "anticyclone", "ssh_m": 0.1566, "zeta_s-1": -8.9e-06, "hemisphere": "N", "time": "2025-05-01T00:00:00.000000000"}}, {"type": "Feature", "geometry": {"type": "Point", "coordinates": [-22.0625, 42.3125]}, "properties": {"type": "anticyclone", "ssh_m": 0.1566, "zeta_s-1": -3.9e-06, "hemisphere": "N", "time": "2025-05-01T00:00:00.000000000"}}, {"type": "Feature", "geometry": {"type": "Point", "coordinates": [-89.9375, -44.0625]}, "properties": {"type": "anticyclone", "ssh_m": 0.1565, "zeta_s-1": 8.4e-06, "hemisphere": "S", "time": "2025-05-01T00:00:00.000000000"}}, {"type": "Feature", "geometry": {"type": "Point", "coordinates": [-80.3125, -37.3125]}, "properties": {"type": "anticyclone", "ssh_m": 0.1565, "zeta_s-1": 3.6e-06, "hemisphere": "S", "time": "2025-05-01T00:00:00.000000000"}}, {"type": "Feature", "geometry": {"type": "Point", "coordinates": [-122.3125, 30.9375]}, "properties": {"type": "anticyclone", "ssh_m": 0.1564, "zeta_s-1": -6.4e-06, "hemisphere": "N", "time": "2025-05-01T00:00:00.000000000"}}, {"type": "Feature", "geometry": {"type": "Point", "coordinates": [-102.6875, -30.5625]}, "properties": {"type": "anticyclone", "ssh_m": 0.1563, "zeta_s-1": 6.8e-06, "hemisphere": "S", "time": "2025-05-01T00:00:00.000000000"}}, {"type": "Feature", "geometry": {"type": "Point", "coordinates": [-16.5625, -23.3125]}, "properties": {"type": "anticyclone", "ssh_m": 0.1562, "zeta_s-1": 3.2e-06, "hemisphere": "S", "time": "2025-05-01T00:00:00.000000000"}}, {"type": "Feature", "geometry": {"type": "Point", "coordinates": [-15.3125, -19.9375]}, "properties": {"type": "anticyclone", "ssh_m": 0.1561, "zeta_s-1": 3.5e-06, "hemisphere": "S", "time": "2025-05-01T00:00:00.000000000"}}, {"type": "Feature", "geometry": {"type": "Point", "coordinates": [-155.6875, -60.8125]}, "properties": {"type": "anticyclone", "ssh_m": 0.156, "zeta_s-1": 1e-05, "hemisphere": "S", "time": "2025-05-01T00:00:00.000000000"}}, {"type": "Feature", "geometry": {"type": "Point", "coordinates": [-8.1875, -5.8125]}, "properties": {"type": "anticyclone", "ssh_m": 0.156, "zeta_s-1": NaN, "hemisphere": "S", "time": "2025-05-01T00:00:00.000000000"}}, {"type": "Feature", "geometry": {"type": "Point", "coordinates": [-11.1875, -5.4375]}, "properties": {"type": "anticyclone", "ssh_m": 0.156, "zeta_s-1": NaN, "hemisphere": "S", "time": "2025-05-01T00:00:00.000000000"}}, {"type": "Feature", "geometry": {"type": "Point", "coordinates": [136.6875, -57.9375]}, "properties": {"type": "anticyclone", "ssh_m": 0.1559, "zeta_s-1": 8.2e-06, "hemisphere": "S", "time": "2025-05-01T00:00:00.000000000"}}, {"type": "Feature", "geometry": {"type": "Point", "coordinates": [-131.8125, 50.9375]}, "properties": {"type": "anticyclone", "ssh_m": 0.1559, "zeta_s-1": -1.36e-05, "hemisphere": "N", "time": "2025-05-01T00:00:00.000000000"}}, {"type": "Feature", "geometry": {"type": "Point", "coordinates": [-61.8125, -52.6875]}, "properties": {"type": "anticyclone", "ssh_m": 0.1558, "zeta_s-1": 4.8e-06, "hemisphere": "S", "time": "2025-05-01T00:00:00.000000000"}}, {"type": "Feature", "geometry": {"type": "Point", "coordinates": [-2.0625, -19.5625]}, "properties": {"type": "anticyclone", "ssh_m": 0.1558, "zeta_s-1": 2.7e-06, "hemisphere": "S", "time": "2025-05-01T00:00:00.000000000"}}, {"type": "Feature", "geometry": {"type": "Point", "coordinates": [-27.9375, 25.6875]}, "properties": {"type": "anticyclone", "ssh_m": 0.1557, "zeta_s-1": -1.36e-05, "hemisphere": "N", "time": "2025-05-01T00:00:00.000000000"}}, {"type": "Feature", "geometry": {"type": "Point", "coordinates": [-58.8125, -52.6875]}, "properties": {"type": "anticyclone", "ssh_m": 0.1556, "zeta_s-1": 5.2e-06, "hemisphere": "S", "time": "2025-05-01T00:00:00.000000000"}}, {"type": "Feature", "geometry": {"type": "Point", "coordinates": [-140.0625, 49.6875]}, "properties": {"type": "anticyclone", "ssh_m": 0.1555, "zeta_s-1": -5.2e-06, "hemisphere": "N", "time": "2025-05-01T00:00:00.000000000"}}, {"type": "Feature", "geometry": {"type": "Point", "coordinates": [161.0625, -59.3125]}, "properties": {"type": "anticyclone", "ssh_m": 0.1554, "zeta_s-1": 2.16e-05, "hemisphere": "S", "time": "2025-05-01T00:00:00.000000000"}}, {"type": "Feature", "geometry": {"type": "Point", "coordinates": [-107.0625, -32.4375]}, "properties": {"type": "anticyclone", "ssh_m": 0.1553, "zeta_s-1": 7.3e-06, "hemisphere": "S", "time": "2025-05-01T00:00:00.000000000"}}, {"type": "Feature", "geometry": {"type": "Point", "coordinates": [-40.6875, -32.1875]}, "properties": {"type": "anticyclone", "ssh_m": 0.1553, "zeta_s-1": 7.9e-06, "hemisphere": "S", "time": "2025-05-01T00:00:00.000000000"}}, {"type": "Feature", "geometry": {"type": "Point", "coordinates": [-85.3125, -20.9375]}, "properties": {"type": "anticyclone", "ssh_m": 0.1553, "zeta_s-1": 7.9e-06, "hemisphere": "S", "time": "2025-05-01T00:00:00.000000000"}}, {"type": "Feature", "geometry": {"type": "Point", "coordinates": [-115.0625, 25.6875]}, "properties": {"type": "anticyclone", "ssh_m": 0.1551, "zeta_s-1": -1.2e-05, "hemisphere": "N", "time": "2025-05-01T00:00:00.000000000"}}, {"type": "Feature", "geometry": {"type": "Point", "coordinates": [-162.3125, 50.3125]}, "properties": {"type": "anticyclone", "ssh_m": 0.155, "zeta_s-1": -8e-06, "hemisphere": "N", "time": "2025-05-01T00:00:00.000000000"}}, {"type": "Feature", "geometry": {"type": "Point", "coordinates": [8.3125, 44.1875]}, "properties": {"type": "anticyclone", "ssh_m": 0.1549, "zeta_s-1": NaN, "hemisphere": "N", "time": "2025-05-01T00:00:00.000000000"}}, {"type": "Feature", "geometry": {"type": "Point", "coordinates": [-139.5625, -18.1875]}, "properties": {"type": "anticyclone", "ssh_m": 0.1548, "zeta_s-1": 4.3e-06, "hemisphere": "S", "time": "2025-05-01T00:00:00.000000000"}}, {"type": "Feature", "geometry": {"type": "Point", "coordinates": [-169.3125, -17.1875]}, "properties": {"type": "anticyclone", "ssh_m": 0.1548, "zeta_s-1": 4e-06, "hemisphere": "S", "time": "2025-05-01T00:00:00.000000000"}}, {"type": "Feature", "geometry": {"type": "Point", "coordinates": [-23.3125, -6.3125]}, "properties": {"type": "anticyclone", "ssh_m": 0.1547, "zeta_s-1": NaN, "hemisphere": "S", "time": "2025-05-01T00:00:00.000000000"}}, {"type": "Feature", "geometry": {"type": "Point", "coordinates": [14.4375, 45.0625]}, "properties": {"type": "anticyclone", "ssh_m": 0.1547, "zeta_s-1": -9.4e-06, "hemisphere": "N", "time": "2025-05-01T00:00:00.000000000"}}, {"type": "Feature", "geometry": {"type": "Point", "coordinates": [-86.0625, -42.9375]}, "properties": {"type": "anticyclone", "ssh_m": 0.1545, "zeta_s-1": 7.1e-06, "hemisphere": "S", "time": "2025-05-01T00:00:00.000000000"}}, {"type": "Feature", "geometry": {"type": "Point", "coordinates": [-99.3125, -16.1875]}, "properties": {"type": "anticyclone", "ssh_m": 0.1544, "zeta_s-1": 5.4e-06, "hemisphere": "S", "time": "2025-05-01T00:00:00.000000000"}}, {"type": "Feature", "geometry": {"type": "Point", "coordinates": [-114.4375, 20.8125]}, "properties": {"type": "anticyclone", "ssh_m": 0.1544, "zeta_s-1": -1.18e-05, "hemisphere": "N", "time": "2025-05-01T00:00:00.000000000"}}, {"type": "Feature", "geometry": {"type": "Point", "coordinates": [131.6875, 40.0625]}, "properties": {"type": "anticyclone", "ssh_m": 0.1543, "zeta_s-1": -2.51e-05, "hemisphere": "N", "time": "2025-05-01T00:00:00.000000000"}}, {"type": "Feature", "geometry": {"type": "Point", "coordinates": [-11.9375, 47.3125]}, "properties": {"type": "anticyclone", "ssh_m": 0.1543, "zeta_s-1": -8e-06, "hemisphere": "N", "time": "2025-05-01T00:00:00.000000000"}}, {"type": "Feature", "geometry": {"type": "Point", "coordinates": [-97.1875, -67.3125]}, "properties": {"type": "anticyclone", "ssh_m": 0.1541, "zeta_s-1": 1.12e-05, "hemisphere": "S", "time": "2025-05-01T00:00:00.000000000"}}, {"type": "Feature", "geometry": {"type": "Point", "coordinates": [56.4375, -21.8125]}, "properties": {"type": "anticyclone", "ssh_m": 0.154, "zeta_s-1": 9.8e-06, "hemisphere": "S", "time": "2025-05-01T00:00:00.000000000"}}, {"type": "Feature", "geometry": {"type": "Point", "coordinates": [-101.8125, 17.9375]}, "properties": {"type": "anticyclone", "ssh_m": 0.154, "zeta_s-1": NaN, "hemisphere": "N", "time": "2025-05-01T00:00:00.000000000"}}, {"type": "Feature", "geometry": {"type": "Point", "coordinates": [-38.3125, 57.6875]}, "properties": {"type": "anticyclone", "ssh_m": 0.1539, "zeta_s-1": -2.27e-05, "hemisphere": "N", "time": "2025-05-01T00:00:00.000000000"}}, {"type": "Feature", "geometry": {"type": "Point", "coordinates": [-65.8125, 50.3125]}, "properties": {"type": "anticyclone", "ssh_m": 0.1538, "zeta_s-1": NaN, "hemisphere": "N", "time": "2025-05-01T00:00:00.000000000"}}, {"type": "Feature", "geometry": {"type": "Point", "coordinates": [-100.9375, -44.9375]}, "properties": {"type": "anticyclone", "ssh_m": 0.1537, "zeta_s-1": 5.6e-06, "hemisphere": "S", "time": "2025-05-01T00:00:00.000000000"}}, {"type": "Feature", "geometry": {"type": "Point", "coordinates": [-144.8125, 34.9375]}, "properties": {"type": "anticyclone", "ssh_m": 0.1536, "zeta_s-1": -4.3e-06, "hemisphere": "N", "time": "2025-05-01T00:00:00.000000000"}}, {"type": "Feature", "geometry": {"type": "Point", "coordinates": [12.9375, 74.6875]}, "properties": {"type": "anticyclone", "ssh_m": 0.1535, "zeta_s-1": -1.65e-05, "hemisphere": "N", "time": "2025-05-01T00:00:00.000000000"}}, {"type": "Feature", "geometry": {"type": "Point", "coordinates": [8.8125, -18.5625]}, "properties": {"type": "anticyclone", "ssh_m": 0.1533, "zeta_s-1": 7.7e-06, "hemisphere": "S", "time": "2025-05-01T00:00:00.000000000"}}, {"type": "Feature", "geometry": {"type": "Point", "coordinates": [-43.5625, 29.0625]}, "properties": {"type": "anticyclone", "ssh_m": 0.1533, "zeta_s-1": -6.1e-06, "hemisphere": "N", "time": "2025-05-01T00:00:00.000000000"}}, {"type": "Feature", "geometry": {"type": "Point", "coordinates": [-163.3125, -16.4375]}, "properties": {"type": "anticyclone", "ssh_m": 0.1532, "zeta_s-1": 6.2e-06, "hemisphere": "S", "time": "2025-05-01T00:00:00.000000000"}}, {"type": "Feature", "geometry": {"type": "Point", "coordinates": [32.5625, -68.1875]}, "properties": {"type": "anticyclone", "ssh_m": 0.1531, "zeta_s-1": 3.5e-06, "hemisphere": "S", "time": "2025-05-01T00:00:00.000000000"}}, {"type": "Feature", "geometry": {"type": "Point", "coordinates": [142.0625, -64.1875]}, "properties": {"type": "anticyclone", "ssh_m": 0.1531, "zeta_s-1": 1.75e-05, "hemisphere": "S", "time": "2025-05-01T00:00:00.000000000"}}, {"type": "Feature", "geometry": {"type": "Point", "coordinates": [121.4375, -41.1875]}, "properties": {"type": "anticyclone", "ssh_m": 0.1531, "zeta_s-1": 5e-06, "hemisphere": "S", "time": "2025-05-01T00:00:00.000000000"}}, {"type": "Feature", "geometry": {"type": "Point", "coordinates": [-86.8125, -25.3125]}, "properties": {"type": "anticyclone", "ssh_m": 0.1531, "zeta_s-1": 6.4e-06, "hemisphere": "S", "time": "2025-05-01T00:00:00.000000000"}}, {"type": "Feature", "geometry": {"type": "Point", "coordinates": [-165.8125, -10.5625]}, "properties": {"type": "anticyclone", "ssh_m": 0.1531, "zeta_s-1": 6.1e-06, "hemisphere": "S", "time": "2025-05-01T00:00:00.000000000"}}, {"type": "Feature", "geometry": {"type": "Point", "coordinates": [-15.1875, 47.5625]}, "properties": {"type": "anticyclone", "ssh_m": 0.153, "zeta_s-1": -7.5e-06, "hemisphere": "N", "time": "2025-05-01T00:00:00.000000000"}}, {"type": "Feature", "geometry": {"type": "Point", "coordinates": [-12.6875, 51.1875]}, "properties": {"type": "anticyclone", "ssh_m": 0.153, "zeta_s-1": -8.3e-06, "hemisphere": "N", "time": "2025-05-01T00:00:00.000000000"}}, {"type": "Feature", "geometry": {"type": "Point", "coordinates": [-57.3125, -50.1875]}, "properties": {"type": "anticyclone", "ssh_m": 0.1528, "zeta_s-1": 4.5e-06, "hemisphere": "S", "time": "2025-05-01T00:00:00.000000000"}}, {"type": "Feature", "geometry": {"type": "Point", "coordinates": [165.9375, -19.3125]}, "properties": {"type": "anticyclone", "ssh_m": 0.1528, "zeta_s-1": 1.13e-05, "hemisphere": "S", "time": "2025-05-01T00:00:00.000000000"}}, {"type": "Feature", "geometry": {"type": "Point", "coordinates": [-138.3125, 18.3125]}, "properties": {"type": "anticyclone", "ssh_m": 0.1528, "zeta_s-1": -6.4e-06, "hemisphere": "N", "time": "2025-05-01T00:00:00.000000000"}}, {"type": "Feature", "geometry": {"type": "Point", "coordinates": [-91.1875, -13.0625]}, "properties": {"type": "anticyclone", "ssh_m": 0.1526, "zeta_s-1": 6.7e-06, "hemisphere": "S", "time": "2025-05-01T00:00:00.000000000"}}, {"type": "Feature", "geometry": {"type": "Point", "coordinates": [-169.1875, -11.5625]}, "properties": {"type": "anticyclone", "ssh_m": 0.1525, "zeta_s-1": 2.8e-06, "hemisphere": "S", "time": "2025-05-01T00:00:00.000000000"}}, {"type": "Feature", "geometry": {"type": "Point", "coordinates": [160.5625, 40.9375]}, "properties": {"type": "anticyclone", "ssh_m": 0.1525, "zeta_s-1": -1.11e-05, "hemisphere": "N", "time": "2025-05-01T00:00:00.000000000"}}, {"type": "Feature", "geometry": {"type": "Point", "coordinates": [-78.3125, -56.1875]}, "properties": {"type": "anticyclone", "ssh_m": 0.1524, "zeta_s-1": 3.3e-06, "hemisphere": "S", "time": "2025-05-01T00:00:00.000000000"}}, {"type": "Feature", "geometry": {"type": "Point", "coordinates": [-82.8125, -12.6875]}, "properties": {"type": "anticyclone", "ssh_m": 0.1524, "zeta_s-1": 3.9e-06, "hemisphere": "S", "time": "2025-05-01T00:00:00.000000000"}}, {"type": "Feature", "geometry": {"type": "Point", "coordinates": [-96.9375, -21.1875]}, "properties": {"type": "anticyclone", "ssh_m": 0.1523, "zeta_s-1": 3.4e-06, "hemisphere": "S", "time": "2025-05-01T00:00:00.000000000"}}, {"type": "Feature", "geometry": {"type": "Point", "coordinates": [-107.4375, -66.1875]}, "properties": {"type": "anticyclone", "ssh_m": 0.1518, "zeta_s-1": 1.16e-05, "hemisphere": "S", "time": "2025-05-01T00:00:00.000000000"}}, {"type": "Feature", "geometry": {"type": "Point", "coordinates": [-59.9375, -49.5625]}, "properties": {"type": "anticyclone", "ssh_m": 0.1518, "zeta_s-1": 2.1e-06, "hemisphere": "S", "time": "2025-05-01T00:00:00.000000000"}}, {"type": "Feature", "geometry": {"type": "Point", "coordinates": [-149.3125, 49.4375]}, "properties": {"type": "anticyclone", "ssh_m": 0.1518, "zeta_s-1": -2.4e-06, "hemisphere": "N", "time": "2025-05-01T00:00:00.000000000"}}, {"type": "Feature", "geometry": {"type": "Point", "coordinates": [115.8125, 13.1875]}, "properties": {"type": "anticyclone", "ssh_m": 0.1517, "zeta_s-1": -7.2e-06, "hemisphere": "N", "time": "2025-05-01T00:00:00.000000000"}}, {"type": "Feature", "geometry": {"type": "Point", "coordinates": [-72.6875, -18.4375]}, "properties": {"type": "anticyclone", "ssh_m": 0.1514, "zeta_s-1": 5.5e-06, "hemisphere": "S", "time": "2025-05-01T00:00:00.000000000"}}, {"type": "Feature", "geometry": {"type": "Point", "coordinates": [-9.0625, 3.9375]}, "properties": {"type": "anticyclone", "ssh_m": 0.1514, "zeta_s-1": NaN, "hemisphere": "N", "time": "2025-05-01T00:00:00.000000000"}}, {"type": "Feature", "geometry": {"type": "Point", "coordinates": [-123.5625, 34.1875]}, "properties": {"type": "anticyclone", "ssh_m": 0.1513, "zeta_s-1": -1.33e-05, "hemisphere": "N", "time": "2025-05-01T00:00:00.000000000"}}, {"type": "Feature", "geometry": {"type": "Point", "coordinates": [-88.0625, -45.4375]}, "properties": {"type": "anticyclone", "ssh_m": 0.1512, "zeta_s-1": 8.3e-06, "hemisphere": "S", "time": "2025-05-01T00:00:00.000000000"}}, {"type": "Feature", "geometry": {"type": "Point", "coordinates": [-30.8125, -51.9375]}, "properties": {"type": "anticyclone", "ssh_m": 0.1511, "zeta_s-1": 1.43e-05, "hemisphere": "S", "time": "2025-05-01T00:00:00.000000000"}}, {"type": "Feature", "geometry": {"type": "Point", "coordinates": [-9.1875, 45.5625]}, "properties": {"type": "anticyclone", "ssh_m": 0.1511, "zeta_s-1": -5.8e-06, "hemisphere": "N", "time": "2025-05-01T00:00:00.000000000"}}, {"type": "Feature", "geometry": {"type": "Point", "coordinates": [169.8125, 29.9375]}, "properties": {"type": "anticyclone", "ssh_m": 0.1506, "zeta_s-1": -1.16e-05, "hemisphere": "N", "time": "2025-05-01T00:00:00.000000000"}}, {"type": "Feature", "geometry": {"type": "Point", "coordinates": [156.6875, 59.8125]}, "properties": {"type": "anticyclone", "ssh_m": 0.1506, "zeta_s-1": -7.3e-06, "hemisphere": "N", "time": "2025-05-01T00:00:00.000000000"}}, {"type": "Feature", "geometry": {"type": "Point", "coordinates": [47.4375, 68.4375]}, "properties": {"type": "anticyclone", "ssh_m": 0.1506, "zeta_s-1": -6.1e-06, "hemisphere": "N", "time": "2025-05-01T00:00:00.000000000"}}, {"type": "Feature", "geometry": {"type": "Point", "coordinates": [-161.4375, -16.4375]}, "properties": {"type": "anticyclone", "ssh_m": 0.1505, "zeta_s-1": 2.3e-06, "hemisphere": "S", "time": "2025-05-01T00:00:00.000000000"}}, {"type": "Feature", "geometry": {"type": "Point", "coordinates": [127.1875, -39.6875]}, "properties": {"type": "anticyclone", "ssh_m": 0.1504, "zeta_s-1": 9.1e-06, "hemisphere": "S", "time": "2025-05-01T00:00:00.000000000"}}, {"type": "Feature", "geometry": {"type": "Point", "coordinates": [-78.9375, -52.8125]}, "properties": {"type": "anticyclone", "ssh_m": 0.1503, "zeta_s-1": 9.8e-06, "hemisphere": "S", "time": "2025-05-01T00:00:00.000000000"}}, {"type": "Feature", "geometry": {"type": "Point", "coordinates": [-13.1875, 34.1875]}, "properties": {"type": "anticyclone", "ssh_m": 0.1503, "zeta_s-1": -3.7e-06, "hemisphere": "N", "time": "2025-05-01T00:00:00.000000000"}}, {"type": "Feature", "geometry": {"type": "Point", "coordinates": [130.9375, -39.8125]}, "properties": {"type": "anticyclone", "ssh_m": 0.1501, "zeta_s-1": 3.7e-06, "hemisphere": "S", "time": "2025-05-01T00:00:00.000000000"}}, {"type": "Feature", "geometry": {"type": "Point", "coordinates": [-85.0625, -65.5625]}, "properties": {"type": "anticyclone", "ssh_m": 0.1499, "zeta_s-1": 1.14e-05, "hemisphere": "S", "time": "2025-05-01T00:00:00.000000000"}}, {"type": "Feature", "geometry": {"type": "Point", "coordinates": [-92.1875, -54.4375]}, "properties": {"type": "anticyclone", "ssh_m": 0.1497, "zeta_s-1": 8.8e-06, "hemisphere": "S", "time": "2025-05-01T00:00:00.000000000"}}, {"type": "Feature", "geometry": {"type": "Point", "coordinates": [-39.5625, 7.6875]}, "properties": {"type": "anticyclone", "ssh_m": 0.1496, "zeta_s-1": NaN, "hemisphere": "N", "time": "2025-05-01T00:00:00.000000000"}}, {"type": "Feature", "geometry": {"type": "Point", "coordinates": [91.8125, 21.1875]}, "properties": {"type": "anticyclone", "ssh_m": 0.1496, "zeta_s-1": -1.56e-05, "hemisphere": "N", "time": "2025-05-01T00:00:00.000000000"}}, {"type": "Feature", "geometry": {"type": "Point", "coordinates": [127.4375, 28.6875]}, "properties": {"type": "anticyclone", "ssh_m": 0.1496, "zeta_s-1": -2.63e-05, "hemisphere": "N", "time": "2025-05-01T00:00:00.000000000"}}, {"type": "Feature", "geometry": {"type": "Point", "coordinates": [-138.3125, -15.9375]}, "properties": {"type": "anticyclone", "ssh_m": 0.1495, "zeta_s-1": 2.8e-06, "hemisphere": "S", "time": "2025-05-01T00:00:00.000000000"}}, {"type": "Feature", "geometry": {"type": "Point", "coordinates": [11.8125, -25.6875]}, "properties": {"type": "anticyclone", "ssh_m": 0.1493, "zeta_s-1": 7.7e-06, "hemisphere": "S", "time": "2025-05-01T00:00:00.000000000"}}, {"type": "Feature", "geometry": {"type": "Point", "coordinates": [-12.1875, -16.1875]}, "properties": {"type": "anticyclone", "ssh_m": 0.1493, "zeta_s-1": 2.2e-06, "hemisphere": "S", "time": "2025-05-01T00:00:00.000000000"}}, {"type": "Feature", "geometry": {"type": "Point", "coordinates": [-15.1875, -12.1875]}, "properties": {"type": "anticyclone", "ssh_m": 0.1493, "zeta_s-1": 6.1e-06, "hemisphere": "S", "time": "2025-05-01T00:00:00.000000000"}}, {"type": "Feature", "geometry": {"type": "Point", "coordinates": [-139.8125, 28.8125]}, "properties": {"type": "anticyclone", "ssh_m": 0.1493, "zeta_s-1": -6.9e-06, "hemisphere": "N", "time": "2025-05-01T00:00:00.000000000"}}, {"type": "Feature", "geometry": {"type": "Point", "coordinates": [-25.0625, 51.1875]}, "properties": {"type": "anticyclone", "ssh_m": 0.1492, "zeta_s-1": -1.39e-05, "hemisphere": "N", "time": "2025-05-01T00:00:00.000000000"}}, {"type": "Feature", "geometry": {"type": "Point", "coordinates": [-147.6875, 27.9375]}, "properties": {"type": "anticyclone", "ssh_m": 0.1489, "zeta_s-1": -7.5e-06, "hemisphere": "N", "time": "2025-05-01T00:00:00.000000000"}}, {"type": "Feature", "geometry": {"type": "Point", "coordinates": [-24.9375, 53.3125]}, "properties": {"type": "anticyclone", "ssh_m": 0.1489, "zeta_s-1": -6.8e-06, "hemisphere": "N", "time": "2025-05-01T00:00:00.000000000"}}, {"type": "Feature", "geometry": {"type": "Point", "coordinates": [-130.5625, 33.1875]}, "properties": {"type": "anticyclone", "ssh_m": 0.1488, "zeta_s-1": -5.8e-06, "hemisphere": "N", "time": "2025-05-01T00:00:00.000000000"}}, {"type": "Feature", "geometry": {"type": "Point", "coordinates": [-2.1875, -58.6875]}, "properties": {"type": "anticyclone", "ssh_m": 0.1487, "zeta_s-1": 1.59e-05, "hemisphere": "S", "time": "2025-05-01T00:00:00.000000000"}}, {"type": "Feature", "geometry": {"type": "Point", "coordinates": [15.4375, -54.8125]}, "properties": {"type": "anticyclone", "ssh_m": 0.1486, "zeta_s-1": 1.15e-05, "hemisphere": "S", "time": "2025-05-01T00:00:00.000000000"}}, {"type": "Feature", "geometry": {"type": "Point", "coordinates": [-150.3125, 13.0625]}, "properties": {"type": "anticyclone", "ssh_m": 0.1486, "zeta_s-1": -1.7e-06, "hemisphere": "N", "time": "2025-05-01T00:00:00.000000000"}}, {"type": "Feature", "geometry": {"type": "Point", "coordinates": [-24.1875, 60.6875]}, "properties": {"type": "anticyclone", "ssh_m": 0.1486, "zeta_s-1": -1.78e-05, "hemisphere": "N", "time": "2025-05-01T00:00:00.000000000"}}, {"type": "Feature", "geometry": {"type": "Point", "coordinates": [-30.5625, -56.5625]}, "properties": {"type": "anticyclone", "ssh_m": 0.1485, "zeta_s-1": 7.7e-06, "hemisphere": "S", "time": "2025-05-01T00:00:00.000000000"}}, {"type": "Feature", "geometry": {"type": "Point", "coordinates": [-109.5625, -54.9375]}, "properties": {"type": "anticyclone", "ssh_m": 0.1485, "zeta_s-1": 4.7e-06, "hemisphere": "S", "time": "2025-05-01T00:00:00.000000000"}}, {"type": "Feature", "geometry": {"type": "Point", "coordinates": [45.1875, -46.5625]}, "properties": {"type": "anticyclone", "ssh_m": 0.1483, "zeta_s-1": 1.1e-05, "hemisphere": "S", "time": "2025-05-01T00:00:00.000000000"}}, {"type": "Feature", "geometry": {"type": "Point", "coordinates": [-78.5625, -43.8125]}, "properties": {"type": "anticyclone", "ssh_m": 0.1482, "zeta_s-1": 4.2e-06, "hemisphere": "S", "time": "2025-05-01T00:00:00.000000000"}}, {"type": "Feature", "geometry": {"type": "Point", "coordinates": [-89.4375, 24.1875]}, "properties": {"type": "anticyclone", "ssh_m": 0.1481, "zeta_s-1": -1.78e-05, "hemisphere": "N", "time": "2025-05-01T00:00:00.000000000"}}, {"type": "Feature", "geometry": {"type": "Point", "coordinates": [-14.5625, 61.4375]}, "properties": {"type": "anticyclone", "ssh_m": 0.1481, "zeta_s-1": -1.47e-05, "hemisphere": "N", "time": "2025-05-01T00:00:00.000000000"}}, {"type": "Feature", "geometry": {"type": "Point", "coordinates": [-2.8125, -56.5625]}, "properties": {"type": "anticyclone", "ssh_m": 0.148, "zeta_s-1": 8.9e-06, "hemisphere": "S", "time": "2025-05-01T00:00:00.000000000"}}, {"type": "Feature", "geometry": {"type": "Point", "coordinates": [-11.9375, -12.0625]}, "properties": {"type": "anticyclone", "ssh_m": 0.1479, "zeta_s-1": 1.3e-06, "hemisphere": "S", "time": "2025-05-01T00:00:00.000000000"}}, {"type": "Feature", "geometry": {"type": "Point", "coordinates": [-151.5625, 52.5625]}, "properties": {"type": "anticyclone", "ssh_m": 0.1479, "zeta_s-1": -5.8e-06, "hemisphere": "N", "time": "2025-05-01T00:00:00.000000000"}}, {"type": "Feature", "geometry": {"type": "Point", "coordinates": [-142.3125, 28.3125]}, "properties": {"type": "anticyclone", "ssh_m": 0.1478, "zeta_s-1": -4.9e-06, "hemisphere": "N", "time": "2025-05-01T00:00:00.000000000"}}, {"type": "Feature", "geometry": {"type": "Point", "coordinates": [99.0625, 7.0625]}, "properties": {"type": "anticyclone", "ssh_m": 0.1477, "zeta_s-1": NaN, "hemisphere": "N", "time": "2025-05-01T00:00:00.000000000"}}, {"type": "Feature", "geometry": {"type": "Point", "coordinates": [-9.0625, -14.1875]}, "properties": {"type": "anticyclone", "ssh_m": 0.1476, "zeta_s-1": 5.2e-06, "hemisphere": "S", "time": "2025-05-01T00:00:00.000000000"}}, {"type": "Feature", "geometry": {"type": "Point", "coordinates": [-130.6875, 20.1875]}, "properties": {"type": "anticyclone", "ssh_m": 0.1476, "zeta_s-1": -7.9e-06, "hemisphere": "N", "time": "2025-05-01T00:00:00.000000000"}}, {"type": "Feature", "geometry": {"type": "Point", "coordinates": [54.0625, -60.4375]}, "properties": {"type": "anticyclone", "ssh_m": 0.1475, "zeta_s-1": 7e-06, "hemisphere": "S", "time": "2025-05-01T00:00:00.000000000"}}, {"type": "Feature", "geometry": {"type": "Point", "coordinates": [-32.1875, -58.6875]}, "properties": {"type": "anticyclone", "ssh_m": 0.1475, "zeta_s-1": 1.14e-05, "hemisphere": "S", "time": "2025-05-01T00:00:00.000000000"}}, {"type": "Feature", "geometry": {"type": "Point", "coordinates": [-11.6875, 38.0625]}, "properties": {"type": "anticyclone", "ssh_m": 0.1475, "zeta_s-1": -6.6e-06, "hemisphere": "N", "time": "2025-05-01T00:00:00.000000000"}}, {"type": "Feature", "geometry": {"type": "Point", "coordinates": [-82.6875, -36.6875]}, "properties": {"type": "anticyclone", "ssh_m": 0.1474, "zeta_s-1": 8.1e-06, "hemisphere": "S", "time": "2025-05-01T00:00:00.000000000"}}, {"type": "Feature", "geometry": {"type": "Point", "coordinates": [-9.9375, -10.8125]}, "properties": {"type": "anticyclone", "ssh_m": 0.1472, "zeta_s-1": 4.5e-06, "hemisphere": "S", "time": "2025-05-01T00:00:00.000000000"}}, {"type": "Feature", "geometry": {"type": "Point", "coordinates": [-11.6875, 43.6875]}, "properties": {"type": "anticyclone", "ssh_m": 0.1472, "zeta_s-1": -7.4e-06, "hemisphere": "N", "time": "2025-05-01T00:00:00.000000000"}}, {"type": "Feature", "geometry": {"type": "Point", "coordinates": [-55.4375, 59.5625]}, "properties": {"type": "anticyclone", "ssh_m": 0.1472, "zeta_s-1": -2.13e-05, "hemisphere": "N", "time": "2025-05-01T00:00:00.000000000"}}, {"type": "Feature", "geometry": {"type": "Point", "coordinates": [68.4375, -48.4375]}, "properties": {"type": "anticyclone", "ssh_m": 0.1471, "zeta_s-1": 5.1e-06, "hemisphere": "S", "time": "2025-05-01T00:00:00.000000000"}}, {"type": "Feature", "geometry": {"type": "Point", "coordinates": [-72.3125, -16.8125]}, "properties": {"type": "anticyclone", "ssh_m": 0.1471, "zeta_s-1": NaN, "hemisphere": "S", "time": "2025-05-01T00:00:00.000000000"}}, {"type": "Feature", "geometry": {"type": "Point", "coordinates": [164.0625, 55.9375]}, "properties": {"type": "anticyclone", "ssh_m": 0.1471, "zeta_s-1": -1.45e-05, "hemisphere": "N", "time": "2025-05-01T00:00:00.000000000"}}, {"type": "Feature", "geometry": {"type": "Point", "coordinates": [137.1875, -63.5625]}, "properties": {"type": "anticyclone", "ssh_m": 0.147, "zeta_s-1": 2.44e-05, "hemisphere": "S", "time": "2025-05-01T00:00:00.000000000"}}, {"type": "Feature", "geometry": {"type": "Point", "coordinates": [-102.1875, -8.5625]}, "properties": {"type": "anticyclone", "ssh_m": 0.147, "zeta_s-1": 1.9e-06, "hemisphere": "S", "time": "2025-05-01T00:00:00.000000000"}}, {"type": "Feature", "geometry": {"type": "Point", "coordinates": [-25.9375, 49.1875]}, "properties": {"type": "anticyclone", "ssh_m": 0.147, "zeta_s-1": -4.1e-06, "hemisphere": "N", "time": "2025-05-01T00:00:00.000000000"}}, {"type": "Feature", "geometry": {"type": "Point", "coordinates": [-123.4375, 19.8125]}, "properties": {"type": "anticyclone", "ssh_m": 0.1469, "zeta_s-1": -6.6e-06, "hemisphere": "N", "time": "2025-05-01T00:00:00.000000000"}}, {"type": "Feature", "geometry": {"type": "Point", "coordinates": [157.6875, -13.3125]}, "properties": {"type": "anticyclone", "ssh_m": 0.1467, "zeta_s-1": 6.4e-06, "hemisphere": "S", "time": "2025-05-01T00:00:00.000000000"}}, {"type": "Feature", "geometry": {"type": "Point", "coordinates": [156.6875, -20.4375]}, "properties": {"type": "anticyclone", "ssh_m": 0.1466, "zeta_s-1": 8.9e-06, "hemisphere": "S", "time": "2025-05-01T00:00:00.000000000"}}, {"type": "Feature", "geometry": {"type": "Point", "coordinates": [28.9375, 33.0625]}, "properties": {"type": "anticyclone", "ssh_m": 0.1466, "zeta_s-1": -1.32e-05, "hemisphere": "N", "time": "2025-05-01T00:00:00.000000000"}}, {"type": "Feature", "geometry": {"type": "Point", "coordinates": [-127.5625, 37.3125]}, "properties": {"type": "anticyclone", "ssh_m": 0.1466, "zeta_s-1": -6.1e-06, "hemisphere": "N", "time": "2025-05-01T00:00:00.000000000"}}, {"type": "Feature", "geometry": {"type": "Point", "coordinates": [-150.9375, -58.4375]}, "properties": {"type": "anticyclone", "ssh_m": 0.1464, "zeta_s-1": 6.5e-06, "hemisphere": "S", "time": "2025-05-01T00:00:00.000000000"}}, {"type": "Feature", "geometry": {"type": "Point", "coordinates": [122.0625, -43.3125]}, "properties": {"type": "anticyclone", "ssh_m": 0.1464, "zeta_s-1": 8.5e-06, "hemisphere": "S", "time": "2025-05-01T00:00:00.000000000"}}, {"type": "Feature", "geometry": {"type": "Point", "coordinates": [115.4375, -39.9375]}, "properties": {"type": "anticyclone", "ssh_m": 0.1463, "zeta_s-1": 6e-06, "hemisphere": "S", "time": "2025-05-01T00:00:00.000000000"}}, {"type": "Feature", "geometry": {"type": "Point", "coordinates": [108.6875, 21.6875]}, "properties": {"type": "anticyclone", "ssh_m": 0.1463, "zeta_s-1": NaN, "hemisphere": "N", "time": "2025-05-01T00:00:00.000000000"}}, {"type": "Feature", "geometry": {"type": "Point", "coordinates": [-33.5625, -9.9375]}, "properties": {"type": "anticyclone", "ssh_m": 0.1462, "zeta_s-1": 4.8e-06, "hemisphere": "S", "time": "2025-05-01T00:00:00.000000000"}}, {"type": "Feature", "geometry": {"type": "Point", "coordinates": [-88.5625, -66.8125]}, "properties": {"type": "anticyclone", "ssh_m": 0.1461, "zeta_s-1": 9e-06, "hemisphere": "S", "time": "2025-05-01T00:00:00.000000000"}}, {"type": "Feature", "geometry": {"type": "Point", "coordinates": [-80.0625, 0.4375]}, "properties": {"type": "anticyclone", "ssh_m": 0.1461, "zeta_s-1": NaN, "hemisphere": "N", "time": "2025-05-01T00:00:00.000000000"}}, {"type": "Feature", "geometry": {"type": "Point", "coordinates": [135.4375, -56.3125]}, "properties": {"type": "anticyclone", "ssh_m": 0.1459, "zeta_s-1": 1.24e-05, "hemisphere": "S", "time": "2025-05-01T00:00:00.000000000"}}, {"type": "Feature", "geometry": {"type": "Point", "coordinates": [-37.6875, -13.1875]}, "properties": {"type": "anticyclone", "ssh_m": 0.1459, "zeta_s-1": 5.9e-06, "hemisphere": "S", "time": "2025-05-01T00:00:00.000000000"}}, {"type": "Feature", "geometry": {"type": "Point", "coordinates": [-156.4375, 28.1875]}, "properties": {"type": "anticyclone", "ssh_m": 0.1459, "zeta_s-1": -1.08e-05, "hemisphere": "N", "time": "2025-05-01T00:00:00.000000000"}}, {"type": "Feature", "geometry": {"type": "Point", "coordinates": [111.3125, -53.0625]}, "properties": {"type": "anticyclone", "ssh_m": 0.1456, "zeta_s-1": 6.1e-06, "hemisphere": "S", "time": "2025-05-01T00:00:00.000000000"}}, {"type": "Feature", "geometry": {"type": "Point", "coordinates": [-55.9375, 51.3125]}, "properties": {"type": "anticyclone", "ssh_m": 0.1456, "zeta_s-1": NaN, "hemisphere": "N", "time": "2025-05-01T00:00:00.000000000"}}, {"type": "Feature", "geometry": {"type": "Point", "coordinates": [-151.4375, 47.1875]}, "properties": {"type": "anticyclone", "ssh_m": 0.1455, "zeta_s-1": -2.3e-06, "hemisphere": "N", "time": "2025-05-01T00:00:00.000000000"}}, {"type": "Feature", "geometry": {"type": "Point", "coordinates": [-12.5625, 61.3125]}, "properties": {"type": "anticyclone", "ssh_m": 0.1453, "zeta_s-1": -2.05e-05, "hemisphere": "N", "time": "2025-05-01T00:00:00.000000000"}}, {"type": "Feature", "geometry": {"type": "Point", "coordinates": [-29.0625, -10.9375]}, "properties": {"type": "anticyclone", "ssh_m": 0.1452, "zeta_s-1": 6.8e-06, "hemisphere": "S", "time": "2025-05-01T00:00:00.000000000"}}, {"type": "Feature", "geometry": {"type": "Point", "coordinates": [0.5625, -50.9375]}, "properties": {"type": "anticyclone", "ssh_m": 0.145, "zeta_s-1": 9.5e-06, "hemisphere": "S", "time": "2025-05-01T00:00:00.000000000"}}, {"type": "Feature", "geometry": {"type": "Point", "coordinates": [-12.6875, 31.9375]}, "properties": {"type": "anticyclone", "ssh_m": 0.145, "zeta_s-1": -7.2e-06, "hemisphere": "N", "time": "2025-05-01T00:00:00.000000000"}}, {"type": "Feature", "geometry": {"type": "Point", "coordinates": [79.5625, -16.9375]}, "properties": {"type": "anticyclone", "ssh_m": 0.1449, "zeta_s-1": 5.1e-06, "hemisphere": "S", "time": "2025-05-01T00:00:00.000000000"}}, {"type": "Feature", "geometry": {"type": "Point", "coordinates": [-133.0625, 38.3125]}, "properties": {"type": "anticyclone", "ssh_m": 0.1449, "zeta_s-1": -1.12e-05, "hemisphere": "N", "time": "2025-05-01T00:00:00.000000000"}}, {"type": "Feature", "geometry": {"type": "Point", "coordinates": [-5.3125, -14.6875]}, "properties": {"type": "anticyclone", "ssh_m": 0.1447, "zeta_s-1": 3.3e-06, "hemisphere": "S", "time": "2025-05-01T00:00:00.000000000"}}, {"type": "Feature", "geometry": {"type": "Point", "coordinates": [116.8125, -40.5625]}, "properties": {"type": "anticyclone", "ssh_m": 0.1445, "zeta_s-1": 6.1e-06, "hemisphere": "S", "time": "2025-05-01T00:00:00.000000000"}}, {"type": "Feature", "geometry": {"type": "Point", "coordinates": [-6.6875, 45.4375]}, "properties": {"type": "anticyclone", "ssh_m": 0.1445, "zeta_s-1": -8e-06, "hemisphere": "N", "time": "2025-05-01T00:00:00.000000000"}}, {"type": "Feature", "geometry": {"type": "Point", "coordinates": [83.4375, -27.8125]}, "properties": {"type": "anticyclone", "ssh_m": 0.1443, "zeta_s-1": 1.29e-05, "hemisphere": "S", "time": "2025-05-01T00:00:00.000000000"}}, {"type": "Feature", "geometry": {"type": "Point", "coordinates": [-10.8125, 33.1875]}, "properties": {"type": "anticyclone", "ssh_m": 0.1443, "zeta_s-1": -8.1e-06, "hemisphere": "N", "time": "2025-05-01T00:00:00.000000000"}}, {"type": "Feature", "geometry": {"type": "Point", "coordinates": [135.8125, 38.6875]}, "properties": {"type": "anticyclone", "ssh_m": 0.1443, "zeta_s-1": -2.6e-05, "hemisphere": "N", "time": "2025-05-01T00:00:00.000000000"}}, {"type": "Feature", "geometry": {"type": "Point", "coordinates": [18.0625, 35.6875]}, "properties": {"type": "anticyclone", "ssh_m": 0.1442, "zeta_s-1": -1.74e-05, "hemisphere": "N", "time": "2025-05-01T00:00:00.000000000"}}, {"type": "Feature", "geometry": {"type": "Point", "coordinates": [-33.4375, -50.5625]}, "properties": {"type": "anticyclone", "ssh_m": 0.1441, "zeta_s-1": 1.13e-05, "hemisphere": "S", "time": "2025-05-01T00:00:00.000000000"}}, {"type": "Feature", "geometry": {"type": "Point", "coordinates": [5.1875, -8.6875]}, "properties": {"type": "anticyclone", "ssh_m": 0.1441, "zeta_s-1": 2.4e-06, "hemisphere": "S", "time": "2025-05-01T00:00:00.000000000"}}, {"type": "Feature", "geometry": {"type": "Point", "coordinates": [-30.4375, 61.5625]}, "properties": {"type": "anticyclone", "ssh_m": 0.1441, "zeta_s-1": -1.99e-05, "hemisphere": "N", "time": "2025-05-01T00:00:00.000000000"}}, {"type": "Feature", "geometry": {"type": "Point", "coordinates": [130.1875, 29.5625]}, "properties": {"type": "anticyclone", "ssh_m": 0.144, "zeta_s-1": -1e-05, "hemisphere": "N", "time": "2025-05-01T00:00:00.000000000"}}, {"type": "Feature", "geometry": {"type": "Point", "coordinates": [76.3125, -16.5625]}, "properties": {"type": "anticyclone", "ssh_m": 0.1439, "zeta_s-1": 2.4e-06, "hemisphere": "S", "time": "2025-05-01T00:00:00.000000000"}}, {"type": "Feature", "geometry": {"type": "Point", "coordinates": [-13.3125, -51.1875]}, "properties": {"type": "anticyclone", "ssh_m": 0.1437, "zeta_s-1": 9.4e-06, "hemisphere": "S", "time": "2025-05-01T00:00:00.000000000"}}, {"type": "Feature", "geometry": {"type": "Point", "coordinates": [102.1875, -58.4375]}, "properties": {"type": "anticyclone", "ssh_m": 0.1436, "zeta_s-1": 1.12e-05, "hemisphere": "S", "time": "2025-05-01T00:00:00.000000000"}}, {"type": "Feature", "geometry": {"type": "Point", "coordinates": [-146.3125, 25.3125]}, "properties": {"type": "anticyclone", "ssh_m": 0.1434, "zeta_s-1": -8.4e-06, "hemisphere": "N", "time": "2025-05-01T00:00:00.000000000"}}, {"type": "Feature", "geometry": {"type": "Point", "coordinates": [-173.8125, -20.1875]}, "properties": {"type": "anticyclone", "ssh_m": 0.1433, "zeta_s-1": 5.9e-06, "hemisphere": "S", "time": "2025-05-01T00:00:00.000000000"}}, {"type": "Feature", "geometry": {"type": "Point", "coordinates": [-94.5625, 20.0625]}, "properties": {"type": "anticyclone", "ssh_m": 0.1432, "zeta_s-1": -9.6e-06, "hemisphere": "N", "time": "2025-05-01T00:00:00.000000000"}}, {"type": "Feature", "geometry": {"type": "Point", "coordinates": [-62.6875, -61.6875]}, "properties": {"type": "anticyclone", "ssh_m": 0.1431, "zeta_s-1": 9e-06, "hemisphere": "S", "time": "2025-05-01T00:00:00.000000000"}}, {"type": "Feature", "geometry": {"type": "Point", "coordinates": [78.5625, -54.8125]}, "properties": {"type": "anticyclone", "ssh_m": 0.1431, "zeta_s-1": 9.2e-06, "hemisphere": "S", "time": "2025-05-01T00:00:00.000000000"}}, {"type": "Feature", "geometry": {"type": "Point", "coordinates": [-74.3125, -15.8125]}, "properties": {"type": "anticyclone", "ssh_m": 0.1431, "zeta_s-1": NaN, "hemisphere": "S", "time": "2025-05-01T00:00:00.000000000"}}, {"type": "Feature", "geometry": {"type": "Point", "coordinates": [56.1875, -14.6875]}, "properties": {"type": "anticyclone", "ssh_m": 0.1431, "zeta_s-1": 5.9e-06, "hemisphere": "S", "time": "2025-05-01T00:00:00.000000000"}}, {"type": "Feature", "geometry": {"type": "Point", "coordinates": [-51.6875, 32.8125]}, "properties": {"type": "anticyclone", "ssh_m": 0.1431, "zeta_s-1": -1.02e-05, "hemisphere": "N", "time": "2025-05-01T00:00:00.000000000"}}, {"type": "Feature", "geometry": {"type": "Point", "coordinates": [-17.8125, 41.9375]}, "properties": {"type": "anticyclone", "ssh_m": 0.1431, "zeta_s-1": -1e-05, "hemisphere": "N", "time": "2025-05-01T00:00:00.000000000"}}, {"type": "Feature", "geometry": {"type": "Point", "coordinates": [-22.1875, -41.6875]}, "properties": {"type": "anticyclone", "ssh_m": 0.1429, "zeta_s-1": 7.3e-06, "hemisphere": "S", "time": "2025-05-01T00:00:00.000000000"}}, {"type": "Feature", "geometry": {"type": "Point", "coordinates": [-30.9375, -53.5625]}, "properties": {"type": "anticyclone", "ssh_m": 0.1425, "zeta_s-1": 9.9e-06, "hemisphere": "S", "time": "2025-05-01T00:00:00.000000000"}}, {"type": "Feature", "geometry": {"type": "Point", "coordinates": [-21.4375, 61.0625]}, "properties": {"type": "anticyclone", "ssh_m": 0.1425, "zeta_s-1": -1.42e-05, "hemisphere": "N", "time": "2025-05-01T00:00:00.000000000"}}, {"type": "Feature", "geometry": {"type": "Point", "coordinates": [-121.1875, 28.0625]}, "properties": {"type": "anticyclone", "ssh_m": 0.1424, "zeta_s-1": -7.3e-06, "hemisphere": "N", "time": "2025-05-01T00:00:00.000000000"}}, {"type": "Feature", "geometry": {"type": "Point", "coordinates": [158.3125, 46.1875]}, "properties": {"type": "anticyclone", "ssh_m": 0.1424, "zeta_s-1": -1.09e-05, "hemisphere": "N", "time": "2025-05-01T00:00:00.000000000"}}, {"type": "Feature", "geometry": {"type": "Point", "coordinates": [-174.3125, -65.9375]}, "properties": {"type": "anticyclone", "ssh_m": 0.1423, "zeta_s-1": 1.31e-05, "hemisphere": "S", "time": "2025-05-01T00:00:00.000000000"}}, {"type": "Feature", "geometry": {"type": "Point", "coordinates": [1.1875, -46.4375]}, "properties": {"type": "anticyclone", "ssh_m": 0.1423, "zeta_s-1": 5.1e-06, "hemisphere": "S", "time": "2025-05-01T00:00:00.000000000"}}, {"type": "Feature", "geometry": {"type": "Point", "coordinates": [-123.4375, -16.0625]}, "properties": {"type": "anticyclone", "ssh_m": 0.1423, "zeta_s-1": 3.2e-06, "hemisphere": "S", "time": "2025-05-01T00:00:00.000000000"}}, {"type": "Feature", "geometry": {"type": "Point", "coordinates": [-119.9375, -60.1875]}, "properties": {"type": "anticyclone", "ssh_m": 0.1422, "zeta_s-1": 2.57e-05, "hemisphere": "S", "time": "2025-05-01T00:00:00.000000000"}}, {"type": "Feature", "geometry": {"type": "Point", "coordinates": [-5.8125, 62.9375]}, "properties": {"type": "anticyclone", "ssh_m": 0.1422, "zeta_s-1": -9.6e-06, "hemisphere": "N", "time": "2025-05-01T00:00:00.000000000"}}, {"type": "Feature", "geometry": {"type": "Point", "coordinates": [-85.6875, -18.4375]}, "properties": {"type": "anticyclone", "ssh_m": 0.1421, "zeta_s-1": 3.2e-06, "hemisphere": "S", "time": "2025-05-01T00:00:00.000000000"}}, {"type": "Feature", "geometry": {"type": "Point", "coordinates": [-7.5625, 35.4375]}, "properties": {"type": "anticyclone", "ssh_m": 0.1418, "zeta_s-1": -8e-06, "hemisphere": "N", "time": "2025-05-01T00:00:00.000000000"}}, {"type": "Feature", "geometry": {"type": "Point", "coordinates": [134.6875, -39.8125]}, "properties": {"type": "anticyclone", "ssh_m": 0.1417, "zeta_s-1": 5.3e-06, "hemisphere": "S", "time": "2025-05-01T00:00:00.000000000"}}, {"type": "Feature", "geometry": {"type": "Point", "coordinates": [114.6875, 20.4375]}, "properties": {"type": "anticyclone", "ssh_m": 0.1415, "zeta_s-1": -1.66e-05, "hemisphere": "N", "time": "2025-05-01T00:00:00.000000000"}}, {"type": "Feature", "geometry": {"type": "Point", "coordinates": [-52.3125, -61.1875]}, "properties": {"type": "anticyclone", "ssh_m": 0.1413, "zeta_s-1": 6.8e-06, "hemisphere": "S", "time": "2025-05-01T00:00:00.000000000"}}, {"type": "Feature", "geometry": {"type": "Point", "coordinates": [-131.1875, 35.6875]}, "properties": {"type": "anticyclone", "ssh_m": 0.1412, "zeta_s-1": -1.15e-05, "hemisphere": "N", "time": "2025-05-01T00:00:00.000000000"}}, {"type": "Feature", "geometry": {"type": "Point", "coordinates": [72.5625, -57.0625]}, "properties": {"type": "anticyclone", "ssh_m": 0.1411, "zeta_s-1": 5.5e-06, "hemisphere": "S", "time": "2025-05-01T00:00:00.000000000"}}, {"type": "Feature", "geometry": {"type": "Point", "coordinates": [-145.5625, 13.9375]}, "properties": {"type": "anticyclone", "ssh_m": 0.1411, "zeta_s-1": -3.2e-06, "hemisphere": "N", "time": "2025-05-01T00:00:00.000000000"}}, {"type": "Feature", "geometry": {"type": "Point", "coordinates": [-18.9375, 24.4375]}, "properties": {"type": "anticyclone", "ssh_m": 0.141, "zeta_s-1": -9.9e-06, "hemisphere": "N", "time": "2025-05-01T00:00:00.000000000"}}, {"type": "Feature", "geometry": {"type": "Point", "coordinates": [-4.5625, -12.5625]}, "properties": {"type": "anticyclone", "ssh_m": 0.1409, "zeta_s-1": 5.3e-06, "hemisphere": "S", "time": "2025-05-01T00:00:00.000000000"}}, {"type": "Feature", "geometry": {"type": "Point", "coordinates": [-108.4375, -57.4375]}, "properties": {"type": "anticyclone", "ssh_m": 0.1407, "zeta_s-1": 1.02e-05, "hemisphere": "S", "time": "2025-05-01T00:00:00.000000000"}}, {"type": "Feature", "geometry": {"type": "Point", "coordinates": [-132.6875, -16.1875]}, "properties": {"type": "anticyclone", "ssh_m": 0.1407, "zeta_s-1": 4.3e-06, "hemisphere": "S", "time": "2025-05-01T00:00:00.000000000"}}, {"type": "Feature", "geometry": {"type": "Point", "coordinates": [-95.3125, -17.1875]}, "properties": {"type": "anticyclone", "ssh_m": 0.1406, "zeta_s-1": 2e-06, "hemisphere": "S", "time": "2025-05-01T00:00:00.000000000"}}, {"type": "Feature", "geometry": {"type": "Point", "coordinates": [-20.0625, -10.1875]}, "properties": {"type": "anticyclone", "ssh_m": 0.1406, "zeta_s-1": 4.2e-06, "hemisphere": "S", "time": "2025-05-01T00:00:00.000000000"}}, {"type": "Feature", "geometry": {"type": "Point", "coordinates": [-92.4375, -44.8125]}, "properties": {"type": "anticyclone", "ssh_m": 0.1404, "zeta_s-1": 5.5e-06, "hemisphere": "S", "time": "2025-05-01T00:00:00.000000000"}}, {"type": "Feature", "geometry": {"type": "Point", "coordinates": [-4.8125, -39.1875]}, "properties": {"type": "anticyclone", "ssh_m": 0.1404, "zeta_s-1": 5.1e-06, "hemisphere": "S", "time": "2025-05-01T00:00:00.000000000"}}, {"type": "Feature", "geometry": {"type": "Point", "coordinates": [-105.8125, -30.3125]}, "properties": {"type": "anticyclone", "ssh_m": 0.1404, "zeta_s-1": 4.6e-06, "hemisphere": "S", "time": "2025-05-01T00:00:00.000000000"}}, {"type": "Feature", "geometry": {"type": "Point", "coordinates": [100.3125, -20.9375]}, "properties": {"type": "anticyclone", "ssh_m": 0.1404, "zeta_s-1": 1.07e-05, "hemisphere": "S", "time": "2025-05-01T00:00:00.000000000"}}, {"type": "Feature", "geometry": {"type": "Point", "coordinates": [-153.1875, 10.5625]}, "properties": {"type": "anticyclone", "ssh_m": 0.1404, "zeta_s-1": -3e-06, "hemisphere": "N", "time": "2025-05-01T00:00:00.000000000"}}, {"type": "Feature", "geometry": {"type": "Point", "coordinates": [-8.3125, 51.8125]}, "properties": {"type": "anticyclone", "ssh_m": 0.1404, "zeta_s-1": NaN, "hemisphere": "N", "time": "2025-05-01T00:00:00.000000000"}}, {"type": "Feature", "geometry": {"type": "Point", "coordinates": [-18.1875, 4.3125]}, "properties": {"type": "anticyclone", "ssh_m": 0.1403, "zeta_s-1": NaN, "hemisphere": "N", "time": "2025-05-01T00:00:00.000000000"}}, {"type": "Feature", "geometry": {"type": "Point", "coordinates": [-97.8125, -54.5625]}, "properties": {"type": "anticyclone", "ssh_m": 0.1402, "zeta_s-1": 7.7e-06, "hemisphere": "S", "time": "2025-05-01T00:00:00.000000000"}}, {"type": "Feature", "geometry": {"type": "Point", "coordinates": [-151.8125, -19.9375]}, "properties": {"type": "anticyclone", "ssh_m": 0.1402, "zeta_s-1": 8.7e-06, "hemisphere": "S", "time": "2025-05-01T00:00:00.000000000"}}, {"type": "Feature", "geometry": {"type": "Point", "coordinates": [-25.0625, 54.8125]}, "properties": {"type": "anticyclone", "ssh_m": 0.1402, "zeta_s-1": -1.2e-05, "hemisphere": "N", "time": "2025-05-01T00:00:00.000000000"}}, {"type": "Feature", "geometry": {"type": "Point", "coordinates": [-54.8125, 70.4375]}, "properties": {"type": "anticyclone", "ssh_m": 0.1401, "zeta_s-1": -2.6e-06, "hemisphere": "N", "time": "2025-05-01T00:00:00.000000000"}}, {"type": "Feature", "geometry": {"type": "Point", "coordinates": [2.4375, 56.9375]}, "properties": {"type": "anticyclone", "ssh_m": 0.14, "zeta_s-1": -1.4e-06, "hemisphere": "N", "time": "2025-05-01T00:00:00.000000000"}}, {"type": "Feature", "geometry": {"type": "Point", "coordinates": [-157.6875, 40.5625]}, "properties": {"type": "anticyclone", "ssh_m": 0.1399, "zeta_s-1": -4.1e-06, "hemisphere": "N", "time": "2025-05-01T00:00:00.000000000"}}, {"type": "Feature", "geometry": {"type": "Point", "coordinates": [133.3125, 41.1875]}, "properties": {"type": "anticyclone", "ssh_m": 0.1399, "zeta_s-1": -2.36e-05, "hemisphere": "N", "time": "2025-05-01T00:00:00.000000000"}}, {"type": "Feature", "geometry": {"type": "Point", "coordinates": [-41.5625, 15.6875]}, "properties": {"type": "anticyclone", "ssh_m": 0.1398, "zeta_s-1": -5.1e-06, "hemisphere": "N", "time": "2025-05-01T00:00:00.000000000"}}, {"type": "Feature", "geometry": {"type": "Point", "coordinates": [10.6875, -17.6875]}, "properties": {"type": "anticyclone", "ssh_m": 0.1396, "zeta_s-1": 1.06e-05, "hemisphere": "S", "time": "2025-05-01T00:00:00.000000000"}}, {"type": "Feature", "geometry": {"type": "Point", "coordinates": [-9.8125, -16.1875]}, "properties": {"type": "anticyclone", "ssh_m": 0.1396, "zeta_s-1": 4.6e-06, "hemisphere": "S", "time": "2025-05-01T00:00:00.000000000"}}, {"type": "Feature", "geometry": {"type": "Point", "coordinates": [178.1875, 62.4375]}, "properties": {"type": "anticyclone", "ssh_m": 0.1396, "zeta_s-1": NaN, "hemisphere": "N", "time": "2025-05-01T00:00:00.000000000"}}, {"type": "Feature", "geometry": {"type": "Point", "coordinates": [105.3125, -54.6875]}, "properties": {"type": "anticyclone", "ssh_m": 0.1395, "zeta_s-1": 1.91e-05, "hemisphere": "S", "time": "2025-05-01T00:00:00.000000000"}}, {"type": "Feature", "geometry": {"type": "Point", "coordinates": [49.0625, -43.8125]}, "properties": {"type": "anticyclone", "ssh_m": 0.1394, "zeta_s-1": 1.24e-05, "hemisphere": "S", "time": "2025-05-01T00:00:00.000000000"}}, {"type": "Feature", "geometry": {"type": "Point", "coordinates": [-66.8125, 61.8125]}, "properties": {"type": "anticyclone", "ssh_m": 0.1394, "zeta_s-1": -3.9e-06, "hemisphere": "N", "time": "2025-05-01T00:00:00.000000000"}}, {"type": "Feature", "geometry": {"type": "Point", "coordinates": [-83.5625, -50.9375]}, "properties": {"type": "anticyclone", "ssh_m": 0.1393, "zeta_s-1": 9.2e-06, "hemisphere": "S", "time": "2025-05-01T00:00:00.000000000"}}, {"type": "Feature", "geometry": {"type": "Point", "coordinates": [-20.1875, -18.1875]}, "properties": {"type": "anticyclone", "ssh_m": 0.1392, "zeta_s-1": 4.3e-06, "hemisphere": "S", "time": "2025-05-01T00:00:00.000000000"}}, {"type": "Feature", "geometry": {"type": "Point", "coordinates": [9.4375, -14.6875]}, "properties": {"type": "anticyclone", "ssh_m": 0.1392, "zeta_s-1": 5.1e-06, "hemisphere": "S", "time": "2025-05-01T00:00:00.000000000"}}, {"type": "Feature", "geometry": {"type": "Point", "coordinates": [-23.0625, -16.8125]}, "properties": {"type": "anticyclone", "ssh_m": 0.1391, "zeta_s-1": 2.2e-06, "hemisphere": "S", "time": "2025-05-01T00:00:00.000000000"}}, {"type": "Feature", "geometry": {"type": "Point", "coordinates": [-175.1875, -18.3125]}, "properties": {"type": "anticyclone", "ssh_m": 0.139, "zeta_s-1": 1.04e-05, "hemisphere": "S", "time": "2025-05-01T00:00:00.000000000"}}, {"type": "Feature", "geometry": {"type": "Point", "coordinates": [1.9375, 78.8125]}, "properties": {"type": "anticyclone", "ssh_m": 0.1388, "zeta_s-1": -6e-06, "hemisphere": "N", "time": "2025-05-01T00:00:00.000000000"}}, {"type": "Feature", "geometry": {"type": "Point", "coordinates": [87.0625, -60.6875]}, "properties": {"type": "anticyclone", "ssh_m": 0.1387, "zeta_s-1": 1.65e-05, "hemisphere": "S", "time": "2025-05-01T00:00:00.000000000"}}, {"type": "Feature", "geometry": {"type": "Point", "coordinates": [-100.3125, -52.8125]}, "properties": {"type": "anticyclone", "ssh_m": 0.1384, "zeta_s-1": 7.1e-06, "hemisphere": "S", "time": "2025-05-01T00:00:00.000000000"}}, {"type": "Feature", "geometry": {"type": "Point", "coordinates": [4.4375, 56.1875]}, "properties": {"type": "anticyclone", "ssh_m": 0.1384, "zeta_s-1": -4.5e-06, "hemisphere": "N", "time": "2025-05-01T00:00:00.000000000"}}, {"type": "Feature", "geometry": {"type": "Point", "coordinates": [11.4375, -13.8125]}, "properties": {"type": "anticyclone", "ssh_m": 0.1383, "zeta_s-1": 8.6e-06, "hemisphere": "S", "time": "2025-05-01T00:00:00.000000000"}}, {"type": "Feature", "geometry": {"type": "Point", "coordinates": [156.0625, 53.5625]}, "properties": {"type": "anticyclone", "ssh_m": 0.1383, "zeta_s-1": NaN, "hemisphere": "N", "time": "2025-05-01T00:00:00.000000000"}}, {"type": "Feature", "geometry": {"type": "Point", "coordinates": [-146.3125, 29.5625]}, "properties": {"type": "anticyclone", "ssh_m": 0.1382, "zeta_s-1": -5.2e-06, "hemisphere": "N", "time": "2025-05-01T00:00:00.000000000"}}, {"type": "Feature", "geometry": {"type": "Point", "coordinates": [161.3125, 25.1875]}, "properties": {"type": "anticyclone", "ssh_m": 0.138, "zeta_s-1": -1.18e-05, "hemisphere": "N", "time": "2025-05-01T00:00:00.000000000"}}, {"type": "Feature", "geometry": {"type": "Point", "coordinates": [-134.3125, 41.3125]}, "properties": {"type": "anticyclone", "ssh_m": 0.1379, "zeta_s-1": -5.2e-06, "hemisphere": "N", "time": "2025-05-01T00:00:00.000000000"}}, {"type": "Feature", "geometry": {"type": "Point", "coordinates": [-79.8125, -26.1875]}, "properties": {"type": "anticyclone", "ssh_m": 0.1377, "zeta_s-1": 4.6e-06, "hemisphere": "S", "time": "2025-05-01T00:00:00.000000000"}}, {"type": "Feature", "geometry": {"type": "Point", "coordinates": [-15.5625, 30.3125]}, "properties": {"type": "anticyclone", "ssh_m": 0.1377, "zeta_s-1": -6.9e-06, "hemisphere": "N", "time": "2025-05-01T00:00:00.000000000"}}, {"type": "Feature", "geometry": {"type": "Point", "coordinates": [-3.1875, 67.4375]}, "properties": {"type": "anticyclone", "ssh_m": 0.1377, "zeta_s-1": -1.41e-05, "hemisphere": "N", "time": "2025-05-01T00:00:00.000000000"}}, {"type": "Feature", "geometry": {"type": "Point", "coordinates": [-3.0625, -14.5625]}, "properties": {"type": "anticyclone", "ssh_m": 0.1376, "zeta_s-1": 4e-06, "hemisphere": "S", "time": "2025-05-01T00:00:00.000000000"}}, {"type": "Feature", "geometry": {"type": "Point", "coordinates": [8.5625, -7.6875]}, "properties": {"type": "anticyclone", "ssh_m": 0.1375, "zeta_s-1": NaN, "hemisphere": "S", "time": "2025-05-01T00:00:00.000000000"}}, {"type": "Feature", "geometry": {"type": "Point", "coordinates": [49.5625, 30.0625]}, "properties": {"type": "anticyclone", "ssh_m": 0.1375, "zeta_s-1": NaN, "hemisphere": "N", "time": "2025-05-01T00:00:00.000000000"}}, {"type": "Feature", "geometry": {"type": "Point", "coordinates": [-150.3125, 29.3125]}, "properties": {"type": "anticyclone", "ssh_m": 0.1374, "zeta_s-1": -7.7e-06, "hemisphere": "N", "time": "2025-05-01T00:00:00.000000000"}}, {"type": "Feature", "geometry": {"type": "Point", "coordinates": [-135.5625, -14.3125]}, "properties": {"type": "anticyclone", "ssh_m": 0.1373, "zeta_s-1": 3.2e-06, "hemisphere": "S", "time": "2025-05-01T00:00:00.000000000"}}, {"type": "Feature", "geometry": {"type": "Point", "coordinates": [-49.9375, 24.5625]}, "properties": {"type": "anticyclone", "ssh_m": 0.1373, "zeta_s-1": -5.1e-06, "hemisphere": "N", "time": "2025-05-01T00:00:00.000000000"}}, {"type": "Feature", "geometry": {"type": "Point", "coordinates": [144.6875, 28.3125]}, "properties": {"type": "anticyclone", "ssh_m": 0.1372, "zeta_s-1": -1.4e-05, "hemisphere": "N", "time": "2025-05-01T00:00:00.000000000"}}, {"type": "Feature", "geometry": {"type": "Point", "coordinates": [-154.0625, 46.3125]}, "properties": {"type": "anticyclone", "ssh_m": 0.1371, "zeta_s-1": -3.3e-06, "hemisphere": "N", "time": "2025-05-01T00:00:00.000000000"}}, {"type": "Feature", "geometry": {"type": "Point", "coordinates": [5.9375, -17.3125]}, "properties": {"type": "anticyclone", "ssh_m": 0.137, "zeta_s-1": 2.2e-06, "hemisphere": "S", "time": "2025-05-01T00:00:00.000000000"}}, {"type": "Feature", "geometry": {"type": "Point", "coordinates": [-100.3125, -47.4375]}, "properties": {"type": "anticyclone", "ssh_m": 0.1369, "zeta_s-1": 4e-06, "hemisphere": "S", "time": "2025-05-01T00:00:00.000000000"}}, {"type": "Feature", "geometry": {"type": "Point", "coordinates": [-169.8125, 30.0625]}, "properties": {"type": "anticyclone", "ssh_m": 0.1369, "zeta_s-1": -9.3e-06, "hemisphere": "N", "time": "2025-05-01T00:00:00.000000000"}}, {"type": "Feature", "geometry": {"type": "Point", "coordinates": [74.3125, -52.4375]}, "properties": {"type": "anticyclone", "ssh_m": 0.1367, "zeta_s-1": 2.1e-06, "hemisphere": "S", "time": "2025-05-01T00:00:00.000000000"}}, {"type": "Feature", "geometry": {"type": "Point", "coordinates": [-27.8125, -17.1875]}, "properties": {"type": "anticyclone", "ssh_m": 0.1367, "zeta_s-1": 2.6e-06, "hemisphere": "S", "time": "2025-05-01T00:00:00.000000000"}}, {"type": "Feature", "geometry": {"type": "Point", "coordinates": [-159.8125, 45.5625]}, "properties": {"type": "anticyclone", "ssh_m": 0.1366, "zeta_s-1": -2.9e-06, "hemisphere": "N", "time": "2025-05-01T00:00:00.000000000"}}, {"type": "Feature", "geometry": {"type": "Point", "coordinates": [-160.8125, -61.5625]}, "properties": {"type": "anticyclone", "ssh_m": 0.1365, "zeta_s-1": 5.2e-06, "hemisphere": "S", "time": "2025-05-01T00:00:00.000000000"}}, {"type": "Feature", "geometry": {"type": "Point", "coordinates": [-12.6875, 40.8125]}, "properties": {"type": "anticyclone", "ssh_m": 0.1365, "zeta_s-1": -6.2e-06, "hemisphere": "N", "time": "2025-05-01T00:00:00.000000000"}}, {"type": "Feature", "geometry": {"type": "Point", "coordinates": [-15.5625, -58.1875]}, "properties": {"type": "anticyclone", "ssh_m": 0.1362, "zeta_s-1": 5.1e-06, "hemisphere": "S", "time": "2025-05-01T00:00:00.000000000"}}, {"type": "Feature", "geometry": {"type": "Point", "coordinates": [-33.6875, 60.5625]}, "properties": {"type": "anticyclone", "ssh_m": 0.1362, "zeta_s-1": -1.31e-05, "hemisphere": "N", "time": "2025-05-01T00:00:00.000000000"}}, {"type": "Feature", "geometry": {"type": "Point", "coordinates": [68.9375, -13.0625]}, "properties": {"type": "anticyclone", "ssh_m": 0.1361, "zeta_s-1": 4.6e-06, "hemisphere": "S", "time": "2025-05-01T00:00:00.000000000"}}, {"type": "Feature", "geometry": {"type": "Point", "coordinates": [-4.4375, -23.9375]}, "properties": {"type": "anticyclone", "ssh_m": 0.1359, "zeta_s-1": 3.3e-06, "hemisphere": "S", "time": "2025-05-01T00:00:00.000000000"}}, {"type": "Feature", "geometry": {"type": "Point", "coordinates": [-36.6875, -52.6875]}, "properties": {"type": "anticyclone", "ssh_m": 0.1358, "zeta_s-1": 9.7e-06, "hemisphere": "S", "time": "2025-05-01T00:00:00.000000000"}}, {"type": "Feature", "geometry": {"type": "Point", "coordinates": [-93.8125, -47.5625]}, "properties": {"type": "anticyclone", "ssh_m": 0.1358, "zeta_s-1": 5.8e-06, "hemisphere": "S", "time": "2025-05-01T00:00:00.000000000"}}, {"type": "Feature", "geometry": {"type": "Point", "coordinates": [-117.3125, 28.6875]}, "properties": {"type": "anticyclone", "ssh_m": 0.1358, "zeta_s-1": -1.15e-05, "hemisphere": "N", "time": "2025-05-01T00:00:00.000000000"}}, {"type": "Feature", "geometry": {"type": "Point", "coordinates": [-141.6875, 35.4375]}, "properties": {"type": "anticyclone", "ssh_m": 0.1357, "zeta_s-1": -6.9e-06, "hemisphere": "N", "time": "2025-05-01T00:00:00.000000000"}}, {"type": "Feature", "geometry": {"type": "Point", "coordinates": [-26.8125, 17.3125]}, "properties": {"type": "anticyclone", "ssh_m": 0.1356, "zeta_s-1": -9.2e-06, "hemisphere": "N", "time": "2025-05-01T00:00:00.000000000"}}, {"type": "Feature", "geometry": {"type": "Point", "coordinates": [-24.4375, -35.1875]}, "properties": {"type": "anticyclone", "ssh_m": 0.1355, "zeta_s-1": 6.2e-06, "hemisphere": "S", "time": "2025-05-01T00:00:00.000000000"}}, {"type": "Feature", "geometry": {"type": "Point", "coordinates": [67.5625, -13.4375]}, "properties": {"type": "anticyclone", "ssh_m": 0.1355, "zeta_s-1": 5.4e-06, "hemisphere": "S", "time": "2025-05-01T00:00:00.000000000"}}, {"type": "Feature", "geometry": {"type": "Point", "coordinates": [-27.4375, 59.9375]}, "properties": {"type": "anticyclone", "ssh_m": 0.1353, "zeta_s-1": -1.36e-05, "hemisphere": "N", "time": "2025-05-01T00:00:00.000000000"}}, {"type": "Feature", "geometry": {"type": "Point", "coordinates": [2.9375, -13.0625]}, "properties": {"type": "anticyclone", "ssh_m": 0.1351, "zeta_s-1": 3.8e-06, "hemisphere": "S", "time": "2025-05-01T00:00:00.000000000"}}, {"type": "Feature", "geometry": {"type": "Point", "coordinates": [139.0625, -64.1875]}, "properties": {"type": "anticyclone", "ssh_m": 0.1349, "zeta_s-1": 2.42e-05, "hemisphere": "S", "time": "2025-05-01T00:00:00.000000000"}}, {"type": "Feature", "geometry": {"type": "Point", "coordinates": [84.1875, -63.3125]}, "properties": {"type": "anticyclone", "ssh_m": 0.1349, "zeta_s-1": 1.41e-05, "hemisphere": "S", "time": "2025-05-01T00:00:00.000000000"}}, {"type": "Feature", "geometry": {"type": "Point", "coordinates": [4.3125, -16.8125]}, "properties": {"type": "anticyclone", "ssh_m": 0.1349, "zeta_s-1": 4.4e-06, "hemisphere": "S", "time": "2025-05-01T00:00:00.000000000"}}, {"type": "Feature", "geometry": {"type": "Point", "coordinates": [76.4375, -54.5625]}, "properties": {"type": "anticyclone", "ssh_m": 0.1348, "zeta_s-1": 4.7e-06, "hemisphere": "S", "time": "2025-05-01T00:00:00.000000000"}}, {"type": "Feature", "geometry": {"type": "Point", "coordinates": [-40.8125, 25.0625]}, "properties": {"type": "anticyclone", "ssh_m": 0.1345, "zeta_s-1": -7.3e-06, "hemisphere": "N", "time": "2025-05-01T00:00:00.000000000"}}, {"type": "Feature", "geometry": {"type": "Point", "coordinates": [-83.3125, -45.4375]}, "properties": {"type": "anticyclone", "ssh_m": 0.134, "zeta_s-1": 5.5e-06, "hemisphere": "S", "time": "2025-05-01T00:00:00.000000000"}}, {"type": "Feature", "geometry": {"type": "Point", "coordinates": [-126.9375, 41.3125]}, "properties": {"type": "anticyclone", "ssh_m": 0.134, "zeta_s-1": -1.04e-05, "hemisphere": "N", "time": "2025-05-01T00:00:00.000000000"}}, {"type": "Feature", "geometry": {"type": "Point", "coordinates": [132.1875, -54.9375]}, "properties": {"type": "anticyclone", "ssh_m": 0.1339, "zeta_s-1": 9.1e-06, "hemisphere": "S", "time": "2025-05-01T00:00:00.000000000"}}, {"type": "Feature", "geometry": {"type": "Point", "coordinates": [-8.9375, -50.0625]}, "properties": {"type": "anticyclone", "ssh_m": 0.1338, "zeta_s-1": 7.4e-06, "hemisphere": "S", "time": "2025-05-01T00:00:00.000000000"}}, {"type": "Feature", "geometry": {"type": "Point", "coordinates": [-31.1875, 60.1875]}, "properties": {"type": "anticyclone", "ssh_m": 0.1338, "zeta_s-1": -1.26e-05, "hemisphere": "N", "time": "2025-05-01T00:00:00.000000000"}}, {"type": "Feature", "geometry": {"type": "Point", "coordinates": [117.8125, -54.8125]}, "properties": {"type": "anticyclone", "ssh_m": 0.1336, "zeta_s-1": 1.23e-05, "hemisphere": "S", "time": "2025-05-01T00:00:00.000000000"}}, {"type": "Feature", "geometry": {"type": "Point", "coordinates": [-35.9375, 11.1875]}, "properties": {"type": "anticyclone", "ssh_m": 0.1336, "zeta_s-1": -3.2e-06, "hemisphere": "N", "time": "2025-05-01T00:00:00.000000000"}}, {"type": "Feature", "geometry": {"type": "Point", "coordinates": [-92.6875, -18.3125]}, "properties": {"type": "anticyclone", "ssh_m": 0.1334, "zeta_s-1": 2.2e-06, "hemisphere": "S", "time": "2025-05-01T00:00:00.000000000"}}, {"type": "Feature", "geometry": {"type": "Point", "coordinates": [-50.5625, 19.9375]}, "properties": {"type": "anticyclone", "ssh_m": 0.1334, "zeta_s-1": -1.13e-05, "hemisphere": "N", "time": "2025-05-01T00:00:00.000000000"}}, {"type": "Feature", "geometry": {"type": "Point", "coordinates": [-13.5625, 2.8125]}, "properties": {"type": "anticyclone", "ssh_m": 0.1333, "zeta_s-1": NaN, "hemisphere": "N", "time": "2025-05-01T00:00:00.000000000"}}, {"type": "Feature", "geometry": {"type": "Point", "coordinates": [-32.9375, 22.9375]}, "properties": {"type": "anticyclone", "ssh_m": 0.1333, "zeta_s-1": -1.65e-05, "hemisphere": "N", "time": "2025-05-01T00:00:00.000000000"}}, {"type": "Feature", "geometry": {"type": "Point", "coordinates": [-139.9375, 32.8125]}, "properties": {"type": "anticyclone", "ssh_m": 0.1333, "zeta_s-1": -6.3e-06, "hemisphere": "N", "time": "2025-05-01T00:00:00.000000000"}}, {"type": "Feature", "geometry": {"type": "Point", "coordinates": [-94.0625, -45.6875]}, "properties": {"type": "anticyclone", "ssh_m": 0.1332, "zeta_s-1": 8.2e-06, "hemisphere": "S", "time": "2025-05-01T00:00:00.000000000"}}, {"type": "Feature", "geometry": {"type": "Point", "coordinates": [-88.4375, -48.0625]}, "properties": {"type": "anticyclone", "ssh_m": 0.1331, "zeta_s-1": 5.8e-06, "hemisphere": "S", "time": "2025-05-01T00:00:00.000000000"}}, {"type": "Feature", "geometry": {"type": "Point", "coordinates": [-29.3125, 22.6875]}, "properties": {"type": "anticyclone", "ssh_m": 0.133, "zeta_s-1": -1.33e-05, "hemisphere": "N", "time": "2025-05-01T00:00:00.000000000"}}, {"type": "Feature", "geometry": {"type": "Point", "coordinates": [98.0625, -56.0625]}, "properties": {"type": "anticyclone", "ssh_m": 0.1329, "zeta_s-1": 1.87e-05, "hemisphere": "S", "time": "2025-05-01T00:00:00.000000000"}}, {"type": "Feature", "geometry": {"type": "Point", "coordinates": [-22.4375, -10.4375]}, "properties": {"type": "anticyclone", "ssh_m": 0.1329, "zeta_s-1": 4.2e-06, "hemisphere": "S", "time": "2025-05-01T00:00:00.000000000"}}, {"type": "Feature", "geometry": {"type": "Point", "coordinates": [10.0625, -53.4375]}, "properties": {"type": "anticyclone", "ssh_m": 0.1326, "zeta_s-1": 6e-06, "hemisphere": "S", "time": "2025-05-01T00:00:00.000000000"}}, {"type": "Feature", "geometry": {"type": "Point", "coordinates": [-6.8125, -40.0625]}, "properties": {"type": "anticyclone", "ssh_m": 0.1325, "zeta_s-1": 7.9e-06, "hemisphere": "S", "time": "2025-05-01T00:00:00.000000000"}}, {"type": "Feature", "geometry": {"type": "Point", "coordinates": [173.9375, -16.9375]}, "properties": {"type": "anticyclone", "ssh_m": 0.1324, "zeta_s-1": 7.2e-06, "hemisphere": "S", "time": "2025-05-01T00:00:00.000000000"}}, {"type": "Feature", "geometry": {"type": "Point", "coordinates": [-101.1875, -64.1875]}, "properties": {"type": "anticyclone", "ssh_m": 0.1323, "zeta_s-1": 1.73e-05, "hemisphere": "S", "time": "2025-05-01T00:00:00.000000000"}}, {"type": "Feature", "geometry": {"type": "Point", "coordinates": [-99.6875, -10.8125]}, "properties": {"type": "anticyclone", "ssh_m": 0.1323, "zeta_s-1": 4.3e-06, "hemisphere": "S", "time": "2025-05-01T00:00:00.000000000"}}, {"type": "Feature", "geometry": {"type": "Point", "coordinates": [-115.9375, -7.6875]}, "properties": {"type": "anticyclone", "ssh_m": 0.1323, "zeta_s-1": NaN, "hemisphere": "S", "time": "2025-05-01T00:00:00.000000000"}}, {"type": "Feature", "geometry": {"type": "Point", "coordinates": [-134.0625, 51.3125]}, "properties": {"type": "anticyclone", "ssh_m": 0.1323, "zeta_s-1": -1.23e-05, "hemisphere": "N", "time": "2025-05-01T00:00:00.000000000"}}, {"type": "Feature", "geometry": {"type": "Point", "coordinates": [107.4375, -53.3125]}, "properties": {"type": "anticyclone", "ssh_m": 0.1322, "zeta_s-1": 8e-06, "hemisphere": "S", "time": "2025-05-01T00:00:00.000000000"}}, {"type": "Feature", "geometry": {"type": "Point", "coordinates": [-81.9375, -47.5625]}, "properties": {"type": "anticyclone", "ssh_m": 0.1322, "zeta_s-1": 1.02e-05, "hemisphere": "S", "time": "2025-05-01T00:00:00.000000000"}}, {"type": "Feature", "geometry": {"type": "Point", "coordinates": [23.1875, -51.4375]}, "properties": {"type": "anticyclone", "ssh_m": 0.1319, "zeta_s-1": 1.35e-05, "hemisphere": "S", "time": "2025-05-01T00:00:00.000000000"}}, {"type": "Feature", "geometry": {"type": "Point", "coordinates": [91.1875, -35.6875]}, "properties": {"type": "anticyclone", "ssh_m": 0.1319, "zeta_s-1": 8.8e-06, "hemisphere": "S", "time": "2025-05-01T00:00:00.000000000"}}, {"type": "Feature", "geometry": {"type": "Point", "coordinates": [-25.6875, -15.1875]}, "properties": {"type": "anticyclone", "ssh_m": 0.1319, "zeta_s-1": 3.7e-06, "hemisphere": "S", "time": "2025-05-01T00:00:00.000000000"}}, {"type": "Feature", "geometry": {"type": "Point", "coordinates": [-128.0625, 49.1875]}, "properties": {"type": "anticyclone", "ssh_m": 0.1319, "zeta_s-1": -1e-05, "hemisphere": "N", "time": "2025-05-01T00:00:00.000000000"}}, {"type": "Feature", "geometry": {"type": "Point", "coordinates": [-92.4375, -0.0625]}, "properties": {"type": "anticyclone", "ssh_m": 0.1318, "zeta_s-1": NaN, "hemisphere": "S", "time": "2025-05-01T00:00:00.000000000"}}, {"type": "Feature", "geometry": {"type": "Point", "coordinates": [-62.1875, 26.6875]}, "properties": {"type": "anticyclone", "ssh_m": 0.1318, "zeta_s-1": -1.13e-05, "hemisphere": "N", "time": "2025-05-01T00:00:00.000000000"}}, {"type": "Feature", "geometry": {"type": "Point", "coordinates": [-82.4375, -40.4375]}, "properties": {"type": "anticyclone", "ssh_m": 0.1317, "zeta_s-1": 4.8e-06, "hemisphere": "S", "time": "2025-05-01T00:00:00.000000000"}}, {"type": "Feature", "geometry": {"type": "Point", "coordinates": [18.5625, -50.9375]}, "properties": {"type": "anticyclone", "ssh_m": 0.1316, "zeta_s-1": 8e-06, "hemisphere": "S", "time": "2025-05-01T00:00:00.000000000"}}, {"type": "Feature", "geometry": {"type": "Point", "coordinates": [-39.1875, 54.3125]}, "properties": {"type": "anticyclone", "ssh_m": 0.1314, "zeta_s-1": -1.54e-05, "hemisphere": "N", "time": "2025-05-01T00:00:00.000000000"}}, {"type": "Feature", "geometry": {"type": "Point", "coordinates": [-149.4375, 32.1875]}, "properties": {"type": "anticyclone", "ssh_m": 0.1313, "zeta_s-1": -4.5e-06, "hemisphere": "N", "time": "2025-05-01T00:00:00.000000000"}}, {"type": "Feature", "geometry": {"type": "Point", "coordinates": [-14.9375, 42.0625]}, "properties": {"type": "anticyclone", "ssh_m": 0.1313, "zeta_s-1": -5.4e-06, "hemisphere": "N", "time": "2025-05-01T00:00:00.000000000"}}, {"type": "Feature", "geometry": {"type": "Point", "coordinates": [-85.6875, -63.0625]}, "properties": {"type": "anticyclone", "ssh_m": 0.1311, "zeta_s-1": 1.28e-05, "hemisphere": "S", "time": "2025-05-01T00:00:00.000000000"}}, {"type": "Feature", "geometry": {"type": "Point", "coordinates": [-91.4375, -51.5625]}, "properties": {"type": "anticyclone", "ssh_m": 0.1311, "zeta_s-1": 6.7e-06, "hemisphere": "S", "time": "2025-05-01T00:00:00.000000000"}}, {"type": "Feature", "geometry": {"type": "Point", "coordinates": [0.3125, -15.5625]}, "properties": {"type": "anticyclone", "ssh_m": 0.1311, "zeta_s-1": 2.8e-06, "hemisphere": "S", "time": "2025-05-01T00:00:00.000000000"}}, {"type": "Feature", "geometry": {"type": "Point", "coordinates": [-13.8125, 45.8125]}, "properties": {"type": "anticyclone", "ssh_m": 0.1311, "zeta_s-1": -1.14e-05, "hemisphere": "N", "time": "2025-05-01T00:00:00.000000000"}}, {"type": "Feature", "geometry": {"type": "Point", "coordinates": [-170.9375, -63.6875]}, "properties": {"type": "anticyclone", "ssh_m": 0.1309, "zeta_s-1": 1.71e-05, "hemisphere": "S", "time": "2025-05-01T00:00:00.000000000"}}, {"type": "Feature", "geometry": {"type": "Point", "coordinates": [117.6875, -53.1875]}, "properties": {"type": "anticyclone", "ssh_m": 0.1309, "zeta_s-1": 1.32e-05, "hemisphere": "S", "time": "2025-05-01T00:00:00.000000000"}}, {"type": "Feature", "geometry": {"type": "Point", "coordinates": [71.1875, -12.9375]}, "properties": {"type": "anticyclone", "ssh_m": 0.1308, "zeta_s-1": 2.2e-06, "hemisphere": "S", "time": "2025-05-01T00:00:00.000000000"}}, {"type": "Feature", "geometry": {"type": "Point", "coordinates": [71.4375, -18.5625]}, "properties": {"type": "anticyclone", "ssh_m": 0.1307, "zeta_s-1": 1.12e-05, "hemisphere": "S", "time": "2025-05-01T00:00:00.000000000"}}, {"type": "Feature", "geometry": {"type": "Point", "coordinates": [-93.1875, -68.1875]}, "properties": {"type": "anticyclone", "ssh_m": 0.1306, "zeta_s-1": 1.15e-05, "hemisphere": "S", "time": "2025-05-01T00:00:00.000000000"}}, {"type": "Feature", "geometry": {"type": "Point", "coordinates": [74.4375, -57.8125]}, "properties": {"type": "anticyclone", "ssh_m": 0.1306, "zeta_s-1": 9.7e-06, "hemisphere": "S", "time": "2025-05-01T00:00:00.000000000"}}, {"type": "Feature", "geometry": {"type": "Point", "coordinates": [147.9375, -59.8125]}, "properties": {"type": "anticyclone", "ssh_m": 0.1304, "zeta_s-1": 5.5e-06, "hemisphere": "S", "time": "2025-05-01T00:00:00.000000000"}}, {"type": "Feature", "geometry": {"type": "Point", "coordinates": [1.1875, -17.5625]}, "properties": {"type": "anticyclone", "ssh_m": 0.1304, "zeta_s-1": 4.3e-06, "hemisphere": "S", "time": "2025-05-01T00:00:00.000000000"}}, {"type": "Feature", "geometry": {"type": "Point", "coordinates": [-155.3125, 43.9375]}, "properties": {"type": "anticyclone", "ssh_m": 0.1304, "zeta_s-1": -3.2e-06, "hemisphere": "N", "time": "2025-05-01T00:00:00.000000000"}}, {"type": "Feature", "geometry": {"type": "Point", "coordinates": [-107.5625, -46.0625]}, "properties": {"type": "anticyclone", "ssh_m": 0.1303, "zeta_s-1": 1.05e-05, "hemisphere": "S", "time": "2025-05-01T00:00:00.000000000"}}, {"type": "Feature", "geometry": {"type": "Point", "coordinates": [-18.1875, 29.4375]}, "properties": {"type": "anticyclone", "ssh_m": 0.1303, "zeta_s-1": -1.2e-05, "hemisphere": "N", "time": "2025-05-01T00:00:00.000000000"}}, {"type": "Feature", "geometry": {"type": "Point", "coordinates": [5.4375, 79.0625]}, "properties": {"type": "anticyclone", "ssh_m": 0.1303, "zeta_s-1": -8.2e-06, "hemisphere": "N", "time": "2025-05-01T00:00:00.000000000"}}, {"type": "Feature", "geometry": {"type": "Point", "coordinates": [-177.4375, -64.4375]}, "properties": {"type": "anticyclone", "ssh_m": 0.1302, "zeta_s-1": 5.9e-06, "hemisphere": "S", "time": "2025-05-01T00:00:00.000000000"}}, {"type": "Feature", "geometry": {"type": "Point", "coordinates": [17.8125, -54.3125]}, "properties": {"type": "anticyclone", "ssh_m": 0.1302, "zeta_s-1": 7.1e-06, "hemisphere": "S", "time": "2025-05-01T00:00:00.000000000"}}, {"type": "Feature", "geometry": {"type": "Point", "coordinates": [-71.1875, 22.6875]}, "properties": {"type": "anticyclone", "ssh_m": 0.1298, "zeta_s-1": -1.07e-05, "hemisphere": "N", "time": "2025-05-01T00:00:00.000000000"}}, {"type": "Feature", "geometry": {"type": "Point", "coordinates": [-23.1875, 40.0625]}, "properties": {"type": "anticyclone", "ssh_m": 0.1298, "zeta_s-1": -3.7e-06, "hemisphere": "N", "time": "2025-05-01T00:00:00.000000000"}}, {"type": "Feature", "geometry": {"type": "Point", "coordinates": [97.3125, -20.3125]}, "properties": {"type": "anticyclone", "ssh_m": 0.1297, "zeta_s-1": 7.6e-06, "hemisphere": "S", "time": "2025-05-01T00:00:00.000000000"}}, {"type": "Feature", "geometry": {"type": "Point", "coordinates": [-56.4375, -60.3125]}, "properties": {"type": "anticyclone", "ssh_m": 0.1296, "zeta_s-1": 1.74e-05, "hemisphere": "S", "time": "2025-05-01T00:00:00.000000000"}}, {"type": "Feature", "geometry": {"type": "Point", "coordinates": [25.8125, -58.5625]}, "properties": {"type": "anticyclone", "ssh_m": 0.1293, "zeta_s-1": 1.5e-05, "hemisphere": "S", "time": "2025-05-01T00:00:00.000000000"}}, {"type": "Feature", "geometry": {"type": "Point", "coordinates": [-132.8125, 26.9375]}, "properties": {"type": "anticyclone", "ssh_m": 0.1292, "zeta_s-1": -4.8e-06, "hemisphere": "N", "time": "2025-05-01T00:00:00.000000000"}}, {"type": "Feature", "geometry": {"type": "Point", "coordinates": [1.5625, 40.0625]}, "properties": {"type": "anticyclone", "ssh_m": 0.1292, "zeta_s-1": -1.42e-05, "hemisphere": "N", "time": "2025-05-01T00:00:00.000000000"}}, {"type": "Feature", "geometry": {"type": "Point", "coordinates": [-39.3125, 27.3125]}, "properties": {"type": "anticyclone", "ssh_m": 0.1291, "zeta_s-1": -8.5e-06, "hemisphere": "N", "time": "2025-05-01T00:00:00.000000000"}}, {"type": "Feature", "geometry": {"type": "Point", "coordinates": [-127.8125, 34.9375]}, "properties": {"type": "anticyclone", "ssh_m": 0.1291, "zeta_s-1": -6.1e-06, "hemisphere": "N", "time": "2025-05-01T00:00:00.000000000"}}, {"type": "Feature", "geometry": {"type": "Point", "coordinates": [-159.4375, 41.0625]}, "properties": {"type": "anticyclone", "ssh_m": 0.1291, "zeta_s-1": -1.6e-06, "hemisphere": "N", "time": "2025-05-01T00:00:00.000000000"}}, {"type": "Feature", "geometry": {"type": "Point", "coordinates": [-32.9375, 49.9375]}, "properties": {"type": "anticyclone", "ssh_m": 0.129, "zeta_s-1": -7.4e-06, "hemisphere": "N", "time": "2025-05-01T00:00:00.000000000"}}, {"type": "Feature", "geometry": {"type": "Point", "coordinates": [-1.0625, 67.9375]}, "properties": {"type": "anticyclone", "ssh_m": 0.1288, "zeta_s-1": -8.8e-06, "hemisphere": "N", "time": "2025-05-01T00:00:00.000000000"}}, {"type": "Feature", "geometry": {"type": "Point", "coordinates": [-54.4375, -64.0625]}, "properties": {"type": "anticyclone", "ssh_m": 0.1287, "zeta_s-1": 9e-06, "hemisphere": "S", "time": "2025-05-01T00:00:00.000000000"}}, {"type": "Feature", "geometry": {"type": "Point", "coordinates": [-53.8125, 20.4375]}, "properties": {"type": "anticyclone", "ssh_m": 0.1286, "zeta_s-1": -1.16e-05, "hemisphere": "N", "time": "2025-05-01T00:00:00.000000000"}}, {"type": "Feature", "geometry": {"type": "Point", "coordinates": [-139.3125, -57.4375]}, "properties": {"type": "anticyclone", "ssh_m": 0.1285, "zeta_s-1": 2.19e-05, "hemisphere": "S", "time": "2025-05-01T00:00:00.000000000"}}, {"type": "Feature", "geometry": {"type": "Point", "coordinates": [110.3125, 8.8125]}, "properties": {"type": "anticyclone", "ssh_m": 0.1285, "zeta_s-1": -4.3e-06, "hemisphere": "N", "time": "2025-05-01T00:00:00.000000000"}}, {"type": "Feature", "geometry": {"type": "Point", "coordinates": [-142.1875, 51.3125]}, "properties": {"type": "anticyclone", "ssh_m": 0.1285, "zeta_s-1": -1.5e-06, "hemisphere": "N", "time": "2025-05-01T00:00:00.000000000"}}, {"type": "Feature", "geometry": {"type": "Point", "coordinates": [-29.8125, 16.6875]}, "properties": {"type": "anticyclone", "ssh_m": 0.1284, "zeta_s-1": -4.6e-06, "hemisphere": "N", "time": "2025-05-01T00:00:00.000000000"}}, {"type": "Feature", "geometry": {"type": "Point", "coordinates": [103.6875, -48.3125]}, "properties": {"type": "anticyclone", "ssh_m": 0.1283, "zeta_s-1": 6.6e-06, "hemisphere": "S", "time": "2025-05-01T00:00:00.000000000"}}, {"type": "Feature", "geometry": {"type": "Point", "coordinates": [6.4375, -48.0625]}, "properties": {"type": "anticyclone", "ssh_m": 0.1282, "zeta_s-1": 7.2e-06, "hemisphere": "S", "time": "2025-05-01T00:00:00.000000000"}}, {"type": "Feature", "geometry": {"type": "Point", "coordinates": [-14.6875, 40.3125]}, "properties": {"type": "anticyclone", "ssh_m": 0.1282, "zeta_s-1": -7.8e-06, "hemisphere": "N", "time": "2025-05-01T00:00:00.000000000"}}, {"type": "Feature", "geometry": {"type": "Point", "coordinates": [119.3125, -62.8125]}, "properties": {"type": "anticyclone", "ssh_m": 0.1281, "zeta_s-1": 9.9e-06, "hemisphere": "S", "time": "2025-05-01T00:00:00.000000000"}}, {"type": "Feature", "geometry": {"type": "Point", "coordinates": [-70.3125, 41.6875]}, "properties": {"type": "anticyclone", "ssh_m": 0.128, "zeta_s-1": -2.02e-05, "hemisphere": "N", "time": "2025-05-01T00:00:00.000000000"}}, {"type": "Feature", "geometry": {"type": "Point", "coordinates": [56.3125, -62.0625]}, "properties": {"type": "anticyclone", "ssh_m": 0.1278, "zeta_s-1": 6.4e-06, "hemisphere": "S", "time": "2025-05-01T00:00:00.000000000"}}, {"type": "Feature", "geometry": {"type": "Point", "coordinates": [-80.6875, -42.5625]}, "properties": {"type": "anticyclone", "ssh_m": 0.1277, "zeta_s-1": 5.7e-06, "hemisphere": "S", "time": "2025-05-01T00:00:00.000000000"}}, {"type": "Feature", "geometry": {"type": "Point", "coordinates": [-113.4375, 29.0625]}, "properties": {"type": "anticyclone", "ssh_m": 0.1277, "zeta_s-1": NaN, "hemisphere": "N", "time": "2025-05-01T00:00:00.000000000"}}, {"type": "Feature", "geometry": {"type": "Point", "coordinates": [-31.8125, 10.8125]}, "properties": {"type": "anticyclone", "ssh_m": 0.1276, "zeta_s-1": -2.5e-06, "hemisphere": "N", "time": "2025-05-01T00:00:00.000000000"}}, {"type": "Feature", "geometry": {"type": "Point", "coordinates": [-31.6875, 56.8125]}, "properties": {"type": "anticyclone", "ssh_m": 0.1274, "zeta_s-1": -2.02e-05, "hemisphere": "N", "time": "2025-05-01T00:00:00.000000000"}}, {"type": "Feature", "geometry": {"type": "Point", "coordinates": [-23.8125, 65.9375]}, "properties": {"type": "anticyclone", "ssh_m": 0.1274, "zeta_s-1": -1.06e-05, "hemisphere": "N", "time": "2025-05-01T00:00:00.000000000"}}, {"type": "Feature", "geometry": {"type": "Point", "coordinates": [-55.1875, 24.8125]}, "properties": {"type": "anticyclone", "ssh_m": 0.1273, "zeta_s-1": -1.02e-05, "hemisphere": "N", "time": "2025-05-01T00:00:00.000000000"}}, {"type": "Feature", "geometry": {"type": "Point", "coordinates": [-147.9375, 42.5625]}, "properties": {"type": "anticyclone", "ssh_m": 0.1272, "zeta_s-1": -4.5e-06, "hemisphere": "N", "time": "2025-05-01T00:00:00.000000000"}}, {"type": "Feature", "geometry": {"type": "Point", "coordinates": [-53.1875, 59.1875]}, "properties": {"type": "anticyclone", "ssh_m": 0.1271, "zeta_s-1": -1.63e-05, "hemisphere": "N", "time": "2025-05-01T00:00:00.000000000"}}, {"type": "Feature", "geometry": {"type": "Point", "coordinates": [-36.8125, 15.5625]}, "properties": {"type": "anticyclone", "ssh_m": 0.1269, "zeta_s-1": -4.9e-06, "hemisphere": "N", "time": "2025-05-01T00:00:00.000000000"}}, {"type": "Feature", "geometry": {"type": "Point", "coordinates": [35.1875, -68.3125]}, "properties": {"type": "anticyclone", "ssh_m": 0.1266, "zeta_s-1": 2e-07, "hemisphere": "S", "time": "2025-05-01T00:00:00.000000000"}}, {"type": "Feature", "geometry": {"type": "Point", "coordinates": [-5.3125, -56.5625]}, "properties": {"type": "anticyclone", "ssh_m": 0.1266, "zeta_s-1": 6.3e-06, "hemisphere": "S", "time": "2025-05-01T00:00:00.000000000"}}, {"type": "Feature", "geometry": {"type": "Point", "coordinates": [-40.1875, 20.0625]}, "properties": {"type": "anticyclone", "ssh_m": 0.1266, "zeta_s-1": -1.2e-05, "hemisphere": "N", "time": "2025-05-01T00:00:00.000000000"}}, {"type": "Feature", "geometry": {"type": "Point", "coordinates": [-130.4375, 38.4375]}, "properties": {"type": "anticyclone", "ssh_m": 0.1265, "zeta_s-1": -9.7e-06, "hemisphere": "N", "time": "2025-05-01T00:00:00.000000000"}}, {"type": "Feature", "geometry": {"type": "Point", "coordinates": [-46.5625, -60.0625]}, "properties": {"type": "anticyclone", "ssh_m": 0.1264, "zeta_s-1": 9.6e-06, "hemisphere": "S", "time": "2025-05-01T00:00:00.000000000"}}, {"type": "Feature", "geometry": {"type": "Point", "coordinates": [-128.9375, 43.3125]}, "properties": {"type": "anticyclone", "ssh_m": 0.1263, "zeta_s-1": -5.4e-06, "hemisphere": "N", "time": "2025-05-01T00:00:00.000000000"}}, {"type": "Feature", "geometry": {"type": "Point", "coordinates": [147.8125, 59.3125]}, "properties": {"type": "anticyclone", "ssh_m": 0.1261, "zeta_s-1": NaN, "hemisphere": "N", "time": "2025-05-01T00:00:00.000000000"}}, {"type": "Feature", "geometry": {"type": "Point", "coordinates": [148.4375, -61.3125]}, "properties": {"type": "anticyclone", "ssh_m": 0.126, "zeta_s-1": 7.8e-06, "hemisphere": "S", "time": "2025-05-01T00:00:00.000000000"}}, {"type": "Feature", "geometry": {"type": "Point", "coordinates": [-104.1875, -60.5625]}, "properties": {"type": "anticyclone", "ssh_m": 0.126, "zeta_s-1": 1.2e-05, "hemisphere": "S", "time": "2025-05-01T00:00:00.000000000"}}, {"type": "Feature", "geometry": {"type": "Point", "coordinates": [-7.6875, -51.5625]}, "properties": {"type": "anticyclone", "ssh_m": 0.1259, "zeta_s-1": 3.9e-06, "hemisphere": "S", "time": "2025-05-01T00:00:00.000000000"}}, {"type": "Feature", "geometry": {"type": "Point", "coordinates": [145.3125, 49.8125]}, "properties": {"type": "anticyclone", "ssh_m": 0.1259, "zeta_s-1": -3.1e-06, "hemisphere": "N", "time": "2025-05-01T00:00:00.000000000"}}, {"type": "Feature", "geometry": {"type": "Point", "coordinates": [2.1875, 62.5625]}, "properties": {"type": "anticyclone", "ssh_m": 0.1259, "zeta_s-1": -1.35e-05, "hemisphere": "N", "time": "2025-05-01T00:00:00.000000000"}}, {"type": "Feature", "geometry": {"type": "Point", "coordinates": [-9.5625, 38.0625]}, "properties": {"type": "anticyclone", "ssh_m": 0.1255, "zeta_s-1": -6.8e-06, "hemisphere": "N", "time": "2025-05-01T00:00:00.000000000"}}, {"type": "Feature", "geometry": {"type": "Point", "coordinates": [-60.6875, 44.6875]}, "properties": {"type": "anticyclone", "ssh_m": 0.1255, "zeta_s-1": -8.8e-06, "hemisphere": "N", "time": "2025-05-01T00:00:00.000000000"}}, {"type": "Feature", "geometry": {"type": "Point", "coordinates": [-90.8125, 9.6875]}, "properties": {"type": "anticyclone", "ssh_m": 0.1254, "zeta_s-1": -4.7e-06, "hemisphere": "N", "time": "2025-05-01T00:00:00.000000000"}}, {"type": "Feature", "geometry": {"type": "Point", "coordinates": [-125.3125, 39.8125]}, "properties": {"type": "anticyclone", "ssh_m": 0.1254, "zeta_s-1": -1.46e-05, "hemisphere": "N", "time": "2025-05-01T00:00:00.000000000"}}, {"type": "Feature", "geometry": {"type": "Point", "coordinates": [64.8125, -18.9375]}, "properties": {"type": "anticyclone", "ssh_m": 0.1252, "zeta_s-1": 1.09e-05, "hemisphere": "S", "time": "2025-05-01T00:00:00.000000000"}}, {"type": "Feature", "geometry": {"type": "Point", "coordinates": [141.9375, 58.3125]}, "properties": {"type": "anticyclone", "ssh_m": 0.1252, "zeta_s-1": -4.9e-06, "hemisphere": "N", "time": "2025-05-01T00:00:00.000000000"}}, {"type": "Feature", "geometry": {"type": "Point", "coordinates": [-167.3125, 31.3125]}, "properties": {"type": "anticyclone", "ssh_m": 0.125, "zeta_s-1": -1.06e-05, "hemisphere": "N", "time": "2025-05-01T00:00:00.000000000"}}, {"type": "Feature", "geometry": {"type": "Point", "coordinates": [-86.9375, -49.5625]}, "properties": {"type": "anticyclone", "ssh_m": 0.1249, "zeta_s-1": 7.6e-06, "hemisphere": "S", "time": "2025-05-01T00:00:00.000000000"}}, {"type": "Feature", "geometry": {"type": "Point", "coordinates": [152.5625, 56.6875]}, "properties": {"type": "anticyclone", "ssh_m": 0.1249, "zeta_s-1": -5.8e-06, "hemisphere": "N", "time": "2025-05-01T00:00:00.000000000"}}, {"type": "Feature", "geometry": {"type": "Point", "coordinates": [177.1875, 56.6875]}, "properties": {"type": "anticyclone", "ssh_m": 0.1249, "zeta_s-1": -7e-06, "hemisphere": "N", "time": "2025-05-01T00:00:00.000000000"}}, {"type": "Feature", "geometry": {"type": "Point", "coordinates": [-99.6875, -50.5625]}, "properties": {"type": "anticyclone", "ssh_m": 0.1248, "zeta_s-1": 4.3e-06, "hemisphere": "S", "time": "2025-05-01T00:00:00.000000000"}}, {"type": "Feature", "geometry": {"type": "Point", "coordinates": [-76.5625, 25.1875]}, "properties": {"type": "anticyclone", "ssh_m": 0.1248, "zeta_s-1": -2.57e-05, "hemisphere": "N", "time": "2025-05-01T00:00:00.000000000"}}, {"type": "Feature", "geometry": {"type": "Point", "coordinates": [-101.3125, -13.8125]}, "properties": {"type": "anticyclone", "ssh_m": 0.1247, "zeta_s-1": 3.6e-06, "hemisphere": "S", "time": "2025-05-01T00:00:00.000000000"}}, {"type": "Feature", "geometry": {"type": "Point", "coordinates": [125.9375, 26.6875]}, "properties": {"type": "anticyclone", "ssh_m": 0.1246, "zeta_s-1": -1.75e-05, "hemisphere": "N", "time": "2025-05-01T00:00:00.000000000"}}, {"type": "Feature", "geometry": {"type": "Point", "coordinates": [-20.0625, 27.3125]}, "properties": {"type": "anticyclone", "ssh_m": 0.1245, "zeta_s-1": -1.13e-05, "hemisphere": "N", "time": "2025-05-01T00:00:00.000000000"}}, {"type": "Feature", "geometry": {"type": "Point", "coordinates": [-145.9375, 32.5625]}, "properties": {"type": "anticyclone", "ssh_m": 0.1245, "zeta_s-1": -5.7e-06, "hemisphere": "N", "time": "2025-05-01T00:00:00.000000000"}}, {"type": "Feature", "geometry": {"type": "Point", "coordinates": [-28.8125, 30.3125]}, "properties": {"type": "anticyclone", "ssh_m": 0.1238, "zeta_s-1": -3.7e-06, "hemisphere": "N", "time": "2025-05-01T00:00:00.000000000"}}, {"type": "Feature", "geometry": {"type": "Point", "coordinates": [-32.0625, 64.5625]}, "properties": {"type": "anticyclone", "ssh_m": 0.1234, "zeta_s-1": -2.15e-05, "hemisphere": "N", "time": "2025-05-01T00:00:00.000000000"}}, {"type": "Feature", "geometry": {"type": "Point", "coordinates": [-115.8125, 22.9375]}, "properties": {"type": "anticyclone", "ssh_m": 0.1233, "zeta_s-1": -6.3e-06, "hemisphere": "N", "time": "2025-05-01T00:00:00.000000000"}}, {"type": "Feature", "geometry": {"type": "Point", "coordinates": [-17.0625, 49.8125]}, "properties": {"type": "anticyclone", "ssh_m": 0.1231, "zeta_s-1": -6.1e-06, "hemisphere": "N", "time": "2025-05-01T00:00:00.000000000"}}, {"type": "Feature", "geometry": {"type": "Point", "coordinates": [-4.1875, 36.4375]}, "properties": {"type": "anticyclone", "ssh_m": 0.123, "zeta_s-1": -9.8e-06, "hemisphere": "N", "time": "2025-05-01T00:00:00.000000000"}}, {"type": "Feature", "geometry": {"type": "Point", "coordinates": [159.9375, 54.1875]}, "properties": {"type": "anticyclone", "ssh_m": 0.1229, "zeta_s-1": NaN, "hemisphere": "N", "time": "2025-05-01T00:00:00.000000000"}}, {"type": "Feature", "geometry": {"type": "Point", "coordinates": [-68.1875, -67.8125]}, "properties": {"type": "anticyclone", "ssh_m": 0.1228, "zeta_s-1": 1.17e-05, "hemisphere": "S", "time": "2025-05-01T00:00:00.000000000"}}, {"type": "Feature", "geometry": {"type": "Point", "coordinates": [17.0625, -29.5625]}, "properties": {"type": "anticyclone", "ssh_m": 0.1227, "zeta_s-1": NaN, "hemisphere": "S", "time": "2025-05-01T00:00:00.000000000"}}, {"type": "Feature", "geometry": {"type": "Point", "coordinates": [-148.1875, 53.1875]}, "properties": {"type": "anticyclone", "ssh_m": 0.1226, "zeta_s-1": -2.3e-06, "hemisphere": "N", "time": "2025-05-01T00:00:00.000000000"}}, {"type": "Feature", "geometry": {"type": "Point", "coordinates": [-23.9375, 19.1875]}, "properties": {"type": "anticyclone", "ssh_m": 0.1225, "zeta_s-1": -6.4e-06, "hemisphere": "N", "time": "2025-05-01T00:00:00.000000000"}}, {"type": "Feature", "geometry": {"type": "Point", "coordinates": [161.5625, 54.5625]}, "properties": {"type": "anticyclone", "ssh_m": 0.1225, "zeta_s-1": NaN, "hemisphere": "N", "time": "2025-05-01T00:00:00.000000000"}}, {"type": "Feature", "geometry": {"type": "Point", "coordinates": [121.9375, 40.4375]}, "properties": {"type": "anticyclone", "ssh_m": 0.1223, "zeta_s-1": -9.3e-06, "hemisphere": "N", "time": "2025-05-01T00:00:00.000000000"}}, {"type": "Feature", "geometry": {"type": "Point", "coordinates": [-14.0625, -56.4375]}, "properties": {"type": "anticyclone", "ssh_m": 0.1222, "zeta_s-1": 6.2e-06, "hemisphere": "S", "time": "2025-05-01T00:00:00.000000000"}}, {"type": "Feature", "geometry": {"type": "Point", "coordinates": [-96.4375, -49.1875]}, "properties": {"type": "anticyclone", "ssh_m": 0.1222, "zeta_s-1": 4.7e-06, "hemisphere": "S", "time": "2025-05-01T00:00:00.000000000"}}, {"type": "Feature", "geometry": {"type": "Point", "coordinates": [-1.4375, 50.4375]}, "properties": {"type": "anticyclone", "ssh_m": 0.1222, "zeta_s-1": -1.51e-05, "hemisphere": "N", "time": "2025-05-01T00:00:00.000000000"}}, {"type": "Feature", "geometry": {"type": "Point", "coordinates": [9.6875, -50.3125]}, "properties": {"type": "anticyclone", "ssh_m": 0.1221, "zeta_s-1": 5.5e-06, "hemisphere": "S", "time": "2025-05-01T00:00:00.000000000"}}, {"type": "Feature", "geometry": {"type": "Point", "coordinates": [145.9375, 58.3125]}, "properties": {"type": "anticyclone", "ssh_m": 0.1221, "zeta_s-1": -1.8e-06, "hemisphere": "N", "time": "2025-05-01T00:00:00.000000000"}}, {"type": "Feature", "geometry": {"type": "Point", "coordinates": [-96.8125, -12.4375]}, "properties": {"type": "anticyclone", "ssh_m": 0.1218, "zeta_s-1": 4e-06, "hemisphere": "S", "time": "2025-05-01T00:00:00.000000000"}}, {"type": "Feature", "geometry": {"type": "Point", "coordinates": [-128.6875, 31.4375]}, "properties": {"type": "anticyclone", "ssh_m": 0.1218, "zeta_s-1": -8.7e-06, "hemisphere": "N", "time": "2025-05-01T00:00:00.000000000"}}, {"type": "Feature", "geometry": {"type": "Point", "coordinates": [-42.4375, 21.4375]}, "properties": {"type": "anticyclone", "ssh_m": 0.1217, "zeta_s-1": -7.6e-06, "hemisphere": "N", "time": "2025-05-01T00:00:00.000000000"}}, {"type": "Feature", "geometry": {"type": "Point", "coordinates": [-147.9375, 34.5625]}, "properties": {"type": "anticyclone", "ssh_m": 0.1217, "zeta_s-1": -6.9e-06, "hemisphere": "N", "time": "2025-05-01T00:00:00.000000000"}}, {"type": "Feature", "geometry": {"type": "Point", "coordinates": [-4.9375, 66.9375]}, "properties": {"type": "anticyclone", "ssh_m": 0.1215, "zeta_s-1": -7.2e-06, "hemisphere": "N", "time": "2025-05-01T00:00:00.000000000"}}, {"type": "Feature", "geometry": {"type": "Point", "coordinates": [25.4375, -63.0625]}, "properties": {"type": "anticyclone", "ssh_m": 0.1214, "zeta_s-1": 9.6e-06, "hemisphere": "S", "time": "2025-05-01T00:00:00.000000000"}}, {"type": "Feature", "geometry": {"type": "Point", "coordinates": [58.8125, -14.4375]}, "properties": {"type": "anticyclone", "ssh_m": 0.1213, "zeta_s-1": 7.8e-06, "hemisphere": "S", "time": "2025-05-01T00:00:00.000000000"}}, {"type": "Feature", "geometry": {"type": "Point", "coordinates": [147.8125, -63.1875]}, "properties": {"type": "anticyclone", "ssh_m": 0.1212, "zeta_s-1": 1.14e-05, "hemisphere": "S", "time": "2025-05-01T00:00:00.000000000"}}, {"type": "Feature", "geometry": {"type": "Point", "coordinates": [-9.8125, -57.6875]}, "properties": {"type": "anticyclone", "ssh_m": 0.1211, "zeta_s-1": 8.8e-06, "hemisphere": "S", "time": "2025-05-01T00:00:00.000000000"}}, {"type": "Feature", "geometry": {"type": "Point", "coordinates": [20.1875, -54.9375]}, "properties": {"type": "anticyclone", "ssh_m": 0.121, "zeta_s-1": 6.4e-06, "hemisphere": "S", "time": "2025-05-01T00:00:00.000000000"}}, {"type": "Feature", "geometry": {"type": "Point", "coordinates": [-120.1875, 17.5625]}, "properties": {"type": "anticyclone", "ssh_m": 0.1208, "zeta_s-1": -6.8e-06, "hemisphere": "N", "time": "2025-05-01T00:00:00.000000000"}}, {"type": "Feature", "geometry": {"type": "Point", "coordinates": [-117.3125, 25.8125]}, "properties": {"type": "anticyclone", "ssh_m": 0.1207, "zeta_s-1": -8.7e-06, "hemisphere": "N", "time": "2025-05-01T00:00:00.000000000"}}, {"type": "Feature", "geometry": {"type": "Point", "coordinates": [-56.6875, -46.9375]}, "properties": {"type": "anticyclone", "ssh_m": 0.1206, "zeta_s-1": 8e-06, "hemisphere": "S", "time": "2025-05-01T00:00:00.000000000"}}, {"type": "Feature", "geometry": {"type": "Point", "coordinates": [-103.6875, 15.8125]}, "properties": {"type": "anticyclone", "ssh_m": 0.1206, "zeta_s-1": -1.1e-05, "hemisphere": "N", "time": "2025-05-01T00:00:00.000000000"}}, {"type": "Feature", "geometry": {"type": "Point", "coordinates": [-53.1875, 70.8125]}, "properties": {"type": "anticyclone", "ssh_m": 0.1206, "zeta_s-1": NaN, "hemisphere": "N", "time": "2025-05-01T00:00:00.000000000"}}, {"type": "Feature", "geometry": {"type": "Point", "coordinates": [-109.9375, -32.6875]}, "properties": {"type": "anticyclone", "ssh_m": 0.1205, "zeta_s-1": 5.7e-06, "hemisphere": "S", "time": "2025-05-01T00:00:00.000000000"}}, {"type": "Feature", "geometry": {"type": "Point", "coordinates": [-20.9375, 36.5625]}, "properties": {"type": "anticyclone", "ssh_m": 0.1205, "zeta_s-1": -4.2e-06, "hemisphere": "N", "time": "2025-05-01T00:00:00.000000000"}}, {"type": "Feature", "geometry": {"type": "Point", "coordinates": [-5.1875, 58.1875]}, "properties": {"type": "anticyclone", "ssh_m": 0.1205, "zeta_s-1": NaN, "hemisphere": "N", "time": "2025-05-01T00:00:00.000000000"}}, {"type": "Feature", "geometry": {"type": "Point", "coordinates": [-0.1875, 59.0625]}, "properties": {"type": "anticyclone", "ssh_m": 0.1205, "zeta_s-1": -2.4e-06, "hemisphere": "N", "time": "2025-05-01T00:00:00.000000000"}}, {"type": "Feature", "geometry": {"type": "Point", "coordinates": [63.4375, -14.6875]}, "properties": {"type": "anticyclone", "ssh_m": 0.1204, "zeta_s-1": 1.03e-05, "hemisphere": "S", "time": "2025-05-01T00:00:00.000000000"}}, {"type": "Feature", "geometry": {"type": "Point", "coordinates": [-4.0625, 69.4375]}, "properties": {"type": "anticyclone", "ssh_m": 0.1202, "zeta_s-1": -1.55e-05, "hemisphere": "N", "time": "2025-05-01T00:00:00.000000000"}}, {"type": "Feature", "geometry": {"type": "Point", "coordinates": [-112.5625, 0.1875]}, "properties": {"type": "anticyclone", "ssh_m": 0.1201, "zeta_s-1": NaN, "hemisphere": "N", "time": "2025-05-01T00:00:00.000000000"}}, {"type": "Feature", "geometry": {"type": "Point", "coordinates": [-137.8125, 52.3125]}, "properties": {"type": "anticyclone", "ssh_m": 0.1201, "zeta_s-1": -4.3e-06, "hemisphere": "N", "time": "2025-05-01T00:00:00.000000000"}}, {"type": "Feature", "geometry": {"type": "Point", "coordinates": [-104.8125, -68.0625]}, "properties": {"type": "anticyclone", "ssh_m": 0.12, "zeta_s-1": 9.4e-06, "hemisphere": "S", "time": "2025-05-01T00:00:00.000000000"}}, {"type": "Feature", "geometry": {"type": "Point", "coordinates": [-33.1875, -13.5625]}, "properties": {"type": "anticyclone", "ssh_m": 0.12, "zeta_s-1": 3.7e-06, "hemisphere": "S", "time": "2025-05-01T00:00:00.000000000"}}, {"type": "Feature", "geometry": {"type": "Point", "coordinates": [54.3125, 26.0625]}, "properties": {"type": "anticyclone", "ssh_m": 0.12, "zeta_s-1": -4.5e-06, "hemisphere": "N", "time": "2025-05-01T00:00:00.000000000"}}, {"type": "Feature", "geometry": {"type": "Point", "coordinates": [-151.1875, 37.6875]}, "properties": {"type": "anticyclone", "ssh_m": 0.12, "zeta_s-1": -6.3e-06, "hemisphere": "N", "time": "2025-05-01T00:00:00.000000000"}}, {"type": "Feature", "geometry": {"type": "Point", "coordinates": [-69.8125, 40.1875]}, "properties": {"type": "anticyclone", "ssh_m": 0.12, "zeta_s-1": -1.3e-05, "hemisphere": "N", "time": "2025-05-01T00:00:00.000000000"}}, {"type": "Feature", "geometry": {"type": "Point", "coordinates": [15.1875, 39.8125]}, "properties": {"type": "anticyclone", "ssh_m": 0.1199, "zeta_s-1": -1.03e-05, "hemisphere": "N", "time": "2025-05-01T00:00:00.000000000"}}, {"type": "Feature", "geometry": {"type": "Point", "coordinates": [-13.8125, 64.9375]}, "properties": {"type": "anticyclone", "ssh_m": 0.1199, "zeta_s-1": -6.3e-06, "hemisphere": "N", "time": "2025-05-01T00:00:00.000000000"}}, {"type": "Feature", "geometry": {"type": "Point", "coordinates": [-36.0625, -61.0625]}, "properties": {"type": "anticyclone", "ssh_m": 0.1198, "zeta_s-1": 5.3e-06, "hemisphere": "S", "time": "2025-05-01T00:00:00.000000000"}}, {"type": "Feature", "geometry": {"type": "Point", "coordinates": [171.6875, 59.9375]}, "properties": {"type": "anticyclone", "ssh_m": 0.1197, "zeta_s-1": -1.11e-05, "hemisphere": "N", "time": "2025-05-01T00:00:00.000000000"}}, {"type": "Feature", "geometry": {"type": "Point", "coordinates": [132.4375, -58.0625]}, "properties": {"type": "anticyclone", "ssh_m": 0.1195, "zeta_s-1": 7.6e-06, "hemisphere": "S", "time": "2025-05-01T00:00:00.000000000"}}, {"type": "Feature", "geometry": {"type": "Point", "coordinates": [-19.0625, 37.9375]}, "properties": {"type": "anticyclone", "ssh_m": 0.1195, "zeta_s-1": -6.4e-06, "hemisphere": "N", "time": "2025-05-01T00:00:00.000000000"}}, {"type": "Feature", "geometry": {"type": "Point", "coordinates": [-47.1875, 47.3125]}, "properties": {"type": "anticyclone", "ssh_m": 0.1194, "zeta_s-1": -8.8e-06, "hemisphere": "N", "time": "2025-05-01T00:00:00.000000000"}}, {"type": "Feature", "geometry": {"type": "Point", "coordinates": [-157.1875, 46.3125]}, "properties": {"type": "anticyclone", "ssh_m": 0.1193, "zeta_s-1": -2.5e-06, "hemisphere": "N", "time": "2025-05-01T00:00:00.000000000"}}, {"type": "Feature", "geometry": {"type": "Point", "coordinates": [-97.9375, -52.1875]}, "properties": {"type": "anticyclone", "ssh_m": 0.1192, "zeta_s-1": 6.1e-06, "hemisphere": "S", "time": "2025-05-01T00:00:00.000000000"}}, {"type": "Feature", "geometry": {"type": "Point", "coordinates": [159.1875, 26.4375]}, "properties": {"type": "anticyclone", "ssh_m": 0.1191, "zeta_s-1": -8.7e-06, "hemisphere": "N", "time": "2025-05-01T00:00:00.000000000"}}, {"type": "Feature", "geometry": {"type": "Point", "coordinates": [-103.5625, -47.4375]}, "properties": {"type": "anticyclone", "ssh_m": 0.119, "zeta_s-1": 6.4e-06, "hemisphere": "S", "time": "2025-05-01T00:00:00.000000000"}}, {"type": "Feature", "geometry": {"type": "Point", "coordinates": [104.3125, -16.6875]}, "properties": {"type": "anticyclone", "ssh_m": 0.1189, "zeta_s-1": 5.3e-06, "hemisphere": "S", "time": "2025-05-01T00:00:00.000000000"}}, {"type": "Feature", "geometry": {"type": "Point", "coordinates": [-26.8125, 35.8125]}, "properties": {"type": "anticyclone", "ssh_m": 0.1189, "zeta_s-1": -3.6e-06, "hemisphere": "N", "time": "2025-05-01T00:00:00.000000000"}}, {"type": "Feature", "geometry": {"type": "Point", "coordinates": [-37.3125, 47.8125]}, "properties": {"type": "anticyclone", "ssh_m": 0.1189, "zeta_s-1": -1.73e-05, "hemisphere": "N", "time": "2025-05-01T00:00:00.000000000"}}, {"type": "Feature", "geometry": {"type": "Point", "coordinates": [164.0625, 59.9375]}, "properties": {"type": "anticyclone", "ssh_m": 0.1189, "zeta_s-1": NaN, "hemisphere": "N", "time": "2025-05-01T00:00:00.000000000"}}, {"type": "Feature", "geometry": {"type": "Point", "coordinates": [-47.3125, 49.5625]}, "properties": {"type": "anticyclone", "ssh_m": 0.1185, "zeta_s-1": -1.36e-05, "hemisphere": "N", "time": "2025-05-01T00:00:00.000000000"}}, {"type": "Feature", "geometry": {"type": "Point", "coordinates": [155.3125, 50.4375]}, "properties": {"type": "anticyclone", "ssh_m": 0.1185, "zeta_s-1": -7.8e-06, "hemisphere": "N", "time": "2025-05-01T00:00:00.000000000"}}, {"type": "Feature", "geometry": {"type": "Point", "coordinates": [-14.5625, 27.5625]}, "properties": {"type": "anticyclone", "ssh_m": 0.1184, "zeta_s-1": -1.08e-05, "hemisphere": "N", "time": "2025-05-01T00:00:00.000000000"}}, {"type": "Feature", "geometry": {"type": "Point", "coordinates": [30.4375, 35.5625]}, "properties": {"type": "anticyclone", "ssh_m": 0.1182, "zeta_s-1": -1.43e-05, "hemisphere": "N", "time": "2025-05-01T00:00:00.000000000"}}, {"type": "Feature", "geometry": {"type": "Point", "coordinates": [-112.9375, -60.1875]}, "properties": {"type": "anticyclone", "ssh_m": 0.1181, "zeta_s-1": 1.09e-05, "hemisphere": "S", "time": "2025-05-01T00:00:00.000000000"}}, {"type": "Feature", "geometry": {"type": "Point", "coordinates": [8.0625, 41.9375]}, "properties": {"type": "anticyclone", "ssh_m": 0.1181, "zeta_s-1": -1.16e-05, "hemisphere": "N", "time": "2025-05-01T00:00:00.000000000"}}, {"type": "Feature", "geometry": {"type": "Point", "coordinates": [134.1875, -61.6875]}, "properties": {"type": "anticyclone", "ssh_m": 0.118, "zeta_s-1": 3.3e-06, "hemisphere": "S", "time": "2025-05-01T00:00:00.000000000"}}, {"type": "Feature", "geometry": {"type": "Point", "coordinates": [-5.9375, 71.3125]}, "properties": {"type": "anticyclone", "ssh_m": 0.1179, "zeta_s-1": -4.1e-06, "hemisphere": "N", "time": "2025-05-01T00:00:00.000000000"}}, {"type": "Feature", "geometry": {"type": "Point", "coordinates": [-41.0625, -60.1875]}, "properties": {"type": "anticyclone", "ssh_m": 0.1178, "zeta_s-1": 5.7e-06, "hemisphere": "S", "time": "2025-05-01T00:00:00.000000000"}}, {"type": "Feature", "geometry": {"type": "Point", "coordinates": [-141.6875, 38.8125]}, "properties": {"type": "anticyclone", "ssh_m": 0.1177, "zeta_s-1": -7.7e-06, "hemisphere": "N", "time": "2025-05-01T00:00:00.000000000"}}, {"type": "Feature", "geometry": {"type": "Point", "coordinates": [-81.3125, 10.0625]}, "properties": {"type": "anticyclone", "ssh_m": 0.1176, "zeta_s-1": -3.2e-06, "hemisphere": "N", "time": "2025-05-01T00:00:00.000000000"}}, {"type": "Feature", "geometry": {"type": "Point", "coordinates": [-106.1875, 23.0625]}, "properties": {"type": "anticyclone", "ssh_m": 0.1176, "zeta_s-1": NaN, "hemisphere": "N", "time": "2025-05-01T00:00:00.000000000"}}, {"type": "Feature", "geometry": {"type": "Point", "coordinates": [-117.6875, 16.9375]}, "properties": {"type": "anticyclone", "ssh_m": 0.1175, "zeta_s-1": -1.27e-05, "hemisphere": "N", "time": "2025-05-01T00:00:00.000000000"}}, {"type": "Feature", "geometry": {"type": "Point", "coordinates": [-91.3125, -49.6875]}, "properties": {"type": "anticyclone", "ssh_m": 0.1174, "zeta_s-1": 5.3e-06, "hemisphere": "S", "time": "2025-05-01T00:00:00.000000000"}}, {"type": "Feature", "geometry": {"type": "Point", "coordinates": [149.3125, 53.5625]}, "properties": {"type": "anticyclone", "ssh_m": 0.1174, "zeta_s-1": -7.8e-06, "hemisphere": "N", "time": "2025-05-01T00:00:00.000000000"}}, {"type": "Feature", "geometry": {"type": "Point", "coordinates": [154.0625, 54.9375]}, "properties": {"type": "anticyclone", "ssh_m": 0.1172, "zeta_s-1": -7.4e-06, "hemisphere": "N", "time": "2025-05-01T00:00:00.000000000"}}, {"type": "Feature", "geometry": {"type": "Point", "coordinates": [168.1875, 4.9375]}, "properties": {"type": "anticyclone", "ssh_m": 0.1171, "zeta_s-1": NaN, "hemisphere": "N", "time": "2025-05-01T00:00:00.000000000"}}, {"type": "Feature", "geometry": {"type": "Point", "coordinates": [-130.5625, 41.3125]}, "properties": {"type": "anticyclone", "ssh_m": 0.1171, "zeta_s-1": -7.9e-06, "hemisphere": "N", "time": "2025-05-01T00:00:00.000000000"}}, {"type": "Feature", "geometry": {"type": "Point", "coordinates": [-36.0625, 49.3125]}, "properties": {"type": "anticyclone", "ssh_m": 0.1171, "zeta_s-1": -2.23e-05, "hemisphere": "N", "time": "2025-05-01T00:00:00.000000000"}}, {"type": "Feature", "geometry": {"type": "Point", "coordinates": [1.9375, 60.8125]}, "properties": {"type": "anticyclone", "ssh_m": 0.117, "zeta_s-1": -4.7e-06, "hemisphere": "N", "time": "2025-05-01T00:00:00.000000000"}}, {"type": "Feature", "geometry": {"type": "Point", "coordinates": [9.9375, 65.5625]}, "properties": {"type": "anticyclone", "ssh_m": 0.1169, "zeta_s-1": -4.3e-06, "hemisphere": "N", "time": "2025-05-01T00:00:00.000000000"}}, {"type": "Feature", "geometry": {"type": "Point", "coordinates": [-10.4375, 70.8125]}, "properties": {"type": "anticyclone", "ssh_m": 0.1168, "zeta_s-1": -3.5e-06, "hemisphere": "N", "time": "2025-05-01T00:00:00.000000000"}}, {"type": "Feature", "geometry": {"type": "Point", "coordinates": [-48.3125, 58.8125]}, "properties": {"type": "anticyclone", "ssh_m": 0.1166, "zeta_s-1": -1.25e-05, "hemisphere": "N", "time": "2025-05-01T00:00:00.000000000"}}, {"type": "Feature", "geometry": {"type": "Point", "coordinates": [17.9375, 41.4375]}, "properties": {"type": "anticyclone", "ssh_m": 0.1164, "zeta_s-1": -4.6e-06, "hemisphere": "N", "time": "2025-05-01T00:00:00.000000000"}}, {"type": "Feature", "geometry": {"type": "Point", "coordinates": [23.6875, 73.9375]}, "properties": {"type": "anticyclone", "ssh_m": 0.1164, "zeta_s-1": -9e-06, "hemisphere": "N", "time": "2025-05-01T00:00:00.000000000"}}, {"type": "Feature", "geometry": {"type": "Point", "coordinates": [111.9375, -55.8125]}, "properties": {"type": "anticyclone", "ssh_m": 0.1161, "zeta_s-1": 7.7e-06, "hemisphere": "S", "time": "2025-05-01T00:00:00.000000000"}}, {"type": "Feature", "geometry": {"type": "Point", "coordinates": [103.4375, -55.3125]}, "properties": {"type": "anticyclone", "ssh_m": 0.1161, "zeta_s-1": 1.01e-05, "hemisphere": "S", "time": "2025-05-01T00:00:00.000000000"}}, {"type": "Feature", "geometry": {"type": "Point", "coordinates": [-72.9375, 17.3125]}, "properties": {"type": "anticyclone", "ssh_m": 0.116, "zeta_s-1": -1.96e-05, "hemisphere": "N", "time": "2025-05-01T00:00:00.000000000"}}, {"type": "Feature", "geometry": {"type": "Point", "coordinates": [55.5625, -17.5625]}, "properties": {"type": "anticyclone", "ssh_m": 0.1159, "zeta_s-1": 1.03e-05, "hemisphere": "S", "time": "2025-05-01T00:00:00.000000000"}}, {"type": "Feature", "geometry": {"type": "Point", "coordinates": [-57.8125, 22.4375]}, "properties": {"type": "anticyclone", "ssh_m": 0.1158, "zeta_s-1": -8.6e-06, "hemisphere": "N", "time": "2025-05-01T00:00:00.000000000"}}, {"type": "Feature", "geometry": {"type": "Point", "coordinates": [-162.3125, 32.6875]}, "properties": {"type": "anticyclone", "ssh_m": 0.1158, "zeta_s-1": -6e-06, "hemisphere": "N", "time": "2025-05-01T00:00:00.000000000"}}, {"type": "Feature", "geometry": {"type": "Point", "coordinates": [-120.6875, -66.1875]}, "properties": {"type": "anticyclone", "ssh_m": 0.1156, "zeta_s-1": 1.13e-05, "hemisphere": "S", "time": "2025-05-01T00:00:00.000000000"}}, {"type": "Feature", "geometry": {"type": "Point", "coordinates": [-52.8125, 49.3125]}, "properties": {"type": "anticyclone", "ssh_m": 0.1156, "zeta_s-1": -8.6e-06, "hemisphere": "N", "time": "2025-05-01T00:00:00.000000000"}}, {"type": "Feature", "geometry": {"type": "Point", "coordinates": [-174.9375, -62.8125]}, "properties": {"type": "anticyclone", "ssh_m": 0.1153, "zeta_s-1": 1.45e-05, "hemisphere": "S", "time": "2025-05-01T00:00:00.000000000"}}, {"type": "Feature", "geometry": {"type": "Point", "coordinates": [37.6875, -68.3125]}, "properties": {"type": "anticyclone", "ssh_m": 0.115, "zeta_s-1": 2.8e-06, "hemisphere": "S", "time": "2025-05-01T00:00:00.000000000"}}, {"type": "Feature", "geometry": {"type": "Point", "coordinates": [20.8125, 73.5625]}, "properties": {"type": "anticyclone", "ssh_m": 0.115, "zeta_s-1": -7.3e-06, "hemisphere": "N", "time": "2025-05-01T00:00:00.000000000"}}, {"type": "Feature", "geometry": {"type": "Point", "coordinates": [159.3125, 59.8125]}, "properties": {"type": "anticyclone", "ssh_m": 0.1149, "zeta_s-1": -6.5e-06, "hemisphere": "N", "time": "2025-05-01T00:00:00.000000000"}}, {"type": "Feature", "geometry": {"type": "Point", "coordinates": [-19.6875, 39.8125]}, "properties": {"type": "anticyclone", "ssh_m": 0.1148, "zeta_s-1": -5.8e-06, "hemisphere": "N", "time": "2025-05-01T00:00:00.000000000"}}, {"type": "Feature", "geometry": {"type": "Point", "coordinates": [7.3125, 63.8125]}, "properties": {"type": "anticyclone", "ssh_m": 0.1148, "zeta_s-1": -8.2e-06, "hemisphere": "N", "time": "2025-05-01T00:00:00.000000000"}}, {"type": "Feature", "geometry": {"type": "Point", "coordinates": [120.5625, -53.0625]}, "properties": {"type": "anticyclone", "ssh_m": 0.1143, "zeta_s-1": 1.1e-05, "hemisphere": "S", "time": "2025-05-01T00:00:00.000000000"}}, {"type": "Feature", "geometry": {"type": "Point", "coordinates": [-89.0625, -20.0625]}, "properties": {"type": "anticyclone", "ssh_m": 0.1143, "zeta_s-1": 2.7e-06, "hemisphere": "S", "time": "2025-05-01T00:00:00.000000000"}}, {"type": "Feature", "geometry": {"type": "Point", "coordinates": [-99.4375, -68.8125]}, "properties": {"type": "anticyclone", "ssh_m": 0.1142, "zeta_s-1": 1.08e-05, "hemisphere": "S", "time": "2025-05-01T00:00:00.000000000"}}, {"type": "Feature", "geometry": {"type": "Point", "coordinates": [-153.6875, 54.3125]}, "properties": {"type": "anticyclone", "ssh_m": 0.1141, "zeta_s-1": -6.3e-06, "hemisphere": "N", "time": "2025-05-01T00:00:00.000000000"}}, {"type": "Feature", "geometry": {"type": "Point", "coordinates": [5.3125, -56.3125]}, "properties": {"type": "anticyclone", "ssh_m": 0.114, "zeta_s-1": 4.3e-06, "hemisphere": "S", "time": "2025-05-01T00:00:00.000000000"}}, {"type": "Feature", "geometry": {"type": "Point", "coordinates": [-101.0625, 0.1875]}, "properties": {"type": "anticyclone", "ssh_m": 0.114, "zeta_s-1": NaN, "hemisphere": "N", "time": "2025-05-01T00:00:00.000000000"}}, {"type": "Feature", "geometry": {"type": "Point", "coordinates": [-128.8125, 27.0625]}, "properties": {"type": "anticyclone", "ssh_m": 0.114, "zeta_s-1": -4.5e-06, "hemisphere": "N", "time": "2025-05-01T00:00:00.000000000"}}, {"type": "Feature", "geometry": {"type": "Point", "coordinates": [-135.5625, 19.0625]}, "properties": {"type": "anticyclone", "ssh_m": 0.1139, "zeta_s-1": -8.8e-06, "hemisphere": "N", "time": "2025-05-01T00:00:00.000000000"}}, {"type": "Feature", "geometry": {"type": "Point", "coordinates": [-162.5625, 52.6875]}, "properties": {"type": "anticyclone", "ssh_m": 0.1139, "zeta_s-1": -3.2e-06, "hemisphere": "N", "time": "2025-05-01T00:00:00.000000000"}}, {"type": "Feature", "geometry": {"type": "Point", "coordinates": [171.5625, 52.9375]}, "properties": {"type": "anticyclone", "ssh_m": 0.1138, "zeta_s-1": -6.5e-06, "hemisphere": "N", "time": "2025-05-01T00:00:00.000000000"}}, {"type": "Feature", "geometry": {"type": "Point", "coordinates": [-106.5625, -49.4375]}, "properties": {"type": "anticyclone", "ssh_m": 0.1137, "zeta_s-1": 8.2e-06, "hemisphere": "S", "time": "2025-05-01T00:00:00.000000000"}}, {"type": "Feature", "geometry": {"type": "Point", "coordinates": [-28.9375, 10.1875]}, "properties": {"type": "anticyclone", "ssh_m": 0.1136, "zeta_s-1": -1.8e-06, "hemisphere": "N", "time": "2025-05-01T00:00:00.000000000"}}, {"type": "Feature", "geometry": {"type": "Point", "coordinates": [-19.4375, -58.1875]}, "properties": {"type": "anticyclone", "ssh_m": 0.1133, "zeta_s-1": 5.9e-06, "hemisphere": "S", "time": "2025-05-01T00:00:00.000000000"}}, {"type": "Feature", "geometry": {"type": "Point", "coordinates": [-141.1875, 58.5625]}, "properties": {"type": "anticyclone", "ssh_m": 0.1132, "zeta_s-1": -1.77e-05, "hemisphere": "N", "time": "2025-05-01T00:00:00.000000000"}}, {"type": "Feature", "geometry": {"type": "Point", "coordinates": [-9.5625, 67.3125]}, "properties": {"type": "anticyclone", "ssh_m": 0.1132, "zeta_s-1": -3.7e-06, "hemisphere": "N", "time": "2025-05-01T00:00:00.000000000"}}, {"type": "Feature", "geometry": {"type": "Point", "coordinates": [131.8125, 42.8125]}, "properties": {"type": "anticyclone", "ssh_m": 0.1131, "zeta_s-1": -7.6e-06, "hemisphere": "N", "time": "2025-05-01T00:00:00.000000000"}}, {"type": "Feature", "geometry": {"type": "Point", "coordinates": [-16.0625, 27.5625]}, "properties": {"type": "anticyclone", "ssh_m": 0.113, "zeta_s-1": -1.9e-05, "hemisphere": "N", "time": "2025-05-01T00:00:00.000000000"}}, {"type": "Feature", "geometry": {"type": "Point", "coordinates": [142.9375, -55.3125]}, "properties": {"type": "anticyclone", "ssh_m": 0.1129, "zeta_s-1": 5.9e-06, "hemisphere": "S", "time": "2025-05-01T00:00:00.000000000"}}, {"type": "Feature", "geometry": {"type": "Point", "coordinates": [-113.0625, -31.3125]}, "properties": {"type": "anticyclone", "ssh_m": 0.1128, "zeta_s-1": 4.3e-06, "hemisphere": "S", "time": "2025-05-01T00:00:00.000000000"}}, {"type": "Feature", "geometry": {"type": "Point", "coordinates": [-61.0625, 41.4375]}, "properties": {"type": "anticyclone", "ssh_m": 0.1127, "zeta_s-1": -1.09e-05, "hemisphere": "N", "time": "2025-05-01T00:00:00.000000000"}}, {"type": "Feature", "geometry": {"type": "Point", "coordinates": [164.6875, -1.8125]}, "properties": {"type": "anticyclone", "ssh_m": 0.1126, "zeta_s-1": NaN, "hemisphere": "S", "time": "2025-05-01T00:00:00.000000000"}}, {"type": "Feature", "geometry": {"type": "Point", "coordinates": [113.1875, 8.0625]}, "properties": {"type": "anticyclone", "ssh_m": 0.1125, "zeta_s-1": -5.2e-06, "hemisphere": "N", "time": "2025-05-01T00:00:00.000000000"}}, {"type": "Feature", "geometry": {"type": "Point", "coordinates": [150.0625, -62.8125]}, "properties": {"type": "anticyclone", "ssh_m": 0.1123, "zeta_s-1": 5.6e-06, "hemisphere": "S", "time": "2025-05-01T00:00:00.000000000"}}, {"type": "Feature", "geometry": {"type": "Point", "coordinates": [-21.8125, 54.1875]}, "properties": {"type": "anticyclone", "ssh_m": 0.1123, "zeta_s-1": -1.86e-05, "hemisphere": "N", "time": "2025-05-01T00:00:00.000000000"}}, {"type": "Feature", "geometry": {"type": "Point", "coordinates": [-7.5625, 67.9375]}, "properties": {"type": "anticyclone", "ssh_m": 0.1121, "zeta_s-1": -3.9e-06, "hemisphere": "N", "time": "2025-05-01T00:00:00.000000000"}}, {"type": "Feature", "geometry": {"type": "Point", "coordinates": [64.3125, -12.1875]}, "properties": {"type": "anticyclone", "ssh_m": 0.1119, "zeta_s-1": 3e-06, "hemisphere": "S", "time": "2025-05-01T00:00:00.000000000"}}, {"type": "Feature", "geometry": {"type": "Point", "coordinates": [-25.3125, 32.6875]}, "properties": {"type": "anticyclone", "ssh_m": 0.1118, "zeta_s-1": -4.5e-06, "hemisphere": "N", "time": "2025-05-01T00:00:00.000000000"}}, {"type": "Feature", "geometry": {"type": "Point", "coordinates": [-118.9375, -62.6875]}, "properties": {"type": "anticyclone", "ssh_m": 0.1115, "zeta_s-1": 1.38e-05, "hemisphere": "S", "time": "2025-05-01T00:00:00.000000000"}}, {"type": "Feature", "geometry": {"type": "Point", "coordinates": [-119.1875, 21.1875]}, "properties": {"type": "anticyclone", "ssh_m": 0.1113, "zeta_s-1": -4.7e-06, "hemisphere": "N", "time": "2025-05-01T00:00:00.000000000"}}, {"type": "Feature", "geometry": {"type": "Point", "coordinates": [-30.3125, 19.4375]}, "properties": {"type": "anticyclone", "ssh_m": 0.1112, "zeta_s-1": -3.1e-06, "hemisphere": "N", "time": "2025-05-01T00:00:00.000000000"}}, {"type": "Feature", "geometry": {"type": "Point", "coordinates": [11.3125, 40.9375]}, "properties": {"type": "anticyclone", "ssh_m": 0.1112, "zeta_s-1": -1.47e-05, "hemisphere": "N", "time": "2025-05-01T00:00:00.000000000"}}, {"type": "Feature", "geometry": {"type": "Point", "coordinates": [-13.3125, -54.0625]}, "properties": {"type": "anticyclone", "ssh_m": 0.1111, "zeta_s-1": 8.9e-06, "hemisphere": "S", "time": "2025-05-01T00:00:00.000000000"}}, {"type": "Feature", "geometry": {"type": "Point", "coordinates": [-174.8125, -61.0625]}, "properties": {"type": "anticyclone", "ssh_m": 0.111, "zeta_s-1": 1.11e-05, "hemisphere": "S", "time": "2025-05-01T00:00:00.000000000"}}, {"type": "Feature", "geometry": {"type": "Point", "coordinates": [76.5625, -56.8125]}, "properties": {"type": "anticyclone", "ssh_m": 0.111, "zeta_s-1": 1.01e-05, "hemisphere": "S", "time": "2025-05-01T00:00:00.000000000"}}, {"type": "Feature", "geometry": {"type": "Point", "coordinates": [-119.3125, 29.5625]}, "properties": {"type": "anticyclone", "ssh_m": 0.111, "zeta_s-1": -8.4e-06, "hemisphere": "N", "time": "2025-05-01T00:00:00.000000000"}}, {"type": "Feature", "geometry": {"type": "Point", "coordinates": [-9.3125, -55.5625]}, "properties": {"type": "anticyclone", "ssh_m": 0.1109, "zeta_s-1": 7.3e-06, "hemisphere": "S", "time": "2025-05-01T00:00:00.000000000"}}, {"type": "Feature", "geometry": {"type": "Point", "coordinates": [-106.0625, -13.5625]}, "properties": {"type": "anticyclone", "ssh_m": 0.1109, "zeta_s-1": 3e-06, "hemisphere": "S", "time": "2025-05-01T00:00:00.000000000"}}, {"type": "Feature", "geometry": {"type": "Point", "coordinates": [-106.4375, -51.9375]}, "properties": {"type": "anticyclone", "ssh_m": 0.1108, "zeta_s-1": 4.7e-06, "hemisphere": "S", "time": "2025-05-01T00:00:00.000000000"}}, {"type": "Feature", "geometry": {"type": "Point", "coordinates": [-8.0625, -56.9375]}, "properties": {"type": "anticyclone", "ssh_m": 0.1107, "zeta_s-1": 5e-06, "hemisphere": "S", "time": "2025-05-01T00:00:00.000000000"}}, {"type": "Feature", "geometry": {"type": "Point", "coordinates": [-105.6875, -10.8125]}, "properties": {"type": "anticyclone", "ssh_m": 0.1107, "zeta_s-1": 3.8e-06, "hemisphere": "S", "time": "2025-05-01T00:00:00.000000000"}}, {"type": "Feature", "geometry": {"type": "Point", "coordinates": [-41.0625, 57.4375]}, "properties": {"type": "anticyclone", "ssh_m": 0.1105, "zeta_s-1": -1.53e-05, "hemisphere": "N", "time": "2025-05-01T00:00:00.000000000"}}, {"type": "Feature", "geometry": {"type": "Point", "coordinates": [-142.6875, 30.5625]}, "properties": {"type": "anticyclone", "ssh_m": 0.1104, "zeta_s-1": -7.2e-06, "hemisphere": "N", "time": "2025-05-01T00:00:00.000000000"}}, {"type": "Feature", "geometry": {"type": "Point", "coordinates": [-105.0625, -15.6875]}, "properties": {"type": "anticyclone", "ssh_m": 0.1102, "zeta_s-1": 6.1e-06, "hemisphere": "S", "time": "2025-05-01T00:00:00.000000000"}}, {"type": "Feature", "geometry": {"type": "Point", "coordinates": [-64.5625, -65.6875]}, "properties": {"type": "anticyclone", "ssh_m": 0.1098, "zeta_s-1": 5.9e-06, "hemisphere": "S", "time": "2025-05-01T00:00:00.000000000"}}, {"type": "Feature", "geometry": {"type": "Point", "coordinates": [-146.4375, 44.1875]}, "properties": {"type": "anticyclone", "ssh_m": 0.1097, "zeta_s-1": -2.5e-06, "hemisphere": "N", "time": "2025-05-01T00:00:00.000000000"}}, {"type": "Feature", "geometry": {"type": "Point", "coordinates": [15.1875, -27.0625]}, "properties": {"type": "anticyclone", "ssh_m": 0.1095, "zeta_s-1": NaN, "hemisphere": "S", "time": "2025-05-01T00:00:00.000000000"}}, {"type": "Feature", "geometry": {"type": "Point", "coordinates": [-63.0625, 19.5625]}, "properties": {"type": "anticyclone", "ssh_m": 0.1093, "zeta_s-1": -1.1e-05, "hemisphere": "N", "time": "2025-05-01T00:00:00.000000000"}}, {"type": "Feature", "geometry": {"type": "Point", "coordinates": [-50.4375, 59.0625]}, "properties": {"type": "anticyclone", "ssh_m": 0.1093, "zeta_s-1": -8e-06, "hemisphere": "N", "time": "2025-05-01T00:00:00.000000000"}}, {"type": "Feature", "geometry": {"type": "Point", "coordinates": [146.6875, -64.8125]}, "properties": {"type": "anticyclone", "ssh_m": 0.1091, "zeta_s-1": 4.7e-06, "hemisphere": "S", "time": "2025-05-01T00:00:00.000000000"}}, {"type": "Feature", "geometry": {"type": "Point", "coordinates": [107.0625, -51.3125]}, "properties": {"type": "anticyclone", "ssh_m": 0.1091, "zeta_s-1": 6.6e-06, "hemisphere": "S", "time": "2025-05-01T00:00:00.000000000"}}, {"type": "Feature", "geometry": {"type": "Point", "coordinates": [-41.1875, 56.0625]}, "properties": {"type": "anticyclone", "ssh_m": 0.1091, "zeta_s-1": -1.43e-05, "hemisphere": "N", "time": "2025-05-01T00:00:00.000000000"}}, {"type": "Feature", "geometry": {"type": "Point", "coordinates": [-112.5625, -64.3125]}, "properties": {"type": "anticyclone", "ssh_m": 0.1089, "zeta_s-1": 1.18e-05, "hemisphere": "S", "time": "2025-05-01T00:00:00.000000000"}}, {"type": "Feature", "geometry": {"type": "Point", "coordinates": [174.1875, -1.3125]}, "properties": {"type": "anticyclone", "ssh_m": 0.1089, "zeta_s-1": NaN, "hemisphere": "S", "time": "2025-05-01T00:00:00.000000000"}}, {"type": "Feature", "geometry": {"type": "Point", "coordinates": [-15.6875, 33.6875]}, "properties": {"type": "anticyclone", "ssh_m": 0.1088, "zeta_s-1": -5.3e-06, "hemisphere": "N", "time": "2025-05-01T00:00:00.000000000"}}, {"type": "Feature", "geometry": {"type": "Point", "coordinates": [-15.4375, 66.4375]}, "properties": {"type": "anticyclone", "ssh_m": 0.1086, "zeta_s-1": -4.9e-06, "hemisphere": "N", "time": "2025-05-01T00:00:00.000000000"}}, {"type": "Feature", "geometry": {"type": "Point", "coordinates": [-158.0625, -61.9375]}, "properties": {"type": "anticyclone", "ssh_m": 0.1085, "zeta_s-1": 1.3e-05, "hemisphere": "S", "time": "2025-05-01T00:00:00.000000000"}}, {"type": "Feature", "geometry": {"type": "Point", "coordinates": [-159.9375, 49.0625]}, "properties": {"type": "anticyclone", "ssh_m": 0.1084, "zeta_s-1": -3.2e-06, "hemisphere": "N", "time": "2025-05-01T00:00:00.000000000"}}, {"type": "Feature", "geometry": {"type": "Point", "coordinates": [-46.9375, 19.3125]}, "properties": {"type": "anticyclone", "ssh_m": 0.1082, "zeta_s-1": -5.1e-06, "hemisphere": "N", "time": "2025-05-01T00:00:00.000000000"}}, {"type": "Feature", "geometry": {"type": "Point", "coordinates": [139.4375, 41.0625]}, "properties": {"type": "anticyclone", "ssh_m": 0.1082, "zeta_s-1": -2.35e-05, "hemisphere": "N", "time": "2025-05-01T00:00:00.000000000"}}, {"type": "Feature", "geometry": {"type": "Point", "coordinates": [-13.6875, 6.9375]}, "properties": {"type": "anticyclone", "ssh_m": 0.108, "zeta_s-1": NaN, "hemisphere": "N", "time": "2025-05-01T00:00:00.000000000"}}, {"type": "Feature", "geometry": {"type": "Point", "coordinates": [-58.6875, 43.6875]}, "properties": {"type": "anticyclone", "ssh_m": 0.1079, "zeta_s-1": -1.64e-05, "hemisphere": "N", "time": "2025-05-01T00:00:00.000000000"}}, {"type": "Feature", "geometry": {"type": "Point", "coordinates": [164.8125, -67.5625]}, "properties": {"type": "anticyclone", "ssh_m": 0.1078, "zeta_s-1": 7e-06, "hemisphere": "S", "time": "2025-05-01T00:00:00.000000000"}}, {"type": "Feature", "geometry": {"type": "Point", "coordinates": [-121.1875, -0.0625]}, "properties": {"type": "anticyclone", "ssh_m": 0.1078, "zeta_s-1": NaN, "hemisphere": "S", "time": "2025-05-01T00:00:00.000000000"}}, {"type": "Feature", "geometry": {"type": "Point", "coordinates": [72.3125, -15.8125]}, "properties": {"type": "anticyclone", "ssh_m": 0.1077, "zeta_s-1": 4.2e-06, "hemisphere": "S", "time": "2025-05-01T00:00:00.000000000"}}, {"type": "Feature", "geometry": {"type": "Point", "coordinates": [-45.6875, 20.8125]}, "properties": {"type": "anticyclone", "ssh_m": 0.1076, "zeta_s-1": -1.13e-05, "hemisphere": "N", "time": "2025-05-01T00:00:00.000000000"}}, {"type": "Feature", "geometry": {"type": "Point", "coordinates": [19.6875, 38.5625]}, "properties": {"type": "anticyclone", "ssh_m": 0.1076, "zeta_s-1": -1e-05, "hemisphere": "N", "time": "2025-05-01T00:00:00.000000000"}}, {"type": "Feature", "geometry": {"type": "Point", "coordinates": [-143.3125, 46.6875]}, "properties": {"type": "anticyclone", "ssh_m": 0.1075, "zeta_s-1": -3.9e-06, "hemisphere": "N", "time": "2025-05-01T00:00:00.000000000"}}, {"type": "Feature", "geometry": {"type": "Point", "coordinates": [150.8125, 59.4375]}, "properties": {"type": "anticyclone", "ssh_m": 0.1075, "zeta_s-1": NaN, "hemisphere": "N", "time": "2025-05-01T00:00:00.000000000"}}, {"type": "Feature", "geometry": {"type": "Point", "coordinates": [-140.3125, 53.8125]}, "properties": {"type": "anticyclone", "ssh_m": 0.1073, "zeta_s-1": -3.7e-06, "hemisphere": "N", "time": "2025-05-01T00:00:00.000000000"}}, {"type": "Feature", "geometry": {"type": "Point", "coordinates": [165.8125, 57.6875]}, "properties": {"type": "anticyclone", "ssh_m": 0.1072, "zeta_s-1": -1.33e-05, "hemisphere": "N", "time": "2025-05-01T00:00:00.000000000"}}, {"type": "Feature", "geometry": {"type": "Point", "coordinates": [-123.3125, -7.1875]}, "properties": {"type": "anticyclone", "ssh_m": 0.1071, "zeta_s-1": NaN, "hemisphere": "S", "time": "2025-05-01T00:00:00.000000000"}}, {"type": "Feature", "geometry": {"type": "Point", "coordinates": [-18.1875, 22.0625]}, "properties": {"type": "anticyclone", "ssh_m": 0.1071, "zeta_s-1": -8.2e-06, "hemisphere": "N", "time": "2025-05-01T00:00:00.000000000"}}, {"type": "Feature", "geometry": {"type": "Point", "coordinates": [144.0625, 52.4375]}, "properties": {"type": "anticyclone", "ssh_m": 0.1071, "zeta_s-1": -3.2e-06, "hemisphere": "N", "time": "2025-05-01T00:00:00.000000000"}}, {"type": "Feature", "geometry": {"type": "Point", "coordinates": [-30.6875, -13.6875]}, "properties": {"type": "anticyclone", "ssh_m": 0.107, "zeta_s-1": 4.9e-06, "hemisphere": "S", "time": "2025-05-01T00:00:00.000000000"}}, {"type": "Feature", "geometry": {"type": "Point", "coordinates": [-30.3125, 64.4375]}, "properties": {"type": "anticyclone", "ssh_m": 0.107, "zeta_s-1": -1.83e-05, "hemisphere": "N", "time": "2025-05-01T00:00:00.000000000"}}, {"type": "Feature", "geometry": {"type": "Point", "coordinates": [-118.5625, -13.6875]}, "properties": {"type": "anticyclone", "ssh_m": 0.1069, "zeta_s-1": 4.1e-06, "hemisphere": "S", "time": "2025-05-01T00:00:00.000000000"}}, {"type": "Feature", "geometry": {"type": "Point", "coordinates": [-16.9375, 68.3125]}, "properties": {"type": "anticyclone", "ssh_m": 0.1069, "zeta_s-1": -7.5e-06, "hemisphere": "N", "time": "2025-05-01T00:00:00.000000000"}}, {"type": "Feature", "geometry": {"type": "Point", "coordinates": [-115.0625, -66.0625]}, "properties": {"type": "anticyclone", "ssh_m": 0.1067, "zeta_s-1": 5.8e-06, "hemisphere": "S", "time": "2025-05-01T00:00:00.000000000"}}, {"type": "Feature", "geometry": {"type": "Point", "coordinates": [165.0625, 0.4375]}, "properties": {"type": "anticyclone", "ssh_m": 0.1067, "zeta_s-1": NaN, "hemisphere": "N", "time": "2025-05-01T00:00:00.000000000"}}, {"type": "Feature", "geometry": {"type": "Point", "coordinates": [-108.4375, -51.1875]}, "properties": {"type": "anticyclone", "ssh_m": 0.1065, "zeta_s-1": 6.6e-06, "hemisphere": "S", "time": "2025-05-01T00:00:00.000000000"}}, {"type": "Feature", "geometry": {"type": "Point", "coordinates": [-80.1875, 32.3125]}, "properties": {"type": "anticyclone", "ssh_m": 0.1064, "zeta_s-1": -9.3e-06, "hemisphere": "N", "time": "2025-05-01T00:00:00.000000000"}}, {"type": "Feature", "geometry": {"type": "Point", "coordinates": [168.0625, 52.9375]}, "properties": {"type": "anticyclone", "ssh_m": 0.1063, "zeta_s-1": -4.4e-06, "hemisphere": "N", "time": "2025-05-01T00:00:00.000000000"}}, {"type": "Feature", "geometry": {"type": "Point", "coordinates": [-137.5625, 30.6875]}, "properties": {"type": "anticyclone", "ssh_m": 0.1061, "zeta_s-1": -3.4e-06, "hemisphere": "N", "time": "2025-05-01T00:00:00.000000000"}}, {"type": "Feature", "geometry": {"type": "Point", "coordinates": [-153.9375, 39.5625]}, "properties": {"type": "anticyclone", "ssh_m": 0.1061, "zeta_s-1": -3.1e-06, "hemisphere": "N", "time": "2025-05-01T00:00:00.000000000"}}, {"type": "Feature", "geometry": {"type": "Point", "coordinates": [-152.9375, 41.4375]}, "properties": {"type": "anticyclone", "ssh_m": 0.106, "zeta_s-1": -1.8e-06, "hemisphere": "N", "time": "2025-05-01T00:00:00.000000000"}}, {"type": "Feature", "geometry": {"type": "Point", "coordinates": [-48.3125, 17.5625]}, "properties": {"type": "anticyclone", "ssh_m": 0.1059, "zeta_s-1": -6.5e-06, "hemisphere": "N", "time": "2025-05-01T00:00:00.000000000"}}, {"type": "Feature", "geometry": {"type": "Point", "coordinates": [-55.8125, 17.8125]}, "properties": {"type": "anticyclone", "ssh_m": 0.1058, "zeta_s-1": -9.4e-06, "hemisphere": "N", "time": "2025-05-01T00:00:00.000000000"}}, {"type": "Feature", "geometry": {"type": "Point", "coordinates": [-36.9375, 20.5625]}, "properties": {"type": "anticyclone", "ssh_m": 0.1055, "zeta_s-1": -1.04e-05, "hemisphere": "N", "time": "2025-05-01T00:00:00.000000000"}}, {"type": "Feature", "geometry": {"type": "Point", "coordinates": [-160.3125, 29.3125]}, "properties": {"type": "anticyclone", "ssh_m": 0.1054, "zeta_s-1": -9.7e-06, "hemisphere": "N", "time": "2025-05-01T00:00:00.000000000"}}, {"type": "Feature", "geometry": {"type": "Point", "coordinates": [12.4375, 45.1875]}, "properties": {"type": "anticyclone", "ssh_m": 0.1053, "zeta_s-1": -3.9e-06, "hemisphere": "N", "time": "2025-05-01T00:00:00.000000000"}}, {"type": "Feature", "geometry": {"type": "Point", "coordinates": [-19.6875, 65.8125]}, "properties": {"type": "anticyclone", "ssh_m": 0.1053, "zeta_s-1": NaN, "hemisphere": "N", "time": "2025-05-01T00:00:00.000000000"}}, {"type": "Feature", "geometry": {"type": "Point", "coordinates": [-15.1875, 70.9375]}, "properties": {"type": "anticyclone", "ssh_m": 0.1053, "zeta_s-1": -1e-06, "hemisphere": "N", "time": "2025-05-01T00:00:00.000000000"}}, {"type": "Feature", "geometry": {"type": "Point", "coordinates": [163.3125, 51.8125]}, "properties": {"type": "anticyclone", "ssh_m": 0.1052, "zeta_s-1": -6.9e-06, "hemisphere": "N", "time": "2025-05-01T00:00:00.000000000"}}, {"type": "Feature", "geometry": {"type": "Point", "coordinates": [-91.0625, -67.1875]}, "properties": {"type": "anticyclone", "ssh_m": 0.1051, "zeta_s-1": 9.2e-06, "hemisphere": "S", "time": "2025-05-01T00:00:00.000000000"}}, {"type": "Feature", "geometry": {"type": "Point", "coordinates": [160.8125, -65.3125]}, "properties": {"type": "anticyclone", "ssh_m": 0.1051, "zeta_s-1": 3.1e-06, "hemisphere": "S", "time": "2025-05-01T00:00:00.000000000"}}, {"type": "Feature", "geometry": {"type": "Point", "coordinates": [-110.5625, 27.3125]}, "properties": {"type": "anticyclone", "ssh_m": 0.1051, "zeta_s-1": NaN, "hemisphere": "N", "time": "2025-05-01T00:00:00.000000000"}}, {"type": "Feature", "geometry": {"type": "Point", "coordinates": [-51.0625, 56.9375]}, "properties": {"type": "anticyclone", "ssh_m": 0.1051, "zeta_s-1": -1.37e-05, "hemisphere": "N", "time": "2025-05-01T00:00:00.000000000"}}, {"type": "Feature", "geometry": {"type": "Point", "coordinates": [11.4375, 42.4375]}, "properties": {"type": "anticyclone", "ssh_m": 0.105, "zeta_s-1": NaN, "hemisphere": "N", "time": "2025-05-01T00:00:00.000000000"}}, {"type": "Feature", "geometry": {"type": "Point", "coordinates": [148.4375, 57.1875]}, "properties": {"type": "anticyclone", "ssh_m": 0.1049, "zeta_s-1": -1.9e-06, "hemisphere": "N", "time": "2025-05-01T00:00:00.000000000"}}, {"type": "Feature", "geometry": {"type": "Point", "coordinates": [-102.0625, -68.3125]}, "properties": {"type": "anticyclone", "ssh_m": 0.1047, "zeta_s-1": 1.06e-05, "hemisphere": "S", "time": "2025-05-01T00:00:00.000000000"}}, {"type": "Feature", "geometry": {"type": "Point", "coordinates": [-114.0625, -12.6875]}, "properties": {"type": "anticyclone", "ssh_m": 0.1045, "zeta_s-1": 2.9e-06, "hemisphere": "S", "time": "2025-05-01T00:00:00.000000000"}}, {"type": "Feature", "geometry": {"type": "Point", "coordinates": [-110.8125, -7.8125]}, "properties": {"type": "anticyclone", "ssh_m": 0.1045, "zeta_s-1": NaN, "hemisphere": "S", "time": "2025-05-01T00:00:00.000000000"}}, {"type": "Feature", "geometry": {"type": "Point", "coordinates": [-31.3125, 14.0625]}, "properties": {"type": "anticyclone", "ssh_m": 0.1045, "zeta_s-1": -5.3e-06, "hemisphere": "N", "time": "2025-05-01T00:00:00.000000000"}}, {"type": "Feature", "geometry": {"type": "Point", "coordinates": [-108.1875, -67.8125]}, "properties": {"type": "anticyclone", "ssh_m": 0.1043, "zeta_s-1": 1.11e-05, "hemisphere": "S", "time": "2025-05-01T00:00:00.000000000"}}, {"type": "Feature", "geometry": {"type": "Point", "coordinates": [175.8125, -67.6875]}, "properties": {"type": "anticyclone", "ssh_m": 0.1043, "zeta_s-1": 4.2e-06, "hemisphere": "S", "time": "2025-05-01T00:00:00.000000000"}}, {"type": "Feature", "geometry": {"type": "Point", "coordinates": [14.5625, -56.6875]}, "properties": {"type": "anticyclone", "ssh_m": 0.1043, "zeta_s-1": 4.2e-06, "hemisphere": "S", "time": "2025-05-01T00:00:00.000000000"}}, {"type": "Feature", "geometry": {"type": "Point", "coordinates": [-172.8125, -64.3125]}, "properties": {"type": "anticyclone", "ssh_m": 0.1042, "zeta_s-1": 1.2e-05, "hemisphere": "S", "time": "2025-05-01T00:00:00.000000000"}}, {"type": "Feature", "geometry": {"type": "Point", "coordinates": [-156.0625, 31.8125]}, "properties": {"type": "anticyclone", "ssh_m": 0.1041, "zeta_s-1": -6.8e-06, "hemisphere": "N", "time": "2025-05-01T00:00:00.000000000"}}, {"type": "Feature", "geometry": {"type": "Point", "coordinates": [-60.5625, -63.5625]}, "properties": {"type": "anticyclone", "ssh_m": 0.1038, "zeta_s-1": 4.7e-06, "hemisphere": "S", "time": "2025-05-01T00:00:00.000000000"}}, {"type": "Feature", "geometry": {"type": "Point", "coordinates": [-153.9375, 31.3125]}, "properties": {"type": "anticyclone", "ssh_m": 0.1038, "zeta_s-1": -5e-06, "hemisphere": "N", "time": "2025-05-01T00:00:00.000000000"}}, {"type": "Feature", "geometry": {"type": "Point", "coordinates": [91.1875, -55.4375]}, "properties": {"type": "anticyclone", "ssh_m": 0.1037, "zeta_s-1": 1.33e-05, "hemisphere": "S", "time": "2025-05-01T00:00:00.000000000"}}, {"type": "Feature", "geometry": {"type": "Point", "coordinates": [18.0625, 73.5625]}, "properties": {"type": "anticyclone", "ssh_m": 0.1034, "zeta_s-1": -4.3e-06, "hemisphere": "N", "time": "2025-05-01T00:00:00.000000000"}}, {"type": "Feature", "geometry": {"type": "Point", "coordinates": [-151.8125, 60.1875]}, "properties": {"type": "anticyclone", "ssh_m": 0.1032, "zeta_s-1": -2.02e-05, "hemisphere": "N", "time": "2025-05-01T00:00:00.000000000"}}, {"type": "Feature", "geometry": {"type": "Point", "coordinates": [-115.8125, 18.4375]}, "properties": {"type": "anticyclone", "ssh_m": 0.103, "zeta_s-1": -7.3e-06, "hemisphere": "N", "time": "2025-05-01T00:00:00.000000000"}}, {"type": "Feature", "geometry": {"type": "Point", "coordinates": [-33.1875, 17.3125]}, "properties": {"type": "anticyclone", "ssh_m": 0.1028, "zeta_s-1": -4.2e-06, "hemisphere": "N", "time": "2025-05-01T00:00:00.000000000"}}, {"type": "Feature", "geometry": {"type": "Point", "coordinates": [-54.1875, 47.5625]}, "properties": {"type": "anticyclone", "ssh_m": 0.1026, "zeta_s-1": -9.6e-06, "hemisphere": "N", "time": "2025-05-01T00:00:00.000000000"}}, {"type": "Feature", "geometry": {"type": "Point", "coordinates": [-112.4375, 18.0625]}, "properties": {"type": "anticyclone", "ssh_m": 0.1023, "zeta_s-1": -1.56e-05, "hemisphere": "N", "time": "2025-05-01T00:00:00.000000000"}}, {"type": "Feature", "geometry": {"type": "Point", "coordinates": [156.1875, -63.8125]}, "properties": {"type": "anticyclone", "ssh_m": 0.1022, "zeta_s-1": 5.3e-06, "hemisphere": "S", "time": "2025-05-01T00:00:00.000000000"}}, {"type": "Feature", "geometry": {"type": "Point", "coordinates": [-150.1875, 42.6875]}, "properties": {"type": "anticyclone", "ssh_m": 0.1019, "zeta_s-1": -2.3e-06, "hemisphere": "N", "time": "2025-05-01T00:00:00.000000000"}}, {"type": "Feature", "geometry": {"type": "Point", "coordinates": [-134.4375, 47.0625]}, "properties": {"type": "anticyclone", "ssh_m": 0.1014, "zeta_s-1": -4.5e-06, "hemisphere": "N", "time": "2025-05-01T00:00:00.000000000"}}, {"type": "Feature", "geometry": {"type": "Point", "coordinates": [52.6875, 81.4375]}, "properties": {"type": "anticyclone", "ssh_m": 0.1013, "zeta_s-1": -4.6e-06, "hemisphere": "N", "time": "2025-05-01T00:00:00.000000000"}}, {"type": "Feature", "geometry": {"type": "Point", "coordinates": [-134.3125, -61.3125]}, "properties": {"type": "anticyclone", "ssh_m": 0.1011, "zeta_s-1": 1.58e-05, "hemisphere": "S", "time": "2025-05-01T00:00:00.000000000"}}, {"type": "Feature", "geometry": {"type": "Point", "coordinates": [144.6875, -64.5625]}, "properties": {"type": "anticyclone", "ssh_m": 0.101, "zeta_s-1": 9e-06, "hemisphere": "S", "time": "2025-05-01T00:00:00.000000000"}}, {"type": "Feature", "geometry": {"type": "Point", "coordinates": [-172.6875, -9.4375]}, "properties": {"type": "anticyclone", "ssh_m": 0.1008, "zeta_s-1": 7.7e-06, "hemisphere": "S", "time": "2025-05-01T00:00:00.000000000"}}, {"type": "Feature", "geometry": {"type": "Point", "coordinates": [-15.4375, 36.8125]}, "properties": {"type": "anticyclone", "ssh_m": 0.1008, "zeta_s-1": -5.8e-06, "hemisphere": "N", "time": "2025-05-01T00:00:00.000000000"}}, {"type": "Feature", "geometry": {"type": "Point", "coordinates": [-25.0625, 28.8125]}, "properties": {"type": "anticyclone", "ssh_m": 0.1006, "zeta_s-1": -2.2e-06, "hemisphere": "N", "time": "2025-05-01T00:00:00.000000000"}}, {"type": "Feature", "geometry": {"type": "Point", "coordinates": [-133.8125, 18.3125]}, "properties": {"type": "anticyclone", "ssh_m": 0.1005, "zeta_s-1": -6.3e-06, "hemisphere": "N", "time": "2025-05-01T00:00:00.000000000"}}, {"type": "Feature", "geometry": {"type": "Point", "coordinates": [135.1875, 43.6875]}, "properties": {"type": "anticyclone", "ssh_m": 0.1004, "zeta_s-1": NaN, "hemisphere": "N", "time": "2025-05-01T00:00:00.000000000"}}, {"type": "Feature", "geometry": {"type": "Point", "coordinates": [-15.1875, 68.6875]}, "properties": {"type": "anticyclone", "ssh_m": 0.1004, "zeta_s-1": -3.9e-06, "hemisphere": "N", "time": "2025-05-01T00:00:00.000000000"}}, {"type": "Feature", "geometry": {"type": "Point", "coordinates": [13.3125, -60.0625]}, "properties": {"type": "anticyclone", "ssh_m": 0.1003, "zeta_s-1": 5e-06, "hemisphere": "S", "time": "2025-05-01T00:00:00.000000000"}}, {"type": "Feature", "geometry": {"type": "Point", "coordinates": [-65.5625, 27.5625]}, "properties": {"type": "anticyclone", "ssh_m": 0.1002, "zeta_s-1": -1.21e-05, "hemisphere": "N", "time": "2025-05-01T00:00:00.000000000"}}, {"type": "Feature", "geometry": {"type": "Point", "coordinates": [-55.6875, 22.3125]}, "properties": {"type": "anticyclone", "ssh_m": 0.1001, "zeta_s-1": -4.8e-06, "hemisphere": "N", "time": "2025-05-01T00:00:00.000000000"}}, {"type": "Feature", "geometry": {"type": "Point", "coordinates": [-60.8125, 21.4375]}, "properties": {"type": "anticyclone", "ssh_m": 0.1, "zeta_s-1": -8e-06, "hemisphere": "N", "time": "2025-05-01T00:00:00.000000000"}}, {"type": "Feature", "geometry": {"type": "Point", "coordinates": [6.6875, -54.5625]}, "properties": {"type": "anticyclone", "ssh_m": 0.0999, "zeta_s-1": 5e-06, "hemisphere": "S", "time": "2025-05-01T00:00:00.000000000"}}, {"type": "Feature", "geometry": {"type": "Point", "coordinates": [-178.4375, -68.9375]}, "properties": {"type": "anticyclone", "ssh_m": 0.0996, "zeta_s-1": 3.7e-06, "hemisphere": "S", "time": "2025-05-01T00:00:00.000000000"}}, {"type": "Feature", "geometry": {"type": "Point", "coordinates": [-133.8125, 30.5625]}, "properties": {"type": "anticyclone", "ssh_m": 0.0996, "zeta_s-1": -7.7e-06, "hemisphere": "N", "time": "2025-05-01T00:00:00.000000000"}}, {"type": "Feature", "geometry": {"type": "Point", "coordinates": [12.6875, 56.5625]}, "properties": {"type": "anticyclone", "ssh_m": 0.0996, "zeta_s-1": NaN, "hemisphere": "N", "time": "2025-05-01T00:00:00.000000000"}}, {"type": "Feature", "geometry": {"type": "Point", "coordinates": [121.4375, -61.0625]}, "properties": {"type": "anticyclone", "ssh_m": 0.0993, "zeta_s-1": 7.3e-06, "hemisphere": "S", "time": "2025-05-01T00:00:00.000000000"}}, {"type": "Feature", "geometry": {"type": "Point", "coordinates": [2.9375, -53.9375]}, "properties": {"type": "anticyclone", "ssh_m": 0.0993, "zeta_s-1": 3.8e-06, "hemisphere": "S", "time": "2025-05-01T00:00:00.000000000"}}, {"type": "Feature", "geometry": {"type": "Point", "coordinates": [-155.4375, -0.8125]}, "properties": {"type": "anticyclone", "ssh_m": 0.0993, "zeta_s-1": NaN, "hemisphere": "S", "time": "2025-05-01T00:00:00.000000000"}}, {"type": "Feature", "geometry": {"type": "Point", "coordinates": [-140.3125, -68.8125]}, "properties": {"type": "anticyclone", "ssh_m": 0.0991, "zeta_s-1": 1.6e-06, "hemisphere": "S", "time": "2025-05-01T00:00:00.000000000"}}, {"type": "Feature", "geometry": {"type": "Point", "coordinates": [-46.1875, 56.0625]}, "properties": {"type": "anticyclone", "ssh_m": 0.099, "zeta_s-1": -3.2e-06, "hemisphere": "N", "time": "2025-05-01T00:00:00.000000000"}}, {"type": "Feature", "geometry": {"type": "Point", "coordinates": [-134.3125, 57.0625]}, "properties": {"type": "anticyclone", "ssh_m": 0.0987, "zeta_s-1": -1.13e-05, "hemisphere": "N", "time": "2025-05-01T00:00:00.000000000"}}, {"type": "Feature", "geometry": {"type": "Point", "coordinates": [140.1875, 46.1875]}, "properties": {"type": "anticyclone", "ssh_m": 0.0986, "zeta_s-1": -9.4e-06, "hemisphere": "N", "time": "2025-05-01T00:00:00.000000000"}}, {"type": "Feature", "geometry": {"type": "Point", "coordinates": [-58.9375, 50.9375]}, "properties": {"type": "anticyclone", "ssh_m": 0.0985, "zeta_s-1": NaN, "hemisphere": "N", "time": "2025-05-01T00:00:00.000000000"}}, {"type": "Feature", "geometry": {"type": "Point", "coordinates": [-3.1875, 56.0625]}, "properties": {"type": "anticyclone", "ssh_m": 0.0983, "zeta_s-1": NaN, "hemisphere": "N", "time": "2025-05-01T00:00:00.000000000"}}, {"type": "Feature", "geometry": {"type": "Point", "coordinates": [8.9375, -55.1875]}, "properties": {"type": "anticyclone", "ssh_m": 0.0982, "zeta_s-1": 4.1e-06, "hemisphere": "S", "time": "2025-05-01T00:00:00.000000000"}}, {"type": "Feature", "geometry": {"type": "Point", "coordinates": [20.8125, -51.1875]}, "properties": {"type": "anticyclone", "ssh_m": 0.0981, "zeta_s-1": 1.63e-05, "hemisphere": "S", "time": "2025-05-01T00:00:00.000000000"}}, {"type": "Feature", "geometry": {"type": "Point", "coordinates": [-75.6875, -70.4375]}, "properties": {"type": "anticyclone", "ssh_m": 0.098, "zeta_s-1": 4.2e-06, "hemisphere": "S", "time": "2025-05-01T00:00:00.000000000"}}, {"type": "Feature", "geometry": {"type": "Point", "coordinates": [-149.0625, -60.5625]}, "properties": {"type": "anticyclone", "ssh_m": 0.098, "zeta_s-1": 5.6e-06, "hemisphere": "S", "time": "2025-05-01T00:00:00.000000000"}}, {"type": "Feature", "geometry": {"type": "Point", "coordinates": [-126.0625, 27.4375]}, "properties": {"type": "anticyclone", "ssh_m": 0.098, "zeta_s-1": -4.2e-06, "hemisphere": "N", "time": "2025-05-01T00:00:00.000000000"}}, {"type": "Feature", "geometry": {"type": "Point", "coordinates": [16.4375, 37.4375]}, "properties": {"type": "anticyclone", "ssh_m": 0.098, "zeta_s-1": -7.2e-06, "hemisphere": "N", "time": "2025-05-01T00:00:00.000000000"}}, {"type": "Feature", "geometry": {"type": "Point", "coordinates": [-68.1875, 44.5625]}, "properties": {"type": "anticyclone", "ssh_m": 0.0978, "zeta_s-1": NaN, "hemisphere": "N", "time": "2025-05-01T00:00:00.000000000"}}, {"type": "Feature", "geometry": {"type": "Point", "coordinates": [11.3125, -60.4375]}, "properties": {"type": "anticyclone", "ssh_m": 0.0976, "zeta_s-1": 5.2e-06, "hemisphere": "S", "time": "2025-05-01T00:00:00.000000000"}}, {"type": "Feature", "geometry": {"type": "Point", "coordinates": [-125.5625, -11.8125]}, "properties": {"type": "anticyclone", "ssh_m": 0.0976, "zeta_s-1": 3e-06, "hemisphere": "S", "time": "2025-05-01T00:00:00.000000000"}}, {"type": "Feature", "geometry": {"type": "Point", "coordinates": [-18.0625, 34.5625]}, "properties": {"type": "anticyclone", "ssh_m": 0.0974, "zeta_s-1": -6e-06, "hemisphere": "N", "time": "2025-05-01T00:00:00.000000000"}}, {"type": "Feature", "geometry": {"type": "Point", "coordinates": [-10.5625, -51.8125]}, "properties": {"type": "anticyclone", "ssh_m": 0.0972, "zeta_s-1": 5.5e-06, "hemisphere": "S", "time": "2025-05-01T00:00:00.000000000"}}, {"type": "Feature", "geometry": {"type": "Point", "coordinates": [-168.6875, -64.5625]}, "properties": {"type": "anticyclone", "ssh_m": 0.0971, "zeta_s-1": 5.6e-06, "hemisphere": "S", "time": "2025-05-01T00:00:00.000000000"}}, {"type": "Feature", "geometry": {"type": "Point", "coordinates": [-21.9375, 70.3125]}, "properties": {"type": "anticyclone", "ssh_m": 0.0971, "zeta_s-1": NaN, "hemisphere": "N", "time": "2025-05-01T00:00:00.000000000"}}, {"type": "Feature", "geometry": {"type": "Point", "coordinates": [162.0625, 2.3125]}, "properties": {"type": "anticyclone", "ssh_m": 0.097, "zeta_s-1": NaN, "hemisphere": "N", "time": "2025-05-01T00:00:00.000000000"}}, {"type": "Feature", "geometry": {"type": "Point", "coordinates": [-146.9375, -58.4375]}, "properties": {"type": "anticyclone", "ssh_m": 0.0968, "zeta_s-1": 6.1e-06, "hemisphere": "S", "time": "2025-05-01T00:00:00.000000000"}}, {"type": "Feature", "geometry": {"type": "Point", "coordinates": [31.5625, 44.3125]}, "properties": {"type": "anticyclone", "ssh_m": 0.0968, "zeta_s-1": -1.43e-05, "hemisphere": "N", "time": "2025-05-01T00:00:00.000000000"}}, {"type": "Feature", "geometry": {"type": "Point", "coordinates": [73.4375, -18.4375]}, "properties": {"type": "anticyclone", "ssh_m": 0.0967, "zeta_s-1": 5.6e-06, "hemisphere": "S", "time": "2025-05-01T00:00:00.000000000"}}, {"type": "Feature", "geometry": {"type": "Point", "coordinates": [134.4375, -64.6875]}, "properties": {"type": "anticyclone", "ssh_m": 0.0965, "zeta_s-1": 4.7e-06, "hemisphere": "S", "time": "2025-05-01T00:00:00.000000000"}}, {"type": "Feature", "geometry": {"type": "Point", "coordinates": [169.8125, -66.8125]}, "properties": {"type": "anticyclone", "ssh_m": 0.0963, "zeta_s-1": 3.7e-06, "hemisphere": "S", "time": "2025-05-01T00:00:00.000000000"}}, {"type": "Feature", "geometry": {"type": "Point", "coordinates": [-39.6875, 52.0625]}, "properties": {"type": "anticyclone", "ssh_m": 0.096, "zeta_s-1": -1.98e-05, "hemisphere": "N", "time": "2025-05-01T00:00:00.000000000"}}, {"type": "Feature", "geometry": {"type": "Point", "coordinates": [8.9375, -59.5625]}, "properties": {"type": "anticyclone", "ssh_m": 0.0959, "zeta_s-1": 3.8e-06, "hemisphere": "S", "time": "2025-05-01T00:00:00.000000000"}}, {"type": "Feature", "geometry": {"type": "Point", "coordinates": [-125.9375, -62.8125]}, "properties": {"type": "anticyclone", "ssh_m": 0.0956, "zeta_s-1": 1.67e-05, "hemisphere": "S", "time": "2025-05-01T00:00:00.000000000"}}, {"type": "Feature", "geometry": {"type": "Point", "coordinates": [-126.6875, -65.1875]}, "properties": {"type": "anticyclone", "ssh_m": 0.0952, "zeta_s-1": 1.45e-05, "hemisphere": "S", "time": "2025-05-01T00:00:00.000000000"}}, {"type": "Feature", "geometry": {"type": "Point", "coordinates": [-121.9375, 25.3125]}, "properties": {"type": "anticyclone", "ssh_m": 0.0952, "zeta_s-1": -4.2e-06, "hemisphere": "N", "time": "2025-05-01T00:00:00.000000000"}}, {"type": "Feature", "geometry": {"type": "Point", "coordinates": [-110.3125, -63.9375]}, "properties": {"type": "anticyclone", "ssh_m": 0.0951, "zeta_s-1": 1.73e-05, "hemisphere": "S", "time": "2025-05-01T00:00:00.000000000"}}, {"type": "Feature", "geometry": {"type": "Point", "coordinates": [-109.8125, 25.1875]}, "properties": {"type": "anticyclone", "ssh_m": 0.0949, "zeta_s-1": -1.9e-05, "hemisphere": "N", "time": "2025-05-01T00:00:00.000000000"}}, {"type": "Feature", "geometry": {"type": "Point", "coordinates": [8.6875, 55.1875]}, "properties": {"type": "anticyclone", "ssh_m": 0.0949, "zeta_s-1": NaN, "hemisphere": "N", "time": "2025-05-01T00:00:00.000000000"}}, {"type": "Feature", "geometry": {"type": "Point", "coordinates": [39.9375, -63.8125]}, "properties": {"type": "anticyclone", "ssh_m": 0.0946, "zeta_s-1": 4.8e-06, "hemisphere": "S", "time": "2025-05-01T00:00:00.000000000"}}, {"type": "Feature", "geometry": {"type": "Point", "coordinates": [-65.6875, 26.0625]}, "properties": {"type": "anticyclone", "ssh_m": 0.0945, "zeta_s-1": -1.11e-05, "hemisphere": "N", "time": "2025-05-01T00:00:00.000000000"}}, {"type": "Feature", "geometry": {"type": "Point", "coordinates": [174.1875, 55.9375]}, "properties": {"type": "anticyclone", "ssh_m": 0.0945, "zeta_s-1": -7e-06, "hemisphere": "N", "time": "2025-05-01T00:00:00.000000000"}}, {"type": "Feature", "geometry": {"type": "Point", "coordinates": [173.6875, -67.8125]}, "properties": {"type": "anticyclone", "ssh_m": 0.0944, "zeta_s-1": 4.3e-06, "hemisphere": "S", "time": "2025-05-01T00:00:00.000000000"}}, {"type": "Feature", "geometry": {"type": "Point", "coordinates": [-30.3125, 24.8125]}, "properties": {"type": "anticyclone", "ssh_m": 0.0944, "zeta_s-1": -8.1e-06, "hemisphere": "N", "time": "2025-05-01T00:00:00.000000000"}}, {"type": "Feature", "geometry": {"type": "Point", "coordinates": [-121.8125, -64.3125]}, "properties": {"type": "anticyclone", "ssh_m": 0.0942, "zeta_s-1": 6.5e-06, "hemisphere": "S", "time": "2025-05-01T00:00:00.000000000"}}, {"type": "Feature", "geometry": {"type": "Point", "coordinates": [-116.3125, -67.6875]}, "properties": {"type": "anticyclone", "ssh_m": 0.0939, "zeta_s-1": 4.3e-06, "hemisphere": "S", "time": "2025-05-01T00:00:00.000000000"}}, {"type": "Feature", "geometry": {"type": "Point", "coordinates": [-144.5625, -63.3125]}, "properties": {"type": "anticyclone", "ssh_m": 0.0939, "zeta_s-1": 7e-06, "hemisphere": "S", "time": "2025-05-01T00:00:00.000000000"}}, {"type": "Feature", "geometry": {"type": "Point", "coordinates": [-144.9375, -58.6875]}, "properties": {"type": "anticyclone", "ssh_m": 0.0938, "zeta_s-1": 8e-06, "hemisphere": "S", "time": "2025-05-01T00:00:00.000000000"}}, {"type": "Feature", "geometry": {"type": "Point", "coordinates": [14.4375, -22.6875]}, "properties": {"type": "anticyclone", "ssh_m": 0.0938, "zeta_s-1": NaN, "hemisphere": "S", "time": "2025-05-01T00:00:00.000000000"}}, {"type": "Feature", "geometry": {"type": "Point", "coordinates": [-80.1875, 21.0625]}, "properties": {"type": "anticyclone", "ssh_m": 0.0936, "zeta_s-1": -1.08e-05, "hemisphere": "N", "time": "2025-05-01T00:00:00.000000000"}}, {"type": "Feature", "geometry": {"type": "Point", "coordinates": [-130.9375, -60.4375]}, "properties": {"type": "anticyclone", "ssh_m": 0.0935, "zeta_s-1": 2.26e-05, "hemisphere": "S", "time": "2025-05-01T00:00:00.000000000"}}, {"type": "Feature", "geometry": {"type": "Point", "coordinates": [-19.6875, -63.5625]}, "properties": {"type": "anticyclone", "ssh_m": 0.0934, "zeta_s-1": 2.5e-06, "hemisphere": "S", "time": "2025-05-01T00:00:00.000000000"}}, {"type": "Feature", "geometry": {"type": "Point", "coordinates": [-143.4375, -66.5625]}, "properties": {"type": "anticyclone", "ssh_m": 0.0932, "zeta_s-1": 9.6e-06, "hemisphere": "S", "time": "2025-05-01T00:00:00.000000000"}}, {"type": "Feature", "geometry": {"type": "Point", "coordinates": [138.6875, 46.0625]}, "properties": {"type": "anticyclone", "ssh_m": 0.0931, "zeta_s-1": -6.1e-06, "hemisphere": "N", "time": "2025-05-01T00:00:00.000000000"}}, {"type": "Feature", "geometry": {"type": "Point", "coordinates": [-155.5625, 57.0625]}, "properties": {"type": "anticyclone", "ssh_m": 0.093, "zeta_s-1": -8.4e-06, "hemisphere": "N", "time": "2025-05-01T00:00:00.000000000"}}, {"type": "Feature", "geometry": {"type": "Point", "coordinates": [124.6875, 39.5625]}, "properties": {"type": "anticyclone", "ssh_m": 0.0928, "zeta_s-1": -1.06e-05, "hemisphere": "N", "time": "2025-05-01T00:00:00.000000000"}}, {"type": "Feature", "geometry": {"type": "Point", "coordinates": [41.8125, -62.8125]}, "properties": {"type": "anticyclone", "ssh_m": 0.0927, "zeta_s-1": 4.1e-06, "hemisphere": "S", "time": "2025-05-01T00:00:00.000000000"}}, {"type": "Feature", "geometry": {"type": "Point", "coordinates": [-139.1875, -59.5625]}, "properties": {"type": "anticyclone", "ssh_m": 0.0927, "zeta_s-1": 1.95e-05, "hemisphere": "S", "time": "2025-05-01T00:00:00.000000000"}}, {"type": "Feature", "geometry": {"type": "Point", "coordinates": [-27.4375, 22.8125]}, "properties": {"type": "anticyclone", "ssh_m": 0.0927, "zeta_s-1": -1.06e-05, "hemisphere": "N", "time": "2025-05-01T00:00:00.000000000"}}, {"type": "Feature", "geometry": {"type": "Point", "coordinates": [-27.9375, 63.0625]}, "properties": {"type": "anticyclone", "ssh_m": 0.0926, "zeta_s-1": -1.36e-05, "hemisphere": "N", "time": "2025-05-01T00:00:00.000000000"}}, {"type": "Feature", "geometry": {"type": "Point", "coordinates": [-112.3125, -67.8125]}, "properties": {"type": "anticyclone", "ssh_m": 0.0923, "zeta_s-1": 5.5e-06, "hemisphere": "S", "time": "2025-05-01T00:00:00.000000000"}}, {"type": "Feature", "geometry": {"type": "Point", "coordinates": [-165.9375, -64.1875]}, "properties": {"type": "anticyclone", "ssh_m": 0.0923, "zeta_s-1": 5.8e-06, "hemisphere": "S", "time": "2025-05-01T00:00:00.000000000"}}, {"type": "Feature", "geometry": {"type": "Point", "coordinates": [-101.1875, -66.8125]}, "properties": {"type": "anticyclone", "ssh_m": 0.0921, "zeta_s-1": 8.4e-06, "hemisphere": "S", "time": "2025-05-01T00:00:00.000000000"}}, {"type": "Feature", "geometry": {"type": "Point", "coordinates": [51.3125, 27.9375]}, "properties": {"type": "anticyclone", "ssh_m": 0.0917, "zeta_s-1": -1.9e-06, "hemisphere": "N", "time": "2025-05-01T00:00:00.000000000"}}, {"type": "Feature", "geometry": {"type": "Point", "coordinates": [-142.8125, 40.6875]}, "properties": {"type": "anticyclone", "ssh_m": 0.0917, "zeta_s-1": -8.3e-06, "hemisphere": "N", "time": "2025-05-01T00:00:00.000000000"}}, {"type": "Feature", "geometry": {"type": "Point", "coordinates": [-61.5625, 24.6875]}, "properties": {"type": "anticyclone", "ssh_m": 0.0916, "zeta_s-1": -1.38e-05, "hemisphere": "N", "time": "2025-05-01T00:00:00.000000000"}}, {"type": "Feature", "geometry": {"type": "Point", "coordinates": [-152.6875, -62.0625]}, "properties": {"type": "anticyclone", "ssh_m": 0.0915, "zeta_s-1": 6.3e-06, "hemisphere": "S", "time": "2025-05-01T00:00:00.000000000"}}, {"type": "Feature", "geometry": {"type": "Point", "coordinates": [-103.6875, -66.4375]}, "properties": {"type": "anticyclone", "ssh_m": 0.0913, "zeta_s-1": 7.9e-06, "hemisphere": "S", "time": "2025-05-01T00:00:00.000000000"}}, {"type": "Feature", "geometry": {"type": "Point", "coordinates": [-59.9375, 49.0625]}, "properties": {"type": "anticyclone", "ssh_m": 0.091, "zeta_s-1": -5.3e-06, "hemisphere": "N", "time": "2025-05-01T00:00:00.000000000"}}, {"type": "Feature", "geometry": {"type": "Point", "coordinates": [-172.8125, -0.0625]}, "properties": {"type": "anticyclone", "ssh_m": 0.0909, "zeta_s-1": NaN, "hemisphere": "S", "time": "2025-05-01T00:00:00.000000000"}}, {"type": "Feature", "geometry": {"type": "Point", "coordinates": [89.8125, -15.6875]}, "properties": {"type": "anticyclone", "ssh_m": 0.0906, "zeta_s-1": 6.8e-06, "hemisphere": "S", "time": "2025-05-01T00:00:00.000000000"}}, {"type": "Feature", "geometry": {"type": "Point", "coordinates": [-128.9375, -67.9375]}, "properties": {"type": "anticyclone", "ssh_m": 0.0905, "zeta_s-1": 1.8e-06, "hemisphere": "S", "time": "2025-05-01T00:00:00.000000000"}}, {"type": "Feature", "geometry": {"type": "Point", "coordinates": [-136.9375, -1.3125]}, "properties": {"type": "anticyclone", "ssh_m": 0.0905, "zeta_s-1": NaN, "hemisphere": "S", "time": "2025-05-01T00:00:00.000000000"}}, {"type": "Feature", "geometry": {"type": "Point", "coordinates": [-146.4375, -0.9375]}, "properties": {"type": "anticyclone", "ssh_m": 0.0905, "zeta_s-1": NaN, "hemisphere": "S", "time": "2025-05-01T00:00:00.000000000"}}, {"type": "Feature", "geometry": {"type": "Point", "coordinates": [-150.9375, 39.4375]}, "properties": {"type": "anticyclone", "ssh_m": 0.0904, "zeta_s-1": -2.9e-06, "hemisphere": "N", "time": "2025-05-01T00:00:00.000000000"}}, {"type": "Feature", "geometry": {"type": "Point", "coordinates": [-35.0625, 54.9375]}, "properties": {"type": "anticyclone", "ssh_m": 0.0903, "zeta_s-1": -6.1e-06, "hemisphere": "N", "time": "2025-05-01T00:00:00.000000000"}}, {"type": "Feature", "geometry": {"type": "Point", "coordinates": [72.1875, 81.4375]}, "properties": {"type": "anticyclone", "ssh_m": 0.0903, "zeta_s-1": -1.5e-06, "hemisphere": "N", "time": "2025-05-01T00:00:00.000000000"}}, {"type": "Feature", "geometry": {"type": "Point", "coordinates": [21.4375, -34.3125]}, "properties": {"type": "anticyclone", "ssh_m": 0.09, "zeta_s-1": NaN, "hemisphere": "S", "time": "2025-05-01T00:00:00.000000000"}}, {"type": "Feature", "geometry": {"type": "Point", "coordinates": [-145.3125, 40.8125]}, "properties": {"type": "anticyclone", "ssh_m": 0.0898, "zeta_s-1": -4.7e-06, "hemisphere": "N", "time": "2025-05-01T00:00:00.000000000"}}, {"type": "Feature", "geometry": {"type": "Point", "coordinates": [31.0625, 42.9375]}, "properties": {"type": "anticyclone", "ssh_m": 0.0895, "zeta_s-1": -7.1e-06, "hemisphere": "N", "time": "2025-05-01T00:00:00.000000000"}}, {"type": "Feature", "geometry": {"type": "Point", "coordinates": [-113.8125, 15.1875]}, "properties": {"type": "anticyclone", "ssh_m": 0.0894, "zeta_s-1": -8.1e-06, "hemisphere": "N", "time": "2025-05-01T00:00:00.000000000"}}, {"type": "Feature", "geometry": {"type": "Point", "coordinates": [-34.4375, 20.3125]}, "properties": {"type": "anticyclone", "ssh_m": 0.0894, "zeta_s-1": -7.2e-06, "hemisphere": "N", "time": "2025-05-01T00:00:00.000000000"}}, {"type": "Feature", "geometry": {"type": "Point", "coordinates": [-10.1875, -63.9375]}, "properties": {"type": "anticyclone", "ssh_m": 0.0892, "zeta_s-1": 5.4e-06, "hemisphere": "S", "time": "2025-05-01T00:00:00.000000000"}}, {"type": "Feature", "geometry": {"type": "Point", "coordinates": [-126.8125, -0.3125]}, "properties": {"type": "anticyclone", "ssh_m": 0.089, "zeta_s-1": NaN, "hemisphere": "S", "time": "2025-05-01T00:00:00.000000000"}}, {"type": "Feature", "geometry": {"type": "Point", "coordinates": [-53.9375, 17.5625]}, "properties": {"type": "anticyclone", "ssh_m": 0.089, "zeta_s-1": -8.9e-06, "hemisphere": "N", "time": "2025-05-01T00:00:00.000000000"}}, {"type": "Feature", "geometry": {"type": "Point", "coordinates": [-50.0625, 15.4375]}, "properties": {"type": "anticyclone", "ssh_m": 0.0888, "zeta_s-1": -7e-06, "hemisphere": "N", "time": "2025-05-01T00:00:00.000000000"}}, {"type": "Feature", "geometry": {"type": "Point", "coordinates": [-59.8125, 23.9375]}, "properties": {"type": "anticyclone", "ssh_m": 0.0888, "zeta_s-1": -8.9e-06, "hemisphere": "N", "time": "2025-05-01T00:00:00.000000000"}}, {"type": "Feature", "geometry": {"type": "Point", "coordinates": [67.1875, 81.8125]}, "properties": {"type": "anticyclone", "ssh_m": 0.0882, "zeta_s-1": -1.5e-06, "hemisphere": "N", "time": "2025-05-01T00:00:00.000000000"}}, {"type": "Feature", "geometry": {"type": "Point", "coordinates": [-156.6875, 55.1875]}, "properties": {"type": "anticyclone", "ssh_m": 0.088, "zeta_s-1": -6.7e-06, "hemisphere": "N", "time": "2025-05-01T00:00:00.000000000"}}, {"type": "Feature", "geometry": {"type": "Point", "coordinates": [-65.5625, 20.1875]}, "properties": {"type": "anticyclone", "ssh_m": 0.0877, "zeta_s-1": -8.1e-06, "hemisphere": "N", "time": "2025-05-01T00:00:00.000000000"}}, {"type": "Feature", "geometry": {"type": "Point", "coordinates": [-101.4375, -70.1875]}, "properties": {"type": "anticyclone", "ssh_m": 0.0875, "zeta_s-1": 3.2e-06, "hemisphere": "S", "time": "2025-05-01T00:00:00.000000000"}}, {"type": "Feature", "geometry": {"type": "Point", "coordinates": [-61.9375, 47.1875]}, "properties": {"type": "anticyclone", "ssh_m": 0.0874, "zeta_s-1": -1.13e-05, "hemisphere": "N", "time": "2025-05-01T00:00:00.000000000"}}, {"type": "Feature", "geometry": {"type": "Point", "coordinates": [170.3125, 55.0625]}, "properties": {"type": "anticyclone", "ssh_m": 0.0874, "zeta_s-1": -7.6e-06, "hemisphere": "N", "time": "2025-05-01T00:00:00.000000000"}}, {"type": "Feature", "geometry": {"type": "Point", "coordinates": [-139.1875, -8.1875]}, "properties": {"type": "anticyclone", "ssh_m": 0.0872, "zeta_s-1": 3.2e-06, "hemisphere": "S", "time": "2025-05-01T00:00:00.000000000"}}, {"type": "Feature", "geometry": {"type": "Point", "coordinates": [-160.6875, -69.3125]}, "properties": {"type": "anticyclone", "ssh_m": 0.087, "zeta_s-1": 4e-07, "hemisphere": "S", "time": "2025-05-01T00:00:00.000000000"}}, {"type": "Feature", "geometry": {"type": "Point", "coordinates": [173.3125, 61.4375]}, "properties": {"type": "anticyclone", "ssh_m": 0.0867, "zeta_s-1": NaN, "hemisphere": "N", "time": "2025-05-01T00:00:00.000000000"}}, {"type": "Feature", "geometry": {"type": "Point", "coordinates": [-21.5625, -64.1875]}, "properties": {"type": "anticyclone", "ssh_m": 0.0861, "zeta_s-1": 9e-07, "hemisphere": "S", "time": "2025-05-01T00:00:00.000000000"}}, {"type": "Feature", "geometry": {"type": "Point", "coordinates": [-152.8125, -63.8125]}, "properties": {"type": "anticyclone", "ssh_m": 0.0861, "zeta_s-1": 3.5e-06, "hemisphere": "S", "time": "2025-05-01T00:00:00.000000000"}}, {"type": "Feature", "geometry": {"type": "Point", "coordinates": [-148.1875, -62.5625]}, "properties": {"type": "anticyclone", "ssh_m": 0.0861, "zeta_s-1": 4.9e-06, "hemisphere": "S", "time": "2025-05-01T00:00:00.000000000"}}, {"type": "Feature", "geometry": {"type": "Point", "coordinates": [-55.8125, 27.0625]}, "properties": {"type": "anticyclone", "ssh_m": 0.086, "zeta_s-1": -8e-06, "hemisphere": "N", "time": "2025-05-01T00:00:00.000000000"}}, {"type": "Feature", "geometry": {"type": "Point", "coordinates": [35.1875, 35.5625]}, "properties": {"type": "anticyclone", "ssh_m": 0.0859, "zeta_s-1": -1.61e-05, "hemisphere": "N", "time": "2025-05-01T00:00:00.000000000"}}, {"type": "Feature", "geometry": {"type": "Point", "coordinates": [-37.6875, 51.1875]}, "properties": {"type": "anticyclone", "ssh_m": 0.0858, "zeta_s-1": -1.36e-05, "hemisphere": "N", "time": "2025-05-01T00:00:00.000000000"}}, {"type": "Feature", "geometry": {"type": "Point", "coordinates": [-123.1875, -68.5625]}, "properties": {"type": "anticyclone", "ssh_m": 0.0855, "zeta_s-1": 1.1e-06, "hemisphere": "S", "time": "2025-05-01T00:00:00.000000000"}}, {"type": "Feature", "geometry": {"type": "Point", "coordinates": [-150.3125, -64.3125]}, "properties": {"type": "anticyclone", "ssh_m": 0.0848, "zeta_s-1": 3.6e-06, "hemisphere": "S", "time": "2025-05-01T00:00:00.000000000"}}, {"type": "Feature", "geometry": {"type": "Point", "coordinates": [82.0625, -65.0625]}, "properties": {"type": "anticyclone", "ssh_m": 0.0844, "zeta_s-1": 4.8e-06, "hemisphere": "S", "time": "2025-05-01T00:00:00.000000000"}}, {"type": "Feature", "geometry": {"type": "Point", "coordinates": [24.0625, 40.3125]}, "properties": {"type": "anticyclone", "ssh_m": 0.0843, "zeta_s-1": -1e-05, "hemisphere": "N", "time": "2025-05-01T00:00:00.000000000"}}, {"type": "Feature", "geometry": {"type": "Point", "coordinates": [-48.0625, 61.0625]}, "properties": {"type": "anticyclone", "ssh_m": 0.0843, "zeta_s-1": -1.06e-05, "hemisphere": "N", "time": "2025-05-01T00:00:00.000000000"}}, {"type": "Feature", "geometry": {"type": "Point", "coordinates": [-128.5625, -63.5625]}, "properties": {"type": "anticyclone", "ssh_m": 0.0842, "zeta_s-1": 1.49e-05, "hemisphere": "S", "time": "2025-05-01T00:00:00.000000000"}}, {"type": "Feature", "geometry": {"type": "Point", "coordinates": [-122.8125, 16.4375]}, "properties": {"type": "anticyclone", "ssh_m": 0.084, "zeta_s-1": -7.6e-06, "hemisphere": "N", "time": "2025-05-01T00:00:00.000000000"}}, {"type": "Feature", "geometry": {"type": "Point", "coordinates": [12.5625, -57.9375]}, "properties": {"type": "anticyclone", "ssh_m": 0.0839, "zeta_s-1": 3.3e-06, "hemisphere": "S", "time": "2025-05-01T00:00:00.000000000"}}, {"type": "Feature", "geometry": {"type": "Point", "coordinates": [14.1875, 67.3125]}, "properties": {"type": "anticyclone", "ssh_m": 0.0839, "zeta_s-1": -8.6e-06, "hemisphere": "N", "time": "2025-05-01T00:00:00.000000000"}}, {"type": "Feature", "geometry": {"type": "Point", "coordinates": [-5.4375, -63.8125]}, "properties": {"type": "anticyclone", "ssh_m": 0.0834, "zeta_s-1": 5e-06, "hemisphere": "S", "time": "2025-05-01T00:00:00.000000000"}}, {"type": "Feature", "geometry": {"type": "Point", "coordinates": [-46.1875, 59.6875]}, "properties": {"type": "anticyclone", "ssh_m": 0.0831, "zeta_s-1": -1.26e-05, "hemisphere": "N", "time": "2025-05-01T00:00:00.000000000"}}, {"type": "Feature", "geometry": {"type": "Point", "coordinates": [-142.6875, -10.9375]}, "properties": {"type": "anticyclone", "ssh_m": 0.0828, "zeta_s-1": 3.8e-06, "hemisphere": "S", "time": "2025-05-01T00:00:00.000000000"}}, {"type": "Feature", "geometry": {"type": "Point", "coordinates": [106.4375, 9.0625]}, "properties": {"type": "anticyclone", "ssh_m": 0.0827, "zeta_s-1": -3.87e-05, "hemisphere": "N", "time": "2025-05-01T00:00:00.000000000"}}, {"type": "Feature", "geometry": {"type": "Point", "coordinates": [140.8125, 44.3125]}, "properties": {"type": "anticyclone", "ssh_m": 0.0822, "zeta_s-1": -1.27e-05, "hemisphere": "N", "time": "2025-05-01T00:00:00.000000000"}}, {"type": "Feature", "geometry": {"type": "Point", "coordinates": [114.6875, 22.5625]}, "properties": {"type": "anticyclone", "ssh_m": 0.0821, "zeta_s-1": -2.63e-05, "hemisphere": "N", "time": "2025-05-01T00:00:00.000000000"}}, {"type": "Feature", "geometry": {"type": "Point", "coordinates": [-2.3125, 48.8125]}, "properties": {"type": "anticyclone", "ssh_m": 0.0821, "zeta_s-1": -7.2e-06, "hemisphere": "N", "time": "2025-05-01T00:00:00.000000000"}}, {"type": "Feature", "geometry": {"type": "Point", "coordinates": [56.9375, 75.1875]}, "properties": {"type": "anticyclone", "ssh_m": 0.0819, "zeta_s-1": NaN, "hemisphere": "N", "time": "2025-05-01T00:00:00.000000000"}}, {"type": "Feature", "geometry": {"type": "Point", "coordinates": [-2.5625, 47.4375]}, "properties": {"type": "anticyclone", "ssh_m": 0.0816, "zeta_s-1": NaN, "hemisphere": "N", "time": "2025-05-01T00:00:00.000000000"}}, {"type": "Feature", "geometry": {"type": "Point", "coordinates": [-7.1875, -63.5625]}, "properties": {"type": "anticyclone", "ssh_m": 0.0815, "zeta_s-1": 5.3e-06, "hemisphere": "S", "time": "2025-05-01T00:00:00.000000000"}}, {"type": "Feature", "geometry": {"type": "Point", "coordinates": [152.3125, -63.0625]}, "properties": {"type": "anticyclone", "ssh_m": 0.0813, "zeta_s-1": 6e-06, "hemisphere": "S", "time": "2025-05-01T00:00:00.000000000"}}, {"type": "Feature", "geometry": {"type": "Point", "coordinates": [-171.3125, -66.1875]}, "properties": {"type": "anticyclone", "ssh_m": 0.081, "zeta_s-1": 1.6e-06, "hemisphere": "S", "time": "2025-05-01T00:00:00.000000000"}}, {"type": "Feature", "geometry": {"type": "Point", "coordinates": [156.0625, -60.3125]}, "properties": {"type": "anticyclone", "ssh_m": 0.0808, "zeta_s-1": 1.03e-05, "hemisphere": "S", "time": "2025-05-01T00:00:00.000000000"}}, {"type": "Feature", "geometry": {"type": "Point", "coordinates": [-134.1875, -68.5625]}, "properties": {"type": "anticyclone", "ssh_m": 0.0806, "zeta_s-1": 2.2e-06, "hemisphere": "S", "time": "2025-05-01T00:00:00.000000000"}}, {"type": "Feature", "geometry": {"type": "Point", "coordinates": [-141.4375, -62.8125]}, "properties": {"type": "anticyclone", "ssh_m": 0.0806, "zeta_s-1": 8.7e-06, "hemisphere": "S", "time": "2025-05-01T00:00:00.000000000"}}, {"type": "Feature", "geometry": {"type": "Point", "coordinates": [-142.5625, 43.5625]}, "properties": {"type": "anticyclone", "ssh_m": 0.0802, "zeta_s-1": -2.8e-06, "hemisphere": "N", "time": "2025-05-01T00:00:00.000000000"}}, {"type": "Feature", "geometry": {"type": "Point", "coordinates": [-168.1875, -0.4375]}, "properties": {"type": "anticyclone", "ssh_m": 0.0799, "zeta_s-1": NaN, "hemisphere": "S", "time": "2025-05-01T00:00:00.000000000"}}, {"type": "Feature", "geometry": {"type": "Point", "coordinates": [-132.0625, 46.1875]}, "properties": {"type": "anticyclone", "ssh_m": 0.0798, "zeta_s-1": -2.9e-06, "hemisphere": "N", "time": "2025-05-01T00:00:00.000000000"}}, {"type": "Feature", "geometry": {"type": "Point", "coordinates": [70.1875, -61.5625]}, "properties": {"type": "anticyclone", "ssh_m": 0.0795, "zeta_s-1": 9.4e-06, "hemisphere": "S", "time": "2025-05-01T00:00:00.000000000"}}, {"type": "Feature", "geometry": {"type": "Point", "coordinates": [-163.6875, -1.1875]}, "properties": {"type": "anticyclone", "ssh_m": 0.0795, "zeta_s-1": NaN, "hemisphere": "S", "time": "2025-05-01T00:00:00.000000000"}}, {"type": "Feature", "geometry": {"type": "Point", "coordinates": [-15.0625, 9.3125]}, "properties": {"type": "anticyclone", "ssh_m": 0.0794, "zeta_s-1": -3.5e-06, "hemisphere": "N", "time": "2025-05-01T00:00:00.000000000"}}, {"type": "Feature", "geometry": {"type": "Point", "coordinates": [-126.3125, 44.9375]}, "properties": {"type": "anticyclone", "ssh_m": 0.0794, "zeta_s-1": -6.4e-06, "hemisphere": "N", "time": "2025-05-01T00:00:00.000000000"}}, {"type": "Feature", "geometry": {"type": "Point", "coordinates": [-148.1875, 37.9375]}, "properties": {"type": "anticyclone", "ssh_m": 0.0791, "zeta_s-1": -6.6e-06, "hemisphere": "N", "time": "2025-05-01T00:00:00.000000000"}}, {"type": "Feature", "geometry": {"type": "Point", "coordinates": [12.1875, -56.0625]}, "properties": {"type": "anticyclone", "ssh_m": 0.0789, "zeta_s-1": 3.3e-06, "hemisphere": "S", "time": "2025-05-01T00:00:00.000000000"}}, {"type": "Feature", "geometry": {"type": "Point", "coordinates": [-19.4375, 18.4375]}, "properties": {"type": "anticyclone", "ssh_m": 0.0788, "zeta_s-1": -9.1e-06, "hemisphere": "N", "time": "2025-05-01T00:00:00.000000000"}}, {"type": "Feature", "geometry": {"type": "Point", "coordinates": [-137.0625, 43.5625]}, "properties": {"type": "anticyclone", "ssh_m": 0.0787, "zeta_s-1": -4.8e-06, "hemisphere": "N", "time": "2025-05-01T00:00:00.000000000"}}, {"type": "Feature", "geometry": {"type": "Point", "coordinates": [-2.0625, -64.6875]}, "properties": {"type": "anticyclone", "ssh_m": 0.0779, "zeta_s-1": 5.2e-06, "hemisphere": "S", "time": "2025-05-01T00:00:00.000000000"}}, {"type": "Feature", "geometry": {"type": "Point", "coordinates": [27.5625, 37.0625]}, "properties": {"type": "anticyclone", "ssh_m": 0.0775, "zeta_s-1": -9.2e-06, "hemisphere": "N", "time": "2025-05-01T00:00:00.000000000"}}, {"type": "Feature", "geometry": {"type": "Point", "coordinates": [-23.1875, 68.0625]}, "properties": {"type": "anticyclone", "ssh_m": 0.0771, "zeta_s-1": -8.5e-06, "hemisphere": "N", "time": "2025-05-01T00:00:00.000000000"}}, {"type": "Feature", "geometry": {"type": "Point", "coordinates": [-157.4375, -64.1875]}, "properties": {"type": "anticyclone", "ssh_m": 0.0768, "zeta_s-1": 2.5e-06, "hemisphere": "S", "time": "2025-05-01T00:00:00.000000000"}}, {"type": "Feature", "geometry": {"type": "Point", "coordinates": [123.6875, 29.5625]}, "properties": {"type": "anticyclone", "ssh_m": 0.0765, "zeta_s-1": -9.1e-06, "hemisphere": "N", "time": "2025-05-01T00:00:00.000000000"}}, {"type": "Feature", "geometry": {"type": "Point", "coordinates": [-144.3125, 37.9375]}, "properties": {"type": "anticyclone", "ssh_m": 0.0764, "zeta_s-1": -3.6e-06, "hemisphere": "N", "time": "2025-05-01T00:00:00.000000000"}}, {"type": "Feature", "geometry": {"type": "Point", "coordinates": [-138.3125, 41.9375]}, "properties": {"type": "anticyclone", "ssh_m": 0.0761, "zeta_s-1": -3.9e-06, "hemisphere": "N", "time": "2025-05-01T00:00:00.000000000"}}, {"type": "Feature", "geometry": {"type": "Point", "coordinates": [8.3125, -61.5625]}, "properties": {"type": "anticyclone", "ssh_m": 0.0758, "zeta_s-1": 3.6e-06, "hemisphere": "S", "time": "2025-05-01T00:00:00.000000000"}}, {"type": "Feature", "geometry": {"type": "Point", "coordinates": [-20.3125, 11.0625]}, "properties": {"type": "anticyclone", "ssh_m": 0.0754, "zeta_s-1": -2.8e-06, "hemisphere": "N", "time": "2025-05-01T00:00:00.000000000"}}, {"type": "Feature", "geometry": {"type": "Point", "coordinates": [-136.6875, 41.0625]}, "properties": {"type": "anticyclone", "ssh_m": 0.0754, "zeta_s-1": -5.6e-06, "hemisphere": "N", "time": "2025-05-01T00:00:00.000000000"}}, {"type": "Feature", "geometry": {"type": "Point", "coordinates": [87.3125, -63.5625]}, "properties": {"type": "anticyclone", "ssh_m": 0.0753, "zeta_s-1": 4.2e-06, "hemisphere": "S", "time": "2025-05-01T00:00:00.000000000"}}, {"type": "Feature", "geometry": {"type": "Point", "coordinates": [-174.0625, -4.6875]}, "properties": {"type": "anticyclone", "ssh_m": 0.0751, "zeta_s-1": NaN, "hemisphere": "S", "time": "2025-05-01T00:00:00.000000000"}}, {"type": "Feature", "geometry": {"type": "Point", "coordinates": [77.5625, -62.5625]}, "properties": {"type": "anticyclone", "ssh_m": 0.075, "zeta_s-1": 5.8e-06, "hemisphere": "S", "time": "2025-05-01T00:00:00.000000000"}}, {"type": "Feature", "geometry": {"type": "Point", "coordinates": [32.3125, 71.8125]}, "properties": {"type": "anticyclone", "ssh_m": 0.0749, "zeta_s-1": -2.9e-06, "hemisphere": "N", "time": "2025-05-01T00:00:00.000000000"}}, {"type": "Feature", "geometry": {"type": "Point", "coordinates": [157.6875, -61.6875]}, "properties": {"type": "anticyclone", "ssh_m": 0.0735, "zeta_s-1": 6.8e-06, "hemisphere": "S", "time": "2025-05-01T00:00:00.000000000"}}, {"type": "Feature", "geometry": {"type": "Point", "coordinates": [-5.1875, 49.0625]}, "properties": {"type": "anticyclone", "ssh_m": 0.0734, "zeta_s-1": -3.2e-06, "hemisphere": "N", "time": "2025-05-01T00:00:00.000000000"}}, {"type": "Feature", "geometry": {"type": "Point", "coordinates": [29.8125, 71.8125]}, "properties": {"type": "anticyclone", "ssh_m": 0.0732, "zeta_s-1": -1.2e-06, "hemisphere": "N", "time": "2025-05-01T00:00:00.000000000"}}, {"type": "Feature", "geometry": {"type": "Point", "coordinates": [42.4375, -34.0625]}, "properties": {"type": "anticyclone", "ssh_m": 0.073, "zeta_s-1": 1.57e-05, "hemisphere": "S", "time": "2025-05-01T00:00:00.000000000"}}, {"type": "Feature", "geometry": {"type": "Point", "coordinates": [-5.9375, 53.3125]}, "properties": {"type": "anticyclone", "ssh_m": 0.0728, "zeta_s-1": -7.5e-06, "hemisphere": "N", "time": "2025-05-01T00:00:00.000000000"}}, {"type": "Feature", "geometry": {"type": "Point", "coordinates": [114.4375, -63.8125]}, "properties": {"type": "anticyclone", "ssh_m": 0.0715, "zeta_s-1": 6.3e-06, "hemisphere": "S", "time": "2025-05-01T00:00:00.000000000"}}, {"type": "Feature", "geometry": {"type": "Point", "coordinates": [-131.0625, -65.9375]}, "properties": {"type": "anticyclone", "ssh_m": 0.0711, "zeta_s-1": 1.35e-05, "hemisphere": "S", "time": "2025-05-01T00:00:00.000000000"}}, {"type": "Feature", "geometry": {"type": "Point", "coordinates": [-146.8125, -70.3125]}, "properties": {"type": "anticyclone", "ssh_m": 0.071, "zeta_s-1": 7e-07, "hemisphere": "S", "time": "2025-05-01T00:00:00.000000000"}}, {"type": "Feature", "geometry": {"type": "Point", "coordinates": [-161.3125, 58.5625]}, "properties": {"type": "anticyclone", "ssh_m": 0.0709, "zeta_s-1": -1.67e-05, "hemisphere": "N", "time": "2025-05-01T00:00:00.000000000"}}, {"type": "Feature", "geometry": {"type": "Point", "coordinates": [-39.4375, 60.4375]}, "properties": {"type": "anticyclone", "ssh_m": 0.0708, "zeta_s-1": -8.7e-06, "hemisphere": "N", "time": "2025-05-01T00:00:00.000000000"}}, {"type": "Feature", "geometry": {"type": "Point", "coordinates": [80.1875, -62.3125]}, "properties": {"type": "anticyclone", "ssh_m": 0.0707, "zeta_s-1": 9e-06, "hemisphere": "S", "time": "2025-05-01T00:00:00.000000000"}}, {"type": "Feature", "geometry": {"type": "Point", "coordinates": [-76.5625, 76.5625]}, "properties": {"type": "anticyclone", "ssh_m": 0.0703, "zeta_s-1": -1e-05, "hemisphere": "N", "time": "2025-05-01T00:00:00.000000000"}}, {"type": "Feature", "geometry": {"type": "Point", "coordinates": [73.3125, -63.3125]}, "properties": {"type": "anticyclone", "ssh_m": 0.0698, "zeta_s-1": 3e-06, "hemisphere": "S", "time": "2025-05-01T00:00:00.000000000"}}, {"type": "Feature", "geometry": {"type": "Point", "coordinates": [38.6875, 47.0625]}, "properties": {"type": "anticyclone", "ssh_m": 0.0698, "zeta_s-1": NaN, "hemisphere": "N", "time": "2025-05-01T00:00:00.000000000"}}, {"type": "Feature", "geometry": {"type": "Point", "coordinates": [42.3125, 79.3125]}, "properties": {"type": "anticyclone", "ssh_m": 0.0696, "zeta_s-1": -3.4e-06, "hemisphere": "N", "time": "2025-05-01T00:00:00.000000000"}}, {"type": "Feature", "geometry": {"type": "Point", "coordinates": [-93.4375, -71.1875]}, "properties": {"type": "anticyclone", "ssh_m": 0.0685, "zeta_s-1": 7.3e-06, "hemisphere": "S", "time": "2025-05-01T00:00:00.000000000"}}, {"type": "Feature", "geometry": {"type": "Point", "coordinates": [-36.5625, 64.4375]}, "properties": {"type": "anticyclone", "ssh_m": 0.0684, "zeta_s-1": -1.09e-05, "hemisphere": "N", "time": "2025-05-01T00:00:00.000000000"}}, {"type": "Feature", "geometry": {"type": "Point", "coordinates": [29.1875, -69.3125]}, "properties": {"type": "anticyclone", "ssh_m": 0.0675, "zeta_s-1": 9e-07, "hemisphere": "S", "time": "2025-05-01T00:00:00.000000000"}}, {"type": "Feature", "geometry": {"type": "Point", "coordinates": [-131.8125, -62.5625]}, "properties": {"type": "anticyclone", "ssh_m": 0.0668, "zeta_s-1": 9.8e-06, "hemisphere": "S", "time": "2025-05-01T00:00:00.000000000"}}, {"type": "Feature", "geometry": {"type": "Point", "coordinates": [-135.9375, -64.8125]}, "properties": {"type": "anticyclone", "ssh_m": 0.0665, "zeta_s-1": 5.6e-06, "hemisphere": "S", "time": "2025-05-01T00:00:00.000000000"}}, {"type": "Feature", "geometry": {"type": "Point", "coordinates": [-18.0625, 13.9375]}, "properties": {"type": "anticyclone", "ssh_m": 0.066, "zeta_s-1": -1.1e-05, "hemisphere": "N", "time": "2025-05-01T00:00:00.000000000"}}, {"type": "Feature", "geometry": {"type": "Point", "coordinates": [-139.0625, -64.9375]}, "properties": {"type": "anticyclone", "ssh_m": 0.0652, "zeta_s-1": 3.9e-06, "hemisphere": "S", "time": "2025-05-01T00:00:00.000000000"}}, {"type": "Feature", "geometry": {"type": "Point", "coordinates": [57.5625, -65.3125]}, "properties": {"type": "anticyclone", "ssh_m": 0.0641, "zeta_s-1": 4.7e-06, "hemisphere": "S", "time": "2025-05-01T00:00:00.000000000"}}, {"type": "Feature", "geometry": {"type": "Point", "coordinates": [2.5625, -62.5625]}, "properties": {"type": "anticyclone", "ssh_m": 0.0641, "zeta_s-1": 3.1e-06, "hemisphere": "S", "time": "2025-05-01T00:00:00.000000000"}}, {"type": "Feature", "geometry": {"type": "Point", "coordinates": [-141.8125, -64.4375]}, "properties": {"type": "anticyclone", "ssh_m": 0.0635, "zeta_s-1": 4.7e-06, "hemisphere": "S", "time": "2025-05-01T00:00:00.000000000"}}, {"type": "Feature", "geometry": {"type": "Point", "coordinates": [79.8125, -58.4375]}, "properties": {"type": "anticyclone", "ssh_m": 0.0633, "zeta_s-1": 5.3e-06, "hemisphere": "S", "time": "2025-05-01T00:00:00.000000000"}}, {"type": "Feature", "geometry": {"type": "Point", "coordinates": [-72.3125, 20.4375]}, "properties": {"type": "anticyclone", "ssh_m": 0.0632, "zeta_s-1": -1.61e-05, "hemisphere": "N", "time": "2025-05-01T00:00:00.000000000"}}, {"type": "Feature", "geometry": {"type": "Point", "coordinates": [125.0625, -65.1875]}, "properties": {"type": "anticyclone", "ssh_m": 0.062, "zeta_s-1": 1.1e-06, "hemisphere": "S", "time": "2025-05-01T00:00:00.000000000"}}, {"type": "Feature", "geometry": {"type": "Point", "coordinates": [-134.0625, -9.1875]}, "properties": {"type": "anticyclone", "ssh_m": 0.062, "zeta_s-1": 2.6e-06, "hemisphere": "S", "time": "2025-05-01T00:00:00.000000000"}}, {"type": "Feature", "geometry": {"type": "Point", "coordinates": [119.1875, -64.8125]}, "properties": {"type": "anticyclone", "ssh_m": 0.0618, "zeta_s-1": 2.5e-06, "hemisphere": "S", "time": "2025-05-01T00:00:00.000000000"}}, {"type": "Feature", "geometry": {"type": "Point", "coordinates": [106.8125, -63.6875]}, "properties": {"type": "anticyclone", "ssh_m": 0.0618, "zeta_s-1": 3.6e-06, "hemisphere": "S", "time": "2025-05-01T00:00:00.000000000"}}, {"type": "Feature", "geometry": {"type": "Point", "coordinates": [-67.8125, 20.0625]}, "properties": {"type": "anticyclone", "ssh_m": 0.0618, "zeta_s-1": -9.9e-06, "hemisphere": "N", "time": "2025-05-01T00:00:00.000000000"}}, {"type": "Feature", "geometry": {"type": "Point", "coordinates": [30.0625, 75.4375]}, "properties": {"type": "anticyclone", "ssh_m": 0.0618, "zeta_s-1": -6.3e-06, "hemisphere": "N", "time": "2025-05-01T00:00:00.000000000"}}, {"type": "Feature", "geometry": {"type": "Point", "coordinates": [10.1875, -63.1875]}, "properties": {"type": "anticyclone", "ssh_m": 0.0617, "zeta_s-1": 1.8e-06, "hemisphere": "S", "time": "2025-05-01T00:00:00.000000000"}}, {"type": "Feature", "geometry": {"type": "Point", "coordinates": [64.0625, -61.9375]}, "properties": {"type": "anticyclone", "ssh_m": 0.0615, "zeta_s-1": 4.9e-06, "hemisphere": "S", "time": "2025-05-01T00:00:00.000000000"}}, {"type": "Feature", "geometry": {"type": "Point", "coordinates": [79.0625, -59.9375]}, "properties": {"type": "anticyclone", "ssh_m": 0.0614, "zeta_s-1": 5.8e-06, "hemisphere": "S", "time": "2025-05-01T00:00:00.000000000"}}, {"type": "Feature", "geometry": {"type": "Point", "coordinates": [56.9375, -11.4375]}, "properties": {"type": "anticyclone", "ssh_m": 0.0613, "zeta_s-1": 7.3e-06, "hemisphere": "S", "time": "2025-05-01T00:00:00.000000000"}}, {"type": "Feature", "geometry": {"type": "Point", "coordinates": [-133.6875, -6.4375]}, "properties": {"type": "anticyclone", "ssh_m": 0.0611, "zeta_s-1": NaN, "hemisphere": "S", "time": "2025-05-01T00:00:00.000000000"}}, {"type": "Feature", "geometry": {"type": "Point", "coordinates": [109.3125, -60.5625]}, "properties": {"type": "anticyclone", "ssh_m": 0.0607, "zeta_s-1": 5.2e-06, "hemisphere": "S", "time": "2025-05-01T00:00:00.000000000"}}, {"type": "Feature", "geometry": {"type": "Point", "coordinates": [134.1875, 33.4375]}, "properties": {"type": "anticyclone", "ssh_m": 0.06, "zeta_s-1": NaN, "hemisphere": "N", "time": "2025-05-01T00:00:00.000000000"}}, {"type": "Feature", "geometry": {"type": "Point", "coordinates": [-17.0625, 18.4375]}, "properties": {"type": "anticyclone", "ssh_m": 0.0598, "zeta_s-1": -6.3e-06, "hemisphere": "N", "time": "2025-05-01T00:00:00.000000000"}}, {"type": "Feature", "geometry": {"type": "Point", "coordinates": [63.6875, -64.4375]}, "properties": {"type": "anticyclone", "ssh_m": 0.0595, "zeta_s-1": 4.5e-06, "hemisphere": "S", "time": "2025-05-01T00:00:00.000000000"}}, {"type": "Feature", "geometry": {"type": "Point", "coordinates": [31.8125, 73.6875]}, "properties": {"type": "anticyclone", "ssh_m": 0.0593, "zeta_s-1": -4.7e-06, "hemisphere": "N", "time": "2025-05-01T00:00:00.000000000"}}, {"type": "Feature", "geometry": {"type": "Point", "coordinates": [130.5625, -65.0625]}, "properties": {"type": "anticyclone", "ssh_m": 0.0591, "zeta_s-1": 2.6e-06, "hemisphere": "S", "time": "2025-05-01T00:00:00.000000000"}}, {"type": "Feature", "geometry": {"type": "Point", "coordinates": [94.3125, -62.4375]}, "properties": {"type": "anticyclone", "ssh_m": 0.0587, "zeta_s-1": 9.3e-06, "hemisphere": "S", "time": "2025-05-01T00:00:00.000000000"}}, {"type": "Feature", "geometry": {"type": "Point", "coordinates": [108.0625, 1.8125]}, "properties": {"type": "anticyclone", "ssh_m": 0.0586, "zeta_s-1": NaN, "hemisphere": "N", "time": "2025-05-01T00:00:00.000000000"}}, {"type": "Feature", "geometry": {"type": "Point", "coordinates": [-146.4375, 38.1875]}, "properties": {"type": "anticyclone", "ssh_m": 0.0586, "zeta_s-1": -5.5e-06, "hemisphere": "N", "time": "2025-05-01T00:00:00.000000000"}}, {"type": "Feature", "geometry": {"type": "Point", "coordinates": [-116.6875, -62.5625]}, "properties": {"type": "anticyclone", "ssh_m": 0.0585, "zeta_s-1": 1.01e-05, "hemisphere": "S", "time": "2025-05-01T00:00:00.000000000"}}, {"type": "Feature", "geometry": {"type": "Point", "coordinates": [81.9375, -58.5625]}, "properties": {"type": "anticyclone", "ssh_m": 0.0584, "zeta_s-1": 4.4e-06, "hemisphere": "S", "time": "2025-05-01T00:00:00.000000000"}}, {"type": "Feature", "geometry": {"type": "Point", "coordinates": [45.6875, 78.9375]}, "properties": {"type": "anticyclone", "ssh_m": 0.0582, "zeta_s-1": -1.3e-06, "hemisphere": "N", "time": "2025-05-01T00:00:00.000000000"}}, {"type": "Feature", "geometry": {"type": "Point", "coordinates": [-112.4375, -71.3125]}, "properties": {"type": "anticyclone", "ssh_m": 0.0575, "zeta_s-1": 8e-07, "hemisphere": "S", "time": "2025-05-01T00:00:00.000000000"}}, {"type": "Feature", "geometry": {"type": "Point", "coordinates": [-115.6875, -70.1875]}, "properties": {"type": "anticyclone", "ssh_m": 0.0569, "zeta_s-1": 1.2e-06, "hemisphere": "S", "time": "2025-05-01T00:00:00.000000000"}}, {"type": "Feature", "geometry": {"type": "Point", "coordinates": [18.5625, 58.3125]}, "properties": {"type": "anticyclone", "ssh_m": 0.0569, "zeta_s-1": -5.6e-06, "hemisphere": "N", "time": "2025-05-01T00:00:00.000000000"}}, {"type": "Feature", "geometry": {"type": "Point", "coordinates": [99.3125, -64.3125]}, "properties": {"type": "anticyclone", "ssh_m": 0.0564, "zeta_s-1": 2.7e-06, "hemisphere": "S", "time": "2025-05-01T00:00:00.000000000"}}, {"type": "Feature", "geometry": {"type": "Point", "coordinates": [-150.5625, -68.9375]}, "properties": {"type": "anticyclone", "ssh_m": 0.0562, "zeta_s-1": 2.4e-06, "hemisphere": "S", "time": "2025-05-01T00:00:00.000000000"}}, {"type": "Feature", "geometry": {"type": "Point", "coordinates": [100.1875, -62.0625]}, "properties": {"type": "anticyclone", "ssh_m": 0.0562, "zeta_s-1": 1.15e-05, "hemisphere": "S", "time": "2025-05-01T00:00:00.000000000"}}, {"type": "Feature", "geometry": {"type": "Point", "coordinates": [49.8125, 78.1875]}, "properties": {"type": "anticyclone", "ssh_m": 0.0559, "zeta_s-1": -1.7e-06, "hemisphere": "N", "time": "2025-05-01T00:00:00.000000000"}}, {"type": "Feature", "geometry": {"type": "Point", "coordinates": [124.5625, 32.9375]}, "properties": {"type": "anticyclone", "ssh_m": 0.0558, "zeta_s-1": -7.6e-06, "hemisphere": "N", "time": "2025-05-01T00:00:00.000000000"}}, {"type": "Feature", "geometry": {"type": "Point", "coordinates": [59.1875, 78.0625]}, "properties": {"type": "anticyclone", "ssh_m": 0.0558, "zeta_s-1": -1.8e-06, "hemisphere": "N", "time": "2025-05-01T00:00:00.000000000"}}, {"type": "Feature", "geometry": {"type": "Point", "coordinates": [117.3125, 23.0625]}, "properties": {"type": "anticyclone", "ssh_m": 0.0554, "zeta_s-1": -2.79e-05, "hemisphere": "N", "time": "2025-05-01T00:00:00.000000000"}}, {"type": "Feature", "geometry": {"type": "Point", "coordinates": [69.6875, -63.4375]}, "properties": {"type": "anticyclone", "ssh_m": 0.055, "zeta_s-1": 4.7e-06, "hemisphere": "S", "time": "2025-05-01T00:00:00.000000000"}}, {"type": "Feature", "geometry": {"type": "Point", "coordinates": [-8.0625, -66.6875]}, "properties": {"type": "anticyclone", "ssh_m": 0.0545, "zeta_s-1": 1.3e-06, "hemisphere": "S", "time": "2025-05-01T00:00:00.000000000"}}, {"type": "Feature", "geometry": {"type": "Point", "coordinates": [75.8125, -66.4375]}, "properties": {"type": "anticyclone", "ssh_m": 0.0545, "zeta_s-1": 3e-07, "hemisphere": "S", "time": "2025-05-01T00:00:00.000000000"}}, {"type": "Feature", "geometry": {"type": "Point", "coordinates": [25.5625, 37.8125]}, "properties": {"type": "anticyclone", "ssh_m": 0.0542, "zeta_s-1": -6.9e-06, "hemisphere": "N", "time": "2025-05-01T00:00:00.000000000"}}, {"type": "Feature", "geometry": {"type": "Point", "coordinates": [111.4375, 2.6875]}, "properties": {"type": "anticyclone", "ssh_m": 0.0541, "zeta_s-1": NaN, "hemisphere": "N", "time": "2025-05-01T00:00:00.000000000"}}, {"type": "Feature", "geometry": {"type": "Point", "coordinates": [59.6875, -64.3125]}, "properties": {"type": "anticyclone", "ssh_m": 0.054, "zeta_s-1": 4.6e-06, "hemisphere": "S", "time": "2025-05-01T00:00:00.000000000"}}, {"type": "Feature", "geometry": {"type": "Point", "coordinates": [132.1875, 36.4375]}, "properties": {"type": "anticyclone", "ssh_m": 0.0538, "zeta_s-1": -1.63e-05, "hemisphere": "N", "time": "2025-05-01T00:00:00.000000000"}}, {"type": "Feature", "geometry": {"type": "Point", "coordinates": [25.6875, -65.1875]}, "properties": {"type": "anticyclone", "ssh_m": 0.0533, "zeta_s-1": 2e-06, "hemisphere": "S", "time": "2025-05-01T00:00:00.000000000"}}, {"type": "Feature", "geometry": {"type": "Point", "coordinates": [130.8125, 36.0625]}, "properties": {"type": "anticyclone", "ssh_m": 0.0533, "zeta_s-1": -1.45e-05, "hemisphere": "N", "time": "2025-05-01T00:00:00.000000000"}}, {"type": "Feature", "geometry": {"type": "Point", "coordinates": [-103.8125, -63.4375]}, "properties": {"type": "anticyclone", "ssh_m": 0.0532, "zeta_s-1": 6.1e-06, "hemisphere": "S", "time": "2025-05-01T00:00:00.000000000"}}, {"type": "Feature", "geometry": {"type": "Point", "coordinates": [-171.0625, 58.8125]}, "properties": {"type": "anticyclone", "ssh_m": 0.0532, "zeta_s-1": -2.6e-06, "hemisphere": "N", "time": "2025-05-01T00:00:00.000000000"}}, {"type": "Feature", "geometry": {"type": "Point", "coordinates": [62.1875, 77.8125]}, "properties": {"type": "anticyclone", "ssh_m": 0.0532, "zeta_s-1": -3.5e-06, "hemisphere": "N", "time": "2025-05-01T00:00:00.000000000"}}, {"type": "Feature", "geometry": {"type": "Point", "coordinates": [-121.5625, -71.8125]}, "properties": {"type": "anticyclone", "ssh_m": 0.0529, "zeta_s-1": 9e-07, "hemisphere": "S", "time": "2025-05-01T00:00:00.000000000"}}, {"type": "Feature", "geometry": {"type": "Point", "coordinates": [36.5625, 45.4375]}, "properties": {"type": "anticyclone", "ssh_m": 0.0527, "zeta_s-1": -8.7e-06, "hemisphere": "N", "time": "2025-05-01T00:00:00.000000000"}}, {"type": "Feature", "geometry": {"type": "Point", "coordinates": [13.6875, 78.1875]}, "properties": {"type": "anticyclone", "ssh_m": 0.0527, "zeta_s-1": NaN, "hemisphere": "N", "time": "2025-05-01T00:00:00.000000000"}}, {"type": "Feature", "geometry": {"type": "Point", "coordinates": [66.6875, -64.0625]}, "properties": {"type": "anticyclone", "ssh_m": 0.0526, "zeta_s-1": 2e-06, "hemisphere": "S", "time": "2025-05-01T00:00:00.000000000"}}, {"type": "Feature", "geometry": {"type": "Point", "coordinates": [-132.0625, 55.3125]}, "properties": {"type": "anticyclone", "ssh_m": 0.0522, "zeta_s-1": -6.7e-06, "hemisphere": "N", "time": "2025-05-01T00:00:00.000000000"}}, {"type": "Feature", "geometry": {"type": "Point", "coordinates": [-3.8125, 53.8125]}, "properties": {"type": "anticyclone", "ssh_m": 0.052, "zeta_s-1": -9.4e-06, "hemisphere": "N", "time": "2025-05-01T00:00:00.000000000"}}, {"type": "Feature", "geometry": {"type": "Point", "coordinates": [-156.3125, 25.6875]}, "properties": {"type": "anticyclone", "ssh_m": 0.0518, "zeta_s-1": -8e-06, "hemisphere": "N", "time": "2025-05-01T00:00:00.000000000"}}, {"type": "Feature", "geometry": {"type": "Point", "coordinates": [-141.8125, -3.0625]}, "properties": {"type": "anticyclone", "ssh_m": 0.0511, "zeta_s-1": NaN, "hemisphere": "S", "time": "2025-05-01T00:00:00.000000000"}}, {"type": "Feature", "geometry": {"type": "Point", "coordinates": [-3.0625, -62.4375]}, "properties": {"type": "anticyclone", "ssh_m": 0.0503, "zeta_s-1": 4.6e-06, "hemisphere": "S", "time": "2025-05-01T00:00:00.000000000"}}, {"type": "Feature", "geometry": {"type": "Point", "coordinates": [-64.0625, 37.6875]}, "properties": {"type": "cyclone", "ssh_m": -1.1055, "zeta_s-1": 3.48e-05, "hemisphere": "N", "time": "2025-05-01T00:00:00.000000000"}}, {"type": "Feature", "geometry": {"type": "Point", "coordinates": [136.5625, 30.1875]}, "properties": {"type": "cyclone", "ssh_m": -1.026, "zeta_s-1": 4.53e-05, "hemisphere": "N", "time": "2025-05-01T00:00:00.000000000"}}, {"type": "Feature", "geometry": {"type": "Point", "coordinates": [-49.5625, 38.9375]}, "properties": {"type": "cyclone", "ssh_m": -0.8954, "zeta_s-1": 7.15e-05, "hemisphere": "N", "time": "2025-05-01T00:00:00.000000000"}}, {"type": "Feature", "geometry": {"type": "Point", "coordinates": [-60.0625, 38.3125]}, "properties": {"type": "cyclone", "ssh_m": -0.8674, "zeta_s-1": 2.9e-05, "hemisphere": "N", "time": "2025-05-01T00:00:00.000000000"}}, {"type": "Feature", "geometry": {"type": "Point", "coordinates": [132.6875, 26.9375]}, "properties": {"type": "cyclone", "ssh_m": -0.8223, "zeta_s-1": 4.16e-05, "hemisphere": "N", "time": "2025-05-01T00:00:00.000000000"}}, {"type": "Feature", "geometry": {"type": "Point", "coordinates": [134.6875, 32.3125]}, "properties": {"type": "cyclone", "ssh_m": -0.7631, "zeta_s-1": 5.04e-05, "hemisphere": "N", "time": "2025-05-01T00:00:00.000000000"}}, {"type": "Feature", "geometry": {"type": "Point", "coordinates": [143.4375, 34.3125]}, "properties": {"type": "cyclone", "ssh_m": -0.744, "zeta_s-1": 8.3e-05, "hemisphere": "N", "time": "2025-05-01T00:00:00.000000000"}}, {"type": "Feature", "geometry": {"type": "Point", "coordinates": [44.4375, -38.0625]}, "properties": {"type": "cyclone", "ssh_m": -0.7075, "zeta_s-1": -2.5e-05, "hemisphere": "S", "time": "2025-05-01T00:00:00.000000000"}}, {"type": "Feature", "geometry": {"type": "Point", "coordinates": [148.4375, 36.0625]}, "properties": {"type": "cyclone", "ssh_m": -0.6794, "zeta_s-1": 5.96e-05, "hemisphere": "N", "time": "2025-05-01T00:00:00.000000000"}}, {"type": "Feature", "geometry": {"type": "Point", "coordinates": [-68.6875, 37.5625]}, "properties": {"type": "cyclone", "ssh_m": -0.6762, "zeta_s-1": 7.7e-05, "hemisphere": "N", "time": "2025-05-01T00:00:00.000000000"}}, {"type": "Feature", "geometry": {"type": "Point", "coordinates": [-56.6875, 40.1875]}, "properties": {"type": "cyclone", "ssh_m": -0.6273, "zeta_s-1": 3.76e-05, "hemisphere": "N", "time": "2025-05-01T00:00:00.000000000"}}, {"type": "Feature", "geometry": {"type": "Point", "coordinates": [153.4375, -34.0625]}, "properties": {"type": "cyclone", "ssh_m": -0.626, "zeta_s-1": -3.81e-05, "hemisphere": "S", "time": "2025-05-01T00:00:00.000000000"}}, {"type": "Feature", "geometry": {"type": "Point", "coordinates": [25.6875, -36.9375]}, "properties": {"type": "cyclone", "ssh_m": -0.6184, "zeta_s-1": -7.32e-05, "hemisphere": "S", "time": "2025-05-01T00:00:00.000000000"}}, {"type": "Feature", "geometry": {"type": "Point", "coordinates": [-47.5625, -38.4375]}, "properties": {"type": "cyclone", "ssh_m": -0.61, "zeta_s-1": -2.79e-05, "hemisphere": "S", "time": "2025-05-01T00:00:00.000000000"}}, {"type": "Feature", "geometry": {"type": "Point", "coordinates": [39.6875, -37.3125]}, "properties": {"type": "cyclone", "ssh_m": -0.5909, "zeta_s-1": -5.23e-05, "hemisphere": "S", "time": "2025-05-01T00:00:00.000000000"}}, {"type": "Feature", "geometry": {"type": "Point", "coordinates": [-52.4375, 39.6875]}, "properties": {"type": "cyclone", "ssh_m": -0.5863, "zeta_s-1": 3.87e-05, "hemisphere": "N", "time": "2025-05-01T00:00:00.000000000"}}, {"type": "Feature", "geometry": {"type": "Point", "coordinates": [-46.0625, 37.8125]}, "properties": {"type": "cyclone", "ssh_m": -0.5669, "zeta_s-1": 2.96e-05, "hemisphere": "N", "time": "2025-05-01T00:00:00.000000000"}}, {"type": "Feature", "geometry": {"type": "Point", "coordinates": [18.0625, -40.3125]}, "properties": {"type": "cyclone", "ssh_m": -0.5136, "zeta_s-1": -3.29e-05, "hemisphere": "S", "time": "2025-05-01T00:00:00.000000000"}}, {"type": "Feature", "geometry": {"type": "Point", "coordinates": [78.4375, -43.8125]}, "properties": {"type": "cyclone", "ssh_m": -0.5005, "zeta_s-1": -2.77e-05, "hemisphere": "S", "time": "2025-05-01T00:00:00.000000000"}}, {"type": "Feature", "geometry": {"type": "Point", "coordinates": [161.1875, 33.1875]}, "properties": {"type": "cyclone", "ssh_m": -0.4848, "zeta_s-1": 2.33e-05, "hemisphere": "N", "time": "2025-05-01T00:00:00.000000000"}}, {"type": "Feature", "geometry": {"type": "Point", "coordinates": [14.4375, -38.4375]}, "properties": {"type": "cyclone", "ssh_m": -0.4834, "zeta_s-1": -3.03e-05, "hemisphere": "S", "time": "2025-05-01T00:00:00.000000000"}}, {"type": "Feature", "geometry": {"type": "Point", "coordinates": [30.8125, -38.8125]}, "properties": {"type": "cyclone", "ssh_m": -0.4764, "zeta_s-1": -2.78e-05, "hemisphere": "S", "time": "2025-05-01T00:00:00.000000000"}}, {"type": "Feature", "geometry": {"type": "Point", "coordinates": [63.3125, -40.8125]}, "properties": {"type": "cyclone", "ssh_m": -0.4653, "zeta_s-1": -2.02e-05, "hemisphere": "S", "time": "2025-05-01T00:00:00.000000000"}}, {"type": "Feature", "geometry": {"type": "Point", "coordinates": [-38.3125, 46.1875]}, "properties": {"type": "cyclone", "ssh_m": -0.46, "zeta_s-1": 2.21e-05, "hemisphere": "N", "time": "2025-05-01T00:00:00.000000000"}}, {"type": "Feature", "geometry": {"type": "Point", "coordinates": [-32.3125, -47.8125]}, "properties": {"type": "cyclone", "ssh_m": -0.4597, "zeta_s-1": -2.38e-05, "hemisphere": "S", "time": "2025-05-01T00:00:00.000000000"}}, {"type": "Feature", "geometry": {"type": "Point", "coordinates": [34.4375, -39.6875]}, "properties": {"type": "cyclone", "ssh_m": -0.4389, "zeta_s-1": -2.42e-05, "hemisphere": "S", "time": "2025-05-01T00:00:00.000000000"}}, {"type": "Feature", "geometry": {"type": "Point", "coordinates": [83.5625, -51.3125]}, "properties": {"type": "cyclone", "ssh_m": -0.4368, "zeta_s-1": -3.69e-05, "hemisphere": "S", "time": "2025-05-01T00:00:00.000000000"}}, {"type": "Feature", "geometry": {"type": "Point", "coordinates": [154.8125, -54.0625]}, "properties": {"type": "cyclone", "ssh_m": -0.4345, "zeta_s-1": -3.8e-05, "hemisphere": "S", "time": "2025-05-01T00:00:00.000000000"}}, {"type": "Feature", "geometry": {"type": "Point", "coordinates": [157.6875, 35.4375]}, "properties": {"type": "cyclone", "ssh_m": -0.4257, "zeta_s-1": 2.13e-05, "hemisphere": "N", "time": "2025-05-01T00:00:00.000000000"}}, {"type": "Feature", "geometry": {"type": "Point", "coordinates": [-84.0625, 23.6875]}, "properties": {"type": "cyclone", "ssh_m": -0.4182, "zeta_s-1": 4.57e-05, "hemisphere": "N", "time": "2025-05-01T00:00:00.000000000"}}, {"type": "Feature", "geometry": {"type": "Point", "coordinates": [23.4375, -39.1875]}, "properties": {"type": "cyclone", "ssh_m": -0.416, "zeta_s-1": -5.2e-05, "hemisphere": "S", "time": "2025-05-01T00:00:00.000000000"}}, {"type": "Feature", "geometry": {"type": "Point", "coordinates": [30.6875, -33.6875]}, "properties": {"type": "cyclone", "ssh_m": -0.4155, "zeta_s-1": -3.06e-05, "hemisphere": "S", "time": "2025-05-01T00:00:00.000000000"}}, {"type": "Feature", "geometry": {"type": "Point", "coordinates": [85.5625, -53.4375]}, "properties": {"type": "cyclone", "ssh_m": -0.4128, "zeta_s-1": -2.72e-05, "hemisphere": "S", "time": "2025-05-01T00:00:00.000000000"}}, {"type": "Feature", "geometry": {"type": "Point", "coordinates": [-33.0625, -44.9375]}, "properties": {"type": "cyclone", "ssh_m": -0.4107, "zeta_s-1": -3.31e-05, "hemisphere": "S", "time": "2025-05-01T00:00:00.000000000"}}, {"type": "Feature", "geometry": {"type": "Point", "coordinates": [-42.8125, 42.8125]}, "properties": {"type": "cyclone", "ssh_m": -0.4105, "zeta_s-1": 2.36e-05, "hemisphere": "N", "time": "2025-05-01T00:00:00.000000000"}}, {"type": "Feature", "geometry": {"type": "Point", "coordinates": [-77.4375, 30.5625]}, "properties": {"type": "cyclone", "ssh_m": -0.3909, "zeta_s-1": 5.91e-05, "hemisphere": "N", "time": "2025-05-01T00:00:00.000000000"}}, {"type": "Feature", "geometry": {"type": "Point", "coordinates": [-39.8125, -43.5625]}, "properties": {"type": "cyclone", "ssh_m": -0.3903, "zeta_s-1": -3.24e-05, "hemisphere": "S", "time": "2025-05-01T00:00:00.000000000"}}, {"type": "Feature", "geometry": {"type": "Point", "coordinates": [-72.9375, 34.1875]}, "properties": {"type": "cyclone", "ssh_m": -0.3886, "zeta_s-1": 3.48e-05, "hemisphere": "N", "time": "2025-05-01T00:00:00.000000000"}}, {"type": "Feature", "geometry": {"type": "Point", "coordinates": [-63.6875, 33.9375]}, "properties": {"type": "cyclone", "ssh_m": -0.388, "zeta_s-1": 4.49e-05, "hemisphere": "N", "time": "2025-05-01T00:00:00.000000000"}}, {"type": "Feature", "geometry": {"type": "Point", "coordinates": [47.5625, -37.1875]}, "properties": {"type": "cyclone", "ssh_m": -0.3879, "zeta_s-1": -2.42e-05, "hemisphere": "S", "time": "2025-05-01T00:00:00.000000000"}}, {"type": "Feature", "geometry": {"type": "Point", "coordinates": [28.3125, -35.9375]}, "properties": {"type": "cyclone", "ssh_m": -0.3864, "zeta_s-1": -3.33e-05, "hemisphere": "S", "time": "2025-05-01T00:00:00.000000000"}}, {"type": "Feature", "geometry": {"type": "Point", "coordinates": [127.5625, -49.4375]}, "properties": {"type": "cyclone", "ssh_m": -0.3817, "zeta_s-1": -1.48e-05, "hemisphere": "S", "time": "2025-05-01T00:00:00.000000000"}}, {"type": "Feature", "geometry": {"type": "Point", "coordinates": [-33.8125, -41.9375]}, "properties": {"type": "cyclone", "ssh_m": -0.3716, "zeta_s-1": -2.04e-05, "hemisphere": "S", "time": "2025-05-01T00:00:00.000000000"}}, {"type": "Feature", "geometry": {"type": "Point", "coordinates": [52.6875, -41.8125]}, "properties": {"type": "cyclone", "ssh_m": -0.3628, "zeta_s-1": -1.33e-05, "hemisphere": "S", "time": "2025-05-01T00:00:00.000000000"}}, {"type": "Feature", "geometry": {"type": "Point", "coordinates": [-61.8125, 35.3125]}, "properties": {"type": "cyclone", "ssh_m": -0.3627, "zeta_s-1": 4.14e-05, "hemisphere": "N", "time": "2025-05-01T00:00:00.000000000"}}, {"type": "Feature", "geometry": {"type": "Point", "coordinates": [-48.6875, -42.0625]}, "properties": {"type": "cyclone", "ssh_m": -0.3625, "zeta_s-1": -3.06e-05, "hemisphere": "S", "time": "2025-05-01T00:00:00.000000000"}}, {"type": "Feature", "geometry": {"type": "Point", "coordinates": [-37.5625, -48.9375]}, "properties": {"type": "cyclone", "ssh_m": -0.3559, "zeta_s-1": -4.61e-05, "hemisphere": "S", "time": "2025-05-01T00:00:00.000000000"}}, {"type": "Feature", "geometry": {"type": "Point", "coordinates": [152.9375, 35.3125]}, "properties": {"type": "cyclone", "ssh_m": -0.3547, "zeta_s-1": 1.89e-05, "hemisphere": "N", "time": "2025-05-01T00:00:00.000000000"}}, {"type": "Feature", "geometry": {"type": "Point", "coordinates": [-65.4375, -58.3125]}, "properties": {"type": "cyclone", "ssh_m": -0.3528, "zeta_s-1": -2.68e-05, "hemisphere": "S", "time": "2025-05-01T00:00:00.000000000"}}, {"type": "Feature", "geometry": {"type": "Point", "coordinates": [32.1875, -36.4375]}, "properties": {"type": "cyclone", "ssh_m": -0.3519, "zeta_s-1": -7.14e-05, "hemisphere": "S", "time": "2025-05-01T00:00:00.000000000"}}, {"type": "Feature", "geometry": {"type": "Point", "coordinates": [-148.8125, -53.0625]}, "properties": {"type": "cyclone", "ssh_m": -0.3516, "zeta_s-1": -1.62e-05, "hemisphere": "S", "time": "2025-05-01T00:00:00.000000000"}}, {"type": "Feature", "geometry": {"type": "Point", "coordinates": [-68.6875, 34.8125]}, "properties": {"type": "cyclone", "ssh_m": -0.3504, "zeta_s-1": 2.33e-05, "hemisphere": "N", "time": "2025-05-01T00:00:00.000000000"}}, {"type": "Feature", "geometry": {"type": "Point", "coordinates": [131.8125, -49.3125]}, "properties": {"type": "cyclone", "ssh_m": -0.3494, "zeta_s-1": -2.86e-05, "hemisphere": "S", "time": "2025-05-01T00:00:00.000000000"}}, {"type": "Feature", "geometry": {"type": "Point", "coordinates": [-32.6875, -39.9375]}, "properties": {"type": "cyclone", "ssh_m": -0.3493, "zeta_s-1": -2.99e-05, "hemisphere": "S", "time": "2025-05-01T00:00:00.000000000"}}, {"type": "Feature", "geometry": {"type": "Point", "coordinates": [17.0625, -35.9375]}, "properties": {"type": "cyclone", "ssh_m": -0.3458, "zeta_s-1": -3.23e-05, "hemisphere": "S", "time": "2025-05-01T00:00:00.000000000"}}, {"type": "Feature", "geometry": {"type": "Point", "coordinates": [56.5625, -39.1875]}, "properties": {"type": "cyclone", "ssh_m": -0.3421, "zeta_s-1": -2.76e-05, "hemisphere": "S", "time": "2025-05-01T00:00:00.000000000"}}, {"type": "Feature", "geometry": {"type": "Point", "coordinates": [53.5625, -38.6875]}, "properties": {"type": "cyclone", "ssh_m": -0.3396, "zeta_s-1": -2.34e-05, "hemisphere": "S", "time": "2025-05-01T00:00:00.000000000"}}, {"type": "Feature", "geometry": {"type": "Point", "coordinates": [79.8125, -50.9375]}, "properties": {"type": "cyclone", "ssh_m": -0.3384, "zeta_s-1": -4.99e-05, "hemisphere": "S", "time": "2025-05-01T00:00:00.000000000"}}, {"type": "Feature", "geometry": {"type": "Point", "coordinates": [-141.6875, -52.9375]}, "properties": {"type": "cyclone", "ssh_m": -0.3374, "zeta_s-1": -4.64e-05, "hemisphere": "S", "time": "2025-05-01T00:00:00.000000000"}}, {"type": "Feature", "geometry": {"type": "Point", "coordinates": [-42.3125, -39.8125]}, "properties": {"type": "cyclone", "ssh_m": -0.3317, "zeta_s-1": -1.56e-05, "hemisphere": "S", "time": "2025-05-01T00:00:00.000000000"}}, {"type": "Feature", "geometry": {"type": "Point", "coordinates": [-41.6875, 49.8125]}, "properties": {"type": "cyclone", "ssh_m": -0.3313, "zeta_s-1": 3.65e-05, "hemisphere": "N", "time": "2025-05-01T00:00:00.000000000"}}, {"type": "Feature", "geometry": {"type": "Point", "coordinates": [-135.5625, -55.5625]}, "properties": {"type": "cyclone", "ssh_m": -0.3267, "zeta_s-1": -5.56e-05, "hemisphere": "S", "time": "2025-05-01T00:00:00.000000000"}}, {"type": "Feature", "geometry": {"type": "Point", "coordinates": [-36.1875, -47.1875]}, "properties": {"type": "cyclone", "ssh_m": -0.3212, "zeta_s-1": -4.53e-05, "hemisphere": "S", "time": "2025-05-01T00:00:00.000000000"}}, {"type": "Feature", "geometry": {"type": "Point", "coordinates": [90.1875, -50.4375]}, "properties": {"type": "cyclone", "ssh_m": -0.3164, "zeta_s-1": -5.94e-05, "hemisphere": "S", "time": "2025-05-01T00:00:00.000000000"}}, {"type": "Feature", "geometry": {"type": "Point", "coordinates": [96.8125, -51.8125]}, "properties": {"type": "cyclone", "ssh_m": -0.3159, "zeta_s-1": -2.07e-05, "hemisphere": "S", "time": "2025-05-01T00:00:00.000000000"}}, {"type": "Feature", "geometry": {"type": "Point", "coordinates": [-29.8125, -45.9375]}, "properties": {"type": "cyclone", "ssh_m": -0.3147, "zeta_s-1": -1.37e-05, "hemisphere": "S", "time": "2025-05-01T00:00:00.000000000"}}, {"type": "Feature", "geometry": {"type": "Point", "coordinates": [36.4375, -25.8125]}, "properties": {"type": "cyclone", "ssh_m": -0.3122, "zeta_s-1": -5.04e-05, "hemisphere": "S", "time": "2025-05-01T00:00:00.000000000"}}, {"type": "Feature", "geometry": {"type": "Point", "coordinates": [38.5625, -29.0625]}, "properties": {"type": "cyclone", "ssh_m": -0.3117, "zeta_s-1": -1.87e-05, "hemisphere": "S", "time": "2025-05-01T00:00:00.000000000"}}, {"type": "Feature", "geometry": {"type": "Point", "coordinates": [131.8125, 30.8125]}, "properties": {"type": "cyclone", "ssh_m": -0.3107, "zeta_s-1": 4.75e-05, "hemisphere": "N", "time": "2025-05-01T00:00:00.000000000"}}, {"type": "Feature", "geometry": {"type": "Point", "coordinates": [28.5625, -49.8125]}, "properties": {"type": "cyclone", "ssh_m": -0.3105, "zeta_s-1": -2.72e-05, "hemisphere": "S", "time": "2025-05-01T00:00:00.000000000"}}, {"type": "Feature", "geometry": {"type": "Point", "coordinates": [-55.6875, 36.3125]}, "properties": {"type": "cyclone", "ssh_m": -0.307, "zeta_s-1": 1.7e-05, "hemisphere": "N", "time": "2025-05-01T00:00:00.000000000"}}, {"type": "Feature", "geometry": {"type": "Point", "coordinates": [151.5625, -37.6875]}, "properties": {"type": "cyclone", "ssh_m": -0.3069, "zeta_s-1": -2.31e-05, "hemisphere": "S", "time": "2025-05-01T00:00:00.000000000"}}, {"type": "Feature", "geometry": {"type": "Point", "coordinates": [116.8125, -46.9375]}, "properties": {"type": "cyclone", "ssh_m": -0.3054, "zeta_s-1": -3.61e-05, "hemisphere": "S", "time": "2025-05-01T00:00:00.000000000"}}, {"type": "Feature", "geometry": {"type": "Point", "coordinates": [91.6875, 22.4375]}, "properties": {"type": "anticyclone", "ssh_m": -0.3029, "zeta_s-1": NaN, "hemisphere": "N", "time": "2025-05-01T00:00:00.000000000"}}, {"type": "Feature", "geometry": {"type": "Point", "coordinates": [-51.9375, -39.8125]}, "properties": {"type": "cyclone", "ssh_m": -0.3025, "zeta_s-1": -1.79e-05, "hemisphere": "S", "time": "2025-05-01T00:00:00.000000000"}}, {"type": "Feature", "geometry": {"type": "Point", "coordinates": [-75.1875, 32.0625]}, "properties": {"type": "cyclone", "ssh_m": -0.3013, "zeta_s-1": 4.1e-05, "hemisphere": "N", "time": "2025-05-01T00:00:00.000000000"}}, {"type": "Feature", "geometry": {"type": "Point", "coordinates": [19.4375, -37.8125]}, "properties": {"type": "cyclone", "ssh_m": -0.2937, "zeta_s-1": -2.57e-05, "hemisphere": "S", "time": "2025-05-01T00:00:00.000000000"}}, {"type": "Feature", "geometry": {"type": "Point", "coordinates": [-3.4375, -47.0625]}, "properties": {"type": "cyclone", "ssh_m": -0.29, "zeta_s-1": -3.43e-05, "hemisphere": "S", "time": "2025-05-01T00:00:00.000000000"}}, {"type": "Feature", "geometry": {"type": "Point", "coordinates": [142.8125, 30.4375]}, "properties": {"type": "cyclone", "ssh_m": -0.2889, "zeta_s-1": 1.66e-05, "hemisphere": "N", "time": "2025-05-01T00:00:00.000000000"}}, {"type": "Feature", "geometry": {"type": "Point", "coordinates": [-164.3125, 64.4375]}, "properties": {"type": "anticyclone", "ssh_m": -0.2861, "zeta_s-1": NaN, "hemisphere": "N", "time": "2025-05-01T00:00:00.000000000"}}, {"type": "Feature", "geometry": {"type": "Point", "coordinates": [93.4375, -51.1875]}, "properties": {"type": "cyclone", "ssh_m": -0.2859, "zeta_s-1": -3.67e-05, "hemisphere": "S", "time": "2025-05-01T00:00:00.000000000"}}, {"type": "Feature", "geometry": {"type": "Point", "coordinates": [56.6875, -41.0625]}, "properties": {"type": "cyclone", "ssh_m": -0.2841, "zeta_s-1": -3.27e-05, "hemisphere": "S", "time": "2025-05-01T00:00:00.000000000"}}, {"type": "Feature", "geometry": {"type": "Point", "coordinates": [87.6875, -50.5625]}, "properties": {"type": "cyclone", "ssh_m": -0.284, "zeta_s-1": -5.97e-05, "hemisphere": "S", "time": "2025-05-01T00:00:00.000000000"}}, {"type": "Feature", "geometry": {"type": "Point", "coordinates": [-25.5625, -47.9375]}, "properties": {"type": "cyclone", "ssh_m": -0.2831, "zeta_s-1": -9.9e-06, "hemisphere": "S", "time": "2025-05-01T00:00:00.000000000"}}, {"type": "Feature", "geometry": {"type": "Point", "coordinates": [24.3125, -48.1875]}, "properties": {"type": "cyclone", "ssh_m": -0.281, "zeta_s-1": -2.39e-05, "hemisphere": "S", "time": "2025-05-01T00:00:00.000000000"}}, {"type": "Feature", "geometry": {"type": "Point", "coordinates": [167.3125, 36.3125]}, "properties": {"type": "cyclone", "ssh_m": -0.2806, "zeta_s-1": 2.54e-05, "hemisphere": "N", "time": "2025-05-01T00:00:00.000000000"}}, {"type": "Feature", "geometry": {"type": "Point", "coordinates": [-52.0625, -48.0625]}, "properties": {"type": "cyclone", "ssh_m": -0.279, "zeta_s-1": -2.62e-05, "hemisphere": "S", "time": "2025-05-01T00:00:00.000000000"}}, {"type": "Feature", "geometry": {"type": "Point", "coordinates": [-71.8125, 31.4375]}, "properties": {"type": "cyclone", "ssh_m": -0.2763, "zeta_s-1": 1.57e-05, "hemisphere": "N", "time": "2025-05-01T00:00:00.000000000"}}, {"type": "Feature", "geometry": {"type": "Point", "coordinates": [123.8125, -50.6875]}, "properties": {"type": "cyclone", "ssh_m": -0.2762, "zeta_s-1": -2.15e-05, "hemisphere": "S", "time": "2025-05-01T00:00:00.000000000"}}, {"type": "Feature", "geometry": {"type": "Point", "coordinates": [82.1875, -46.1875]}, "properties": {"type": "cyclone", "ssh_m": -0.2743, "zeta_s-1": -3.65e-05, "hemisphere": "S", "time": "2025-05-01T00:00:00.000000000"}}, {"type": "Feature", "geometry": {"type": "Point", "coordinates": [-162.1875, 64.6875]}, "properties": {"type": "anticyclone", "ssh_m": -0.2743, "zeta_s-1": NaN, "hemisphere": "N", "time": "2025-05-01T00:00:00.000000000"}}, {"type": "Feature", "geometry": {"type": "Point", "coordinates": [-70.5625, -59.3125]}, "properties": {"type": "cyclone", "ssh_m": -0.2737, "zeta_s-1": -4.13e-05, "hemisphere": "S", "time": "2025-05-01T00:00:00.000000000"}}, {"type": "Feature", "geometry": {"type": "Point", "coordinates": [-124.1875, -58.6875]}, "properties": {"type": "cyclone", "ssh_m": -0.2722, "zeta_s-1": -3.46e-05, "hemisphere": "S", "time": "2025-05-01T00:00:00.000000000"}}, {"type": "Feature", "geometry": {"type": "Point", "coordinates": [173.8125, 35.9375]}, "properties": {"type": "cyclone", "ssh_m": -0.2715, "zeta_s-1": 1.79e-05, "hemisphere": "N", "time": "2025-05-01T00:00:00.000000000"}}, {"type": "Feature", "geometry": {"type": "Point", "coordinates": [174.6875, -56.3125]}, "properties": {"type": "cyclone", "ssh_m": -0.2696, "zeta_s-1": -1.98e-05, "hemisphere": "S", "time": "2025-05-01T00:00:00.000000000"}}, {"type": "Feature", "geometry": {"type": "Point", "coordinates": [147.8125, -53.6875]}, "properties": {"type": "cyclone", "ssh_m": -0.2673, "zeta_s-1": -2.76e-05, "hemisphere": "S", "time": "2025-05-01T00:00:00.000000000"}}, {"type": "Feature", "geometry": {"type": "Point", "coordinates": [15.4375, -41.1875]}, "properties": {"type": "cyclone", "ssh_m": -0.2671, "zeta_s-1": -2.19e-05, "hemisphere": "S", "time": "2025-05-01T00:00:00.000000000"}}, {"type": "Feature", "geometry": {"type": "Point", "coordinates": [165.8125, 36.6875]}, "properties": {"type": "cyclone", "ssh_m": -0.2665, "zeta_s-1": 2.11e-05, "hemisphere": "N", "time": "2025-05-01T00:00:00.000000000"}}, {"type": "Feature", "geometry": {"type": "Point", "coordinates": [145.9375, 30.6875]}, "properties": {"type": "cyclone", "ssh_m": -0.2663, "zeta_s-1": 2.95e-05, "hemisphere": "N", "time": "2025-05-01T00:00:00.000000000"}}, {"type": "Feature", "geometry": {"type": "Point", "coordinates": [-108.9375, -56.3125]}, "properties": {"type": "cyclone", "ssh_m": -0.2641, "zeta_s-1": -2.93e-05, "hemisphere": "S", "time": "2025-05-01T00:00:00.000000000"}}, {"type": "Feature", "geometry": {"type": "Point", "coordinates": [-114.6875, -60.9375]}, "properties": {"type": "cyclone", "ssh_m": -0.2633, "zeta_s-1": -1.37e-05, "hemisphere": "S", "time": "2025-05-01T00:00:00.000000000"}}, {"type": "Feature", "geometry": {"type": "Point", "coordinates": [-41.3125, 39.1875]}, "properties": {"type": "cyclone", "ssh_m": -0.2629, "zeta_s-1": 1.12e-05, "hemisphere": "N", "time": "2025-05-01T00:00:00.000000000"}}, {"type": "Feature", "geometry": {"type": "Point", "coordinates": [-19.1875, -49.6875]}, "properties": {"type": "cyclone", "ssh_m": -0.2622, "zeta_s-1": -3.82e-05, "hemisphere": "S", "time": "2025-05-01T00:00:00.000000000"}}, {"type": "Feature", "geometry": {"type": "Point", "coordinates": [-88.8125, 25.9375]}, "properties": {"type": "cyclone", "ssh_m": -0.261, "zeta_s-1": 1.67e-05, "hemisphere": "N", "time": "2025-05-01T00:00:00.000000000"}}, {"type": "Feature", "geometry": {"type": "Point", "coordinates": [37.3125, -22.8125]}, "properties": {"type": "cyclone", "ssh_m": -0.2582, "zeta_s-1": -2.96e-05, "hemisphere": "S", "time": "2025-05-01T00:00:00.000000000"}}, {"type": "Feature", "geometry": {"type": "Point", "coordinates": [-112.0625, -62.6875]}, "properties": {"type": "cyclone", "ssh_m": -0.2561, "zeta_s-1": -1.69e-05, "hemisphere": "S", "time": "2025-05-01T00:00:00.000000000"}}, {"type": "Feature", "geometry": {"type": "Point", "coordinates": [-41.6875, 47.0625]}, "properties": {"type": "cyclone", "ssh_m": -0.2551, "zeta_s-1": 2.68e-05, "hemisphere": "N", "time": "2025-05-01T00:00:00.000000000"}}, {"type": "Feature", "geometry": {"type": "Point", "coordinates": [-87.8125, -58.6875]}, "properties": {"type": "cyclone", "ssh_m": -0.2504, "zeta_s-1": -2.14e-05, "hemisphere": "S", "time": "2025-05-01T00:00:00.000000000"}}, {"type": "Feature", "geometry": {"type": "Point", "coordinates": [-47.0625, 34.8125]}, "properties": {"type": "cyclone", "ssh_m": -0.249, "zeta_s-1": 1.98e-05, "hemisphere": "N", "time": "2025-05-01T00:00:00.000000000"}}, {"type": "Feature", "geometry": {"type": "Point", "coordinates": [155.4375, -56.4375]}, "properties": {"type": "cyclone", "ssh_m": -0.2476, "zeta_s-1": -2.72e-05, "hemisphere": "S", "time": "2025-05-01T00:00:00.000000000"}}, {"type": "Feature", "geometry": {"type": "Point", "coordinates": [43.5625, -28.6875]}, "properties": {"type": "cyclone", "ssh_m": -0.2457, "zeta_s-1": -1.77e-05, "hemisphere": "S", "time": "2025-05-01T00:00:00.000000000"}}, {"type": "Feature", "geometry": {"type": "Point", "coordinates": [70.0625, -44.0625]}, "properties": {"type": "cyclone", "ssh_m": -0.2454, "zeta_s-1": -1.04e-05, "hemisphere": "S", "time": "2025-05-01T00:00:00.000000000"}}, {"type": "Feature", "geometry": {"type": "Point", "coordinates": [-4.6875, -45.0625]}, "properties": {"type": "cyclone", "ssh_m": -0.245, "zeta_s-1": -2.22e-05, "hemisphere": "S", "time": "2025-05-01T00:00:00.000000000"}}, {"type": "Feature", "geometry": {"type": "Point", "coordinates": [88.6875, -52.8125]}, "properties": {"type": "cyclone", "ssh_m": -0.2438, "zeta_s-1": -3.21e-05, "hemisphere": "S", "time": "2025-05-01T00:00:00.000000000"}}, {"type": "Feature", "geometry": {"type": "Point", "coordinates": [-132.5625, -58.4375]}, "properties": {"type": "cyclone", "ssh_m": -0.2437, "zeta_s-1": -4.08e-05, "hemisphere": "S", "time": "2025-05-01T00:00:00.000000000"}}, {"type": "Feature", "geometry": {"type": "Point", "coordinates": [29.5625, -52.0625]}, "properties": {"type": "cyclone", "ssh_m": -0.2436, "zeta_s-1": -2.57e-05, "hemisphere": "S", "time": "2025-05-01T00:00:00.000000000"}}, {"type": "Feature", "geometry": {"type": "Point", "coordinates": [139.4375, 29.5625]}, "properties": {"type": "cyclone", "ssh_m": -0.2431, "zeta_s-1": 1.75e-05, "hemisphere": "N", "time": "2025-05-01T00:00:00.000000000"}}, {"type": "Feature", "geometry": {"type": "Point", "coordinates": [-57.5625, 38.0625]}, "properties": {"type": "cyclone", "ssh_m": -0.243, "zeta_s-1": 6.09e-05, "hemisphere": "N", "time": "2025-05-01T00:00:00.000000000"}}, {"type": "Feature", "geometry": {"type": "Point", "coordinates": [174.3125, -58.6875]}, "properties": {"type": "cyclone", "ssh_m": -0.2421, "zeta_s-1": -2.94e-05, "hemisphere": "S", "time": "2025-05-01T00:00:00.000000000"}}, {"type": "Feature", "geometry": {"type": "Point", "coordinates": [110.1875, -46.9375]}, "properties": {"type": "cyclone", "ssh_m": -0.241, "zeta_s-1": -1.17e-05, "hemisphere": "S", "time": "2025-05-01T00:00:00.000000000"}}, {"type": "Feature", "geometry": {"type": "Point", "coordinates": [-32.8125, 48.1875]}, "properties": {"type": "cyclone", "ssh_m": -0.2404, "zeta_s-1": 1.05e-05, "hemisphere": "N", "time": "2025-05-01T00:00:00.000000000"}}, {"type": "Feature", "geometry": {"type": "Point", "coordinates": [119.9375, -50.6875]}, "properties": {"type": "cyclone", "ssh_m": -0.2403, "zeta_s-1": -1.82e-05, "hemisphere": "S", "time": "2025-05-01T00:00:00.000000000"}}, {"type": "Feature", "geometry": {"type": "Point", "coordinates": [33.9375, -48.4375]}, "properties": {"type": "cyclone", "ssh_m": -0.2396, "zeta_s-1": -2.61e-05, "hemisphere": "S", "time": "2025-05-01T00:00:00.000000000"}}, {"type": "Feature", "geometry": {"type": "Point", "coordinates": [32.8125, -50.9375]}, "properties": {"type": "cyclone", "ssh_m": -0.2391, "zeta_s-1": -3.54e-05, "hemisphere": "S", "time": "2025-05-01T00:00:00.000000000"}}, {"type": "Feature", "geometry": {"type": "Point", "coordinates": [-73.8125, -62.3125]}, "properties": {"type": "cyclone", "ssh_m": -0.2388, "zeta_s-1": -2.76e-05, "hemisphere": "S", "time": "2025-05-01T00:00:00.000000000"}}, {"type": "Feature", "geometry": {"type": "Point", "coordinates": [-44.0625, -48.8125]}, "properties": {"type": "cyclone", "ssh_m": -0.2387, "zeta_s-1": -2.31e-05, "hemisphere": "S", "time": "2025-05-01T00:00:00.000000000"}}, {"type": "Feature", "geometry": {"type": "Point", "coordinates": [-76.3125, 28.1875]}, "properties": {"type": "cyclone", "ssh_m": -0.2379, "zeta_s-1": 3.27e-05, "hemisphere": "N", "time": "2025-05-01T00:00:00.000000000"}}, {"type": "Feature", "geometry": {"type": "Point", "coordinates": [-96.0625, -59.6875]}, "properties": {"type": "cyclone", "ssh_m": -0.237, "zeta_s-1": -2.27e-05, "hemisphere": "S", "time": "2025-05-01T00:00:00.000000000"}}, {"type": "Feature", "geometry": {"type": "Point", "coordinates": [170.5625, 31.6875]}, "properties": {"type": "cyclone", "ssh_m": -0.2345, "zeta_s-1": 3.77e-05, "hemisphere": "N", "time": "2025-05-01T00:00:00.000000000"}}, {"type": "Feature", "geometry": {"type": "Point", "coordinates": [-118.6875, -60.9375]}, "properties": {"type": "cyclone", "ssh_m": -0.2343, "zeta_s-1": -1.44e-05, "hemisphere": "S", "time": "2025-05-01T00:00:00.000000000"}}, {"type": "Feature", "geometry": {"type": "Point", "coordinates": [-127.8125, -59.3125]}, "properties": {"type": "cyclone", "ssh_m": -0.232, "zeta_s-1": -5.15e-05, "hemisphere": "S", "time": "2025-05-01T00:00:00.000000000"}}, {"type": "Feature", "geometry": {"type": "Point", "coordinates": [151.9375, 23.0625]}, "properties": {"type": "cyclone", "ssh_m": -0.2319, "zeta_s-1": 1.9e-05, "hemisphere": "N", "time": "2025-05-01T00:00:00.000000000"}}, {"type": "Feature", "geometry": {"type": "Point", "coordinates": [27.9375, -47.4375]}, "properties": {"type": "cyclone", "ssh_m": -0.2307, "zeta_s-1": -1.87e-05, "hemisphere": "S", "time": "2025-05-01T00:00:00.000000000"}}, {"type": "Feature", "geometry": {"type": "Point", "coordinates": [-115.3125, -59.3125]}, "properties": {"type": "cyclone", "ssh_m": -0.2299, "zeta_s-1": -2.61e-05, "hemisphere": "S", "time": "2025-05-01T00:00:00.000000000"}}, {"type": "Feature", "geometry": {"type": "Point", "coordinates": [-38.8125, 44.0625]}, "properties": {"type": "cyclone", "ssh_m": -0.228, "zeta_s-1": 9.1e-06, "hemisphere": "N", "time": "2025-05-01T00:00:00.000000000"}}, {"type": "Feature", "geometry": {"type": "Point", "coordinates": [113.8125, -47.6875]}, "properties": {"type": "cyclone", "ssh_m": -0.2264, "zeta_s-1": -1.57e-05, "hemisphere": "S", "time": "2025-05-01T00:00:00.000000000"}}, {"type": "Feature", "geometry": {"type": "Point", "coordinates": [-52.3125, -56.6875]}, "properties": {"type": "cyclone", "ssh_m": -0.2249, "zeta_s-1": -3.62e-05, "hemisphere": "S", "time": "2025-05-01T00:00:00.000000000"}}, {"type": "Feature", "geometry": {"type": "Point", "coordinates": [9.3125, -34.5625]}, "properties": {"type": "cyclone", "ssh_m": -0.2248, "zeta_s-1": -2.65e-05, "hemisphere": "S", "time": "2025-05-01T00:00:00.000000000"}}, {"type": "Feature", "geometry": {"type": "Point", "coordinates": [-38.5625, 49.1875]}, "properties": {"type": "cyclone", "ssh_m": -0.2245, "zeta_s-1": 2.97e-05, "hemisphere": "N", "time": "2025-05-01T00:00:00.000000000"}}, {"type": "Feature", "geometry": {"type": "Point", "coordinates": [-158.0625, 18.3125]}, "properties": {"type": "cyclone", "ssh_m": -0.223, "zeta_s-1": 3.62e-05, "hemisphere": "N", "time": "2025-05-01T00:00:00.000000000"}}, {"type": "Feature", "geometry": {"type": "Point", "coordinates": [18.3125, -42.4375]}, "properties": {"type": "cyclone", "ssh_m": -0.2205, "zeta_s-1": -2.84e-05, "hemisphere": "S", "time": "2025-05-01T00:00:00.000000000"}}, {"type": "Feature", "geometry": {"type": "Point", "coordinates": [-122.3125, -57.9375]}, "properties": {"type": "cyclone", "ssh_m": -0.2181, "zeta_s-1": -3.72e-05, "hemisphere": "S", "time": "2025-05-01T00:00:00.000000000"}}, {"type": "Feature", "geometry": {"type": "Point", "coordinates": [-114.9375, -57.3125]}, "properties": {"type": "cyclone", "ssh_m": -0.217, "zeta_s-1": -2.98e-05, "hemisphere": "S", "time": "2025-05-01T00:00:00.000000000"}}, {"type": "Feature", "geometry": {"type": "Point", "coordinates": [89.3125, -60.1875]}, "properties": {"type": "cyclone", "ssh_m": -0.2165, "zeta_s-1": -1.87e-05, "hemisphere": "S", "time": "2025-05-01T00:00:00.000000000"}}, {"type": "Feature", "geometry": {"type": "Point", "coordinates": [158.3125, -34.3125]}, "properties": {"type": "cyclone", "ssh_m": -0.2164, "zeta_s-1": -3.22e-05, "hemisphere": "S", "time": "2025-05-01T00:00:00.000000000"}}, {"type": "Feature", "geometry": {"type": "Point", "coordinates": [157.6875, -55.5625]}, "properties": {"type": "cyclone", "ssh_m": -0.2161, "zeta_s-1": -1.59e-05, "hemisphere": "S", "time": "2025-05-01T00:00:00.000000000"}}, {"type": "Feature", "geometry": {"type": "Point", "coordinates": [-125.4375, -52.5625]}, "properties": {"type": "cyclone", "ssh_m": -0.2154, "zeta_s-1": -3.87e-05, "hemisphere": "S", "time": "2025-05-01T00:00:00.000000000"}}, {"type": "Feature", "geometry": {"type": "Point", "coordinates": [93.3125, -14.4375]}, "properties": {"type": "cyclone", "ssh_m": -0.2142, "zeta_s-1": -1.04e-05, "hemisphere": "S", "time": "2025-05-01T00:00:00.000000000"}}, {"type": "Feature", "geometry": {"type": "Point", "coordinates": [129.5625, -58.0625]}, "properties": {"type": "cyclone", "ssh_m": -0.2131, "zeta_s-1": -7.7e-06, "hemisphere": "S", "time": "2025-05-01T00:00:00.000000000"}}, {"type": "Feature", "geometry": {"type": "Point", "coordinates": [-151.4375, 60.8125]}, "properties": {"type": "cyclone", "ssh_m": -0.2123, "zeta_s-1": 2.62e-05, "hemisphere": "N", "time": "2025-05-01T00:00:00.000000000"}}, {"type": "Feature", "geometry": {"type": "Point", "coordinates": [123.3125, -59.8125]}, "properties": {"type": "cyclone", "ssh_m": -0.2114, "zeta_s-1": -1.95e-05, "hemisphere": "S", "time": "2025-05-01T00:00:00.000000000"}}, {"type": "Feature", "geometry": {"type": "Point", "coordinates": [53.4375, -22.8125]}, "properties": {"type": "cyclone", "ssh_m": -0.2104, "zeta_s-1": -1.78e-05, "hemisphere": "S", "time": "2025-05-01T00:00:00.000000000"}}, {"type": "Feature", "geometry": {"type": "Point", "coordinates": [135.6875, -48.6875]}, "properties": {"type": "cyclone", "ssh_m": -0.2102, "zeta_s-1": -2.07e-05, "hemisphere": "S", "time": "2025-05-01T00:00:00.000000000"}}, {"type": "Feature", "geometry": {"type": "Point", "coordinates": [-126.1875, -60.1875]}, "properties": {"type": "cyclone", "ssh_m": -0.2099, "zeta_s-1": -3.5e-05, "hemisphere": "S", "time": "2025-05-01T00:00:00.000000000"}}, {"type": "Feature", "geometry": {"type": "Point", "coordinates": [-88.6875, -60.9375]}, "properties": {"type": "cyclone", "ssh_m": -0.2096, "zeta_s-1": -1.81e-05, "hemisphere": "S", "time": "2025-05-01T00:00:00.000000000"}}, {"type": "Feature", "geometry": {"type": "Point", "coordinates": [-116.3125, -64.6875]}, "properties": {"type": "cyclone", "ssh_m": -0.2093, "zeta_s-1": -1.14e-05, "hemisphere": "S", "time": "2025-05-01T00:00:00.000000000"}}, {"type": "Feature", "geometry": {"type": "Point", "coordinates": [95.6875, -48.4375]}, "properties": {"type": "cyclone", "ssh_m": -0.2074, "zeta_s-1": -2.98e-05, "hemisphere": "S", "time": "2025-05-01T00:00:00.000000000"}}, {"type": "Feature", "geometry": {"type": "Point", "coordinates": [93.6875, -11.4375]}, "properties": {"type": "cyclone", "ssh_m": -0.2071, "zeta_s-1": -1.04e-05, "hemisphere": "S", "time": "2025-05-01T00:00:00.000000000"}}, {"type": "Feature", "geometry": {"type": "Point", "coordinates": [128.5625, 29.9375]}, "properties": {"type": "cyclone", "ssh_m": -0.2061, "zeta_s-1": 2.84e-05, "hemisphere": "N", "time": "2025-05-01T00:00:00.000000000"}}, {"type": "Feature", "geometry": {"type": "Point", "coordinates": [152.3125, 31.6875]}, "properties": {"type": "cyclone", "ssh_m": -0.2047, "zeta_s-1": 1.94e-05, "hemisphere": "N", "time": "2025-05-01T00:00:00.000000000"}}, {"type": "Feature", "geometry": {"type": "Point", "coordinates": [-130.3125, -59.1875]}, "properties": {"type": "cyclone", "ssh_m": -0.2039, "zeta_s-1": -2.71e-05, "hemisphere": "S", "time": "2025-05-01T00:00:00.000000000"}}, {"type": "Feature", "geometry": {"type": "Point", "coordinates": [-120.6875, -61.6875]}, "properties": {"type": "cyclone", "ssh_m": -0.203, "zeta_s-1": -2.42e-05, "hemisphere": "S", "time": "2025-05-01T00:00:00.000000000"}}, {"type": "Feature", "geometry": {"type": "Point", "coordinates": [-63.5625, 45.9375]}, "properties": {"type": "anticyclone", "ssh_m": -0.203, "zeta_s-1": NaN, "hemisphere": "N", "time": "2025-05-01T00:00:00.000000000"}}, {"type": "Feature", "geometry": {"type": "Point", "coordinates": [48.9375, -25.1875]}, "properties": {"type": "cyclone", "ssh_m": -0.202, "zeta_s-1": -3.45e-05, "hemisphere": "S", "time": "2025-05-01T00:00:00.000000000"}}, {"type": "Feature", "geometry": {"type": "Point", "coordinates": [32.9375, -53.4375]}, "properties": {"type": "cyclone", "ssh_m": -0.2011, "zeta_s-1": -3.09e-05, "hemisphere": "S", "time": "2025-05-01T00:00:00.000000000"}}, {"type": "Feature", "geometry": {"type": "Point", "coordinates": [-139.9375, -56.6875]}, "properties": {"type": "cyclone", "ssh_m": -0.1998, "zeta_s-1": -1.34e-05, "hemisphere": "S", "time": "2025-05-01T00:00:00.000000000"}}, {"type": "Feature", "geometry": {"type": "Point", "coordinates": [148.6875, 32.6875]}, "properties": {"type": "cyclone", "ssh_m": -0.1989, "zeta_s-1": 1.07e-05, "hemisphere": "N", "time": "2025-05-01T00:00:00.000000000"}}, {"type": "Feature", "geometry": {"type": "Point", "coordinates": [146.1875, 75.6875]}, "properties": {"type": "cyclone", "ssh_m": -0.1972, "zeta_s-1": 3e-06, "hemisphere": "N", "time": "2025-05-01T00:00:00.000000000"}}, {"type": "Feature", "geometry": {"type": "Point", "coordinates": [42.8125, -16.0625]}, "properties": {"type": "cyclone", "ssh_m": -0.1959, "zeta_s-1": -3.13e-05, "hemisphere": "S", "time": "2025-05-01T00:00:00.000000000"}}, {"type": "Feature", "geometry": {"type": "Point", "coordinates": [159.4375, -30.1875]}, "properties": {"type": "cyclone", "ssh_m": -0.195, "zeta_s-1": -2.55e-05, "hemisphere": "S", "time": "2025-05-01T00:00:00.000000000"}}, {"type": "Feature", "geometry": {"type": "Point", "coordinates": [-131.8125, -54.8125]}, "properties": {"type": "cyclone", "ssh_m": -0.1949, "zeta_s-1": -4.04e-05, "hemisphere": "S", "time": "2025-05-01T00:00:00.000000000"}}, {"type": "Feature", "geometry": {"type": "Point", "coordinates": [167.0625, 31.4375]}, "properties": {"type": "cyclone", "ssh_m": -0.1937, "zeta_s-1": 2.14e-05, "hemisphere": "N", "time": "2025-05-01T00:00:00.000000000"}}, {"type": "Feature", "geometry": {"type": "Point", "coordinates": [146.3125, 21.4375]}, "properties": {"type": "cyclone", "ssh_m": -0.1929, "zeta_s-1": 1.11e-05, "hemisphere": "N", "time": "2025-05-01T00:00:00.000000000"}}, {"type": "Feature", "geometry": {"type": "Point", "coordinates": [-107.6875, -58.9375]}, "properties": {"type": "cyclone", "ssh_m": -0.1927, "zeta_s-1": -2.34e-05, "hemisphere": "S", "time": "2025-05-01T00:00:00.000000000"}}, {"type": "Feature", "geometry": {"type": "Point", "coordinates": [-107.4375, -64.1875]}, "properties": {"type": "cyclone", "ssh_m": -0.1923, "zeta_s-1": -1.8e-06, "hemisphere": "S", "time": "2025-05-01T00:00:00.000000000"}}, {"type": "Feature", "geometry": {"type": "Point", "coordinates": [114.8125, -59.6875]}, "properties": {"type": "cyclone", "ssh_m": -0.1905, "zeta_s-1": -1.06e-05, "hemisphere": "S", "time": "2025-05-01T00:00:00.000000000"}}, {"type": "Feature", "geometry": {"type": "Point", "coordinates": [151.4375, -51.4375]}, "properties": {"type": "cyclone", "ssh_m": -0.19, "zeta_s-1": -4.33e-05, "hemisphere": "S", "time": "2025-05-01T00:00:00.000000000"}}, {"type": "Feature", "geometry": {"type": "Point", "coordinates": [41.4375, -24.9375]}, "properties": {"type": "cyclone", "ssh_m": -0.1889, "zeta_s-1": -1.8e-05, "hemisphere": "S", "time": "2025-05-01T00:00:00.000000000"}}, {"type": "Feature", "geometry": {"type": "Point", "coordinates": [168.9375, -59.4375]}, "properties": {"type": "cyclone", "ssh_m": -0.1887, "zeta_s-1": -3.03e-05, "hemisphere": "S", "time": "2025-05-01T00:00:00.000000000"}}, {"type": "Feature", "geometry": {"type": "Point", "coordinates": [46.5625, -28.5625]}, "properties": {"type": "cyclone", "ssh_m": -0.1886, "zeta_s-1": -1.41e-05, "hemisphere": "S", "time": "2025-05-01T00:00:00.000000000"}}, {"type": "Feature", "geometry": {"type": "Point", "coordinates": [-32.0625, 41.5625]}, "properties": {"type": "cyclone", "ssh_m": -0.1886, "zeta_s-1": 9.4e-06, "hemisphere": "N", "time": "2025-05-01T00:00:00.000000000"}}, {"type": "Feature", "geometry": {"type": "Point", "coordinates": [104.9375, -51.9375]}, "properties": {"type": "cyclone", "ssh_m": -0.1881, "zeta_s-1": -2.13e-05, "hemisphere": "S", "time": "2025-05-01T00:00:00.000000000"}}, {"type": "Feature", "geometry": {"type": "Point", "coordinates": [-51.0625, -37.6875]}, "properties": {"type": "cyclone", "ssh_m": -0.1881, "zeta_s-1": -4.01e-05, "hemisphere": "S", "time": "2025-05-01T00:00:00.000000000"}}, {"type": "Feature", "geometry": {"type": "Point", "coordinates": [151.6875, 44.9375]}, "properties": {"type": "cyclone", "ssh_m": -0.1879, "zeta_s-1": 1.78e-05, "hemisphere": "N", "time": "2025-05-01T00:00:00.000000000"}}, {"type": "Feature", "geometry": {"type": "Point", "coordinates": [106.0625, -44.0625]}, "properties": {"type": "cyclone", "ssh_m": -0.1876, "zeta_s-1": -1.97e-05, "hemisphere": "S", "time": "2025-05-01T00:00:00.000000000"}}, {"type": "Feature", "geometry": {"type": "Point", "coordinates": [-56.5625, 32.4375]}, "properties": {"type": "cyclone", "ssh_m": -0.1871, "zeta_s-1": 2.04e-05, "hemisphere": "N", "time": "2025-05-01T00:00:00.000000000"}}, {"type": "Feature", "geometry": {"type": "Point", "coordinates": [-122.3125, -62.9375]}, "properties": {"type": "cyclone", "ssh_m": -0.1857, "zeta_s-1": -1.84e-05, "hemisphere": "S", "time": "2025-05-01T00:00:00.000000000"}}, {"type": "Feature", "geometry": {"type": "Point", "coordinates": [157.4375, 30.9375]}, "properties": {"type": "cyclone", "ssh_m": -0.1857, "zeta_s-1": 1.78e-05, "hemisphere": "N", "time": "2025-05-01T00:00:00.000000000"}}, {"type": "Feature", "geometry": {"type": "Point", "coordinates": [-30.3125, 45.3125]}, "properties": {"type": "cyclone", "ssh_m": -0.1848, "zeta_s-1": 6.9e-06, "hemisphere": "N", "time": "2025-05-01T00:00:00.000000000"}}, {"type": "Feature", "geometry": {"type": "Point", "coordinates": [-69.3125, 22.0625]}, "properties": {"type": "cyclone", "ssh_m": -0.1831, "zeta_s-1": 1.88e-05, "hemisphere": "N", "time": "2025-05-01T00:00:00.000000000"}}, {"type": "Feature", "geometry": {"type": "Point", "coordinates": [-65.1875, 23.9375]}, "properties": {"type": "cyclone", "ssh_m": -0.1826, "zeta_s-1": 1.18e-05, "hemisphere": "N", "time": "2025-05-01T00:00:00.000000000"}}, {"type": "Feature", "geometry": {"type": "Point", "coordinates": [-95.5625, -62.6875]}, "properties": {"type": "cyclone", "ssh_m": -0.1819, "zeta_s-1": -1.36e-05, "hemisphere": "S", "time": "2025-05-01T00:00:00.000000000"}}, {"type": "Feature", "geometry": {"type": "Point", "coordinates": [-163.8125, 69.6875]}, "properties": {"type": "cyclone", "ssh_m": -0.1816, "zeta_s-1": 8e-07, "hemisphere": "N", "time": "2025-05-01T00:00:00.000000000"}}, {"type": "Feature", "geometry": {"type": "Point", "coordinates": [84.8125, -44.3125]}, "properties": {"type": "cyclone", "ssh_m": -0.1811, "zeta_s-1": -3.69e-05, "hemisphere": "S", "time": "2025-05-01T00:00:00.000000000"}}, {"type": "Feature", "geometry": {"type": "Point", "coordinates": [-161.9375, 59.8125]}, "properties": {"type": "anticyclone", "ssh_m": -0.18, "zeta_s-1": NaN, "hemisphere": "N", "time": "2025-05-01T00:00:00.000000000"}}, {"type": "Feature", "geometry": {"type": "Point", "coordinates": [-109.6875, -61.0625]}, "properties": {"type": "cyclone", "ssh_m": -0.1798, "zeta_s-1": -1.04e-05, "hemisphere": "S", "time": "2025-05-01T00:00:00.000000000"}}, {"type": "Feature", "geometry": {"type": "Point", "coordinates": [150.1875, -54.3125]}, "properties": {"type": "cyclone", "ssh_m": -0.1796, "zeta_s-1": -2.01e-05, "hemisphere": "S", "time": "2025-05-01T00:00:00.000000000"}}, {"type": "Feature", "geometry": {"type": "Point", "coordinates": [-114.1875, -54.8125]}, "properties": {"type": "cyclone", "ssh_m": -0.1782, "zeta_s-1": -1.42e-05, "hemisphere": "S", "time": "2025-05-01T00:00:00.000000000"}}, {"type": "Feature", "geometry": {"type": "Point", "coordinates": [-117.6875, -58.1875]}, "properties": {"type": "cyclone", "ssh_m": -0.1778, "zeta_s-1": -2.75e-05, "hemisphere": "S", "time": "2025-05-01T00:00:00.000000000"}}, {"type": "Feature", "geometry": {"type": "Point", "coordinates": [90.6875, -53.0625]}, "properties": {"type": "cyclone", "ssh_m": -0.1773, "zeta_s-1": -1.22e-05, "hemisphere": "S", "time": "2025-05-01T00:00:00.000000000"}}, {"type": "Feature", "geometry": {"type": "Point", "coordinates": [-69.9375, 24.1875]}, "properties": {"type": "cyclone", "ssh_m": -0.1772, "zeta_s-1": 1.93e-05, "hemisphere": "N", "time": "2025-05-01T00:00:00.000000000"}}, {"type": "Feature", "geometry": {"type": "Point", "coordinates": [-138.8125, -51.5625]}, "properties": {"type": "cyclone", "ssh_m": -0.1755, "zeta_s-1": -1.87e-05, "hemisphere": "S", "time": "2025-05-01T00:00:00.000000000"}}, {"type": "Feature", "geometry": {"type": "Point", "coordinates": [112.1875, -29.6875]}, "properties": {"type": "cyclone", "ssh_m": -0.1744, "zeta_s-1": -2.14e-05, "hemisphere": "S", "time": "2025-05-01T00:00:00.000000000"}}, {"type": "Feature", "geometry": {"type": "Point", "coordinates": [-17.3125, 48.6875]}, "properties": {"type": "cyclone", "ssh_m": -0.1737, "zeta_s-1": 2.26e-05, "hemisphere": "N", "time": "2025-05-01T00:00:00.000000000"}}, {"type": "Feature", "geometry": {"type": "Point", "coordinates": [-50.0625, 33.6875]}, "properties": {"type": "cyclone", "ssh_m": -0.1734, "zeta_s-1": 2.5e-05, "hemisphere": "N", "time": "2025-05-01T00:00:00.000000000"}}, {"type": "Feature", "geometry": {"type": "Point", "coordinates": [-53.0625, 35.0625]}, "properties": {"type": "cyclone", "ssh_m": -0.1732, "zeta_s-1": 7.1e-06, "hemisphere": "N", "time": "2025-05-01T00:00:00.000000000"}}, {"type": "Feature", "geometry": {"type": "Point", "coordinates": [129.4375, 21.6875]}, "properties": {"type": "cyclone", "ssh_m": -0.1731, "zeta_s-1": 2.34e-05, "hemisphere": "N", "time": "2025-05-01T00:00:00.000000000"}}, {"type": "Feature", "geometry": {"type": "Point", "coordinates": [141.3125, 21.4375]}, "properties": {"type": "cyclone", "ssh_m": -0.1728, "zeta_s-1": 1.24e-05, "hemisphere": "N", "time": "2025-05-01T00:00:00.000000000"}}, {"type": "Feature", "geometry": {"type": "Point", "coordinates": [-35.9375, 38.8125]}, "properties": {"type": "cyclone", "ssh_m": -0.1726, "zeta_s-1": 8.2e-06, "hemisphere": "N", "time": "2025-05-01T00:00:00.000000000"}}, {"type": "Feature", "geometry": {"type": "Point", "coordinates": [-21.4375, 58.8125]}, "properties": {"type": "cyclone", "ssh_m": -0.1723, "zeta_s-1": 2.15e-05, "hemisphere": "N", "time": "2025-05-01T00:00:00.000000000"}}, {"type": "Feature", "geometry": {"type": "Point", "coordinates": [32.6875, -59.5625]}, "properties": {"type": "cyclone", "ssh_m": -0.1717, "zeta_s-1": -1.1e-05, "hemisphere": "S", "time": "2025-05-01T00:00:00.000000000"}}, {"type": "Feature", "geometry": {"type": "Point", "coordinates": [100.4375, -50.8125]}, "properties": {"type": "cyclone", "ssh_m": -0.1707, "zeta_s-1": -2.32e-05, "hemisphere": "S", "time": "2025-05-01T00:00:00.000000000"}}, {"type": "Feature", "geometry": {"type": "Point", "coordinates": [-32.3125, 45.1875]}, "properties": {"type": "cyclone", "ssh_m": -0.17, "zeta_s-1": 1.25e-05, "hemisphere": "N", "time": "2025-05-01T00:00:00.000000000"}}, {"type": "Feature", "geometry": {"type": "Point", "coordinates": [-119.5625, -55.9375]}, "properties": {"type": "cyclone", "ssh_m": -0.168, "zeta_s-1": -1.85e-05, "hemisphere": "S", "time": "2025-05-01T00:00:00.000000000"}}, {"type": "Feature", "geometry": {"type": "Point", "coordinates": [102.1875, -34.5625]}, "properties": {"type": "cyclone", "ssh_m": -0.1679, "zeta_s-1": -1.55e-05, "hemisphere": "S", "time": "2025-05-01T00:00:00.000000000"}}, {"type": "Feature", "geometry": {"type": "Point", "coordinates": [170.6875, 27.3125]}, "properties": {"type": "cyclone", "ssh_m": -0.1679, "zeta_s-1": 1.07e-05, "hemisphere": "N", "time": "2025-05-01T00:00:00.000000000"}}, {"type": "Feature", "geometry": {"type": "Point", "coordinates": [-80.8125, -60.5625]}, "properties": {"type": "cyclone", "ssh_m": -0.1677, "zeta_s-1": -1.99e-05, "hemisphere": "S", "time": "2025-05-01T00:00:00.000000000"}}, {"type": "Feature", "geometry": {"type": "Point", "coordinates": [98.5625, -43.8125]}, "properties": {"type": "cyclone", "ssh_m": -0.1674, "zeta_s-1": -1.39e-05, "hemisphere": "S", "time": "2025-05-01T00:00:00.000000000"}}, {"type": "Feature", "geometry": {"type": "Point", "coordinates": [-165.9375, -50.3125]}, "properties": {"type": "cyclone", "ssh_m": -0.1668, "zeta_s-1": -2.02e-05, "hemisphere": "S", "time": "2025-05-01T00:00:00.000000000"}}, {"type": "Feature", "geometry": {"type": "Point", "coordinates": [150.0625, -41.3125]}, "properties": {"type": "cyclone", "ssh_m": -0.1667, "zeta_s-1": -4.01e-05, "hemisphere": "S", "time": "2025-05-01T00:00:00.000000000"}}, {"type": "Feature", "geometry": {"type": "Point", "coordinates": [-121.4375, -59.6875]}, "properties": {"type": "cyclone", "ssh_m": -0.1665, "zeta_s-1": -2.69e-05, "hemisphere": "S", "time": "2025-05-01T00:00:00.000000000"}}, {"type": "Feature", "geometry": {"type": "Point", "coordinates": [134.4375, 37.9375]}, "properties": {"type": "cyclone", "ssh_m": -0.1663, "zeta_s-1": 1.98e-05, "hemisphere": "N", "time": "2025-05-01T00:00:00.000000000"}}, {"type": "Feature", "geometry": {"type": "Point", "coordinates": [-138.3125, -53.6875]}, "properties": {"type": "cyclone", "ssh_m": -0.1656, "zeta_s-1": -3.7e-05, "hemisphere": "S", "time": "2025-05-01T00:00:00.000000000"}}, {"type": "Feature", "geometry": {"type": "Point", "coordinates": [-95.5625, -56.3125]}, "properties": {"type": "cyclone", "ssh_m": -0.1652, "zeta_s-1": -2.03e-05, "hemisphere": "S", "time": "2025-05-01T00:00:00.000000000"}}, {"type": "Feature", "geometry": {"type": "Point", "coordinates": [-122.1875, -65.4375]}, "properties": {"type": "cyclone", "ssh_m": -0.165, "zeta_s-1": -1.2e-05, "hemisphere": "S", "time": "2025-05-01T00:00:00.000000000"}}, {"type": "Feature", "geometry": {"type": "Point", "coordinates": [155.9375, 21.1875]}, "properties": {"type": "cyclone", "ssh_m": -0.1637, "zeta_s-1": 1.55e-05, "hemisphere": "N", "time": "2025-05-01T00:00:00.000000000"}}, {"type": "Feature", "geometry": {"type": "Point", "coordinates": [-45.5625, 40.5625]}, "properties": {"type": "cyclone", "ssh_m": -0.1634, "zeta_s-1": 2.55e-05, "hemisphere": "N", "time": "2025-05-01T00:00:00.000000000"}}, {"type": "Feature", "geometry": {"type": "Point", "coordinates": [141.9375, -52.8125]}, "properties": {"type": "cyclone", "ssh_m": -0.1631, "zeta_s-1": -8.1e-06, "hemisphere": "S", "time": "2025-05-01T00:00:00.000000000"}}, {"type": "Feature", "geometry": {"type": "Point", "coordinates": [50.4375, -33.9375]}, "properties": {"type": "cyclone", "ssh_m": -0.1611, "zeta_s-1": -1.28e-05, "hemisphere": "S", "time": "2025-05-01T00:00:00.000000000"}}, {"type": "Feature", "geometry": {"type": "Point", "coordinates": [143.4375, 27.5625]}, "properties": {"type": "cyclone", "ssh_m": -0.1607, "zeta_s-1": 1.92e-05, "hemisphere": "N", "time": "2025-05-01T00:00:00.000000000"}}, {"type": "Feature", "geometry": {"type": "Point", "coordinates": [84.8125, -40.4375]}, "properties": {"type": "cyclone", "ssh_m": -0.1601, "zeta_s-1": -1.42e-05, "hemisphere": "S", "time": "2025-05-01T00:00:00.000000000"}}, {"type": "Feature", "geometry": {"type": "Point", "coordinates": [123.3125, 74.4375]}, "properties": {"type": "cyclone", "ssh_m": -0.16, "zeta_s-1": 4.1e-06, "hemisphere": "N", "time": "2025-05-01T00:00:00.000000000"}}, {"type": "Feature", "geometry": {"type": "Point", "coordinates": [90.8125, -41.4375]}, "properties": {"type": "cyclone", "ssh_m": -0.1598, "zeta_s-1": -2.29e-05, "hemisphere": "S", "time": "2025-05-01T00:00:00.000000000"}}, {"type": "Feature", "geometry": {"type": "Point", "coordinates": [-53.6875, 42.9375]}, "properties": {"type": "cyclone", "ssh_m": -0.1592, "zeta_s-1": 1.29e-05, "hemisphere": "N", "time": "2025-05-01T00:00:00.000000000"}}, {"type": "Feature", "geometry": {"type": "Point", "coordinates": [172.3125, 33.1875]}, "properties": {"type": "cyclone", "ssh_m": -0.1591, "zeta_s-1": 3.8e-05, "hemisphere": "N", "time": "2025-05-01T00:00:00.000000000"}}, {"type": "Feature", "geometry": {"type": "Point", "coordinates": [41.1875, -33.3125]}, "properties": {"type": "cyclone", "ssh_m": -0.1582, "zeta_s-1": -1.21e-05, "hemisphere": "S", "time": "2025-05-01T00:00:00.000000000"}}, {"type": "Feature", "geometry": {"type": "Point", "coordinates": [133.9375, -45.9375]}, "properties": {"type": "cyclone", "ssh_m": -0.1572, "zeta_s-1": -1.32e-05, "hemisphere": "S", "time": "2025-05-01T00:00:00.000000000"}}, {"type": "Feature", "geometry": {"type": "Point", "coordinates": [84.0625, -55.6875]}, "properties": {"type": "cyclone", "ssh_m": -0.1571, "zeta_s-1": -2.39e-05, "hemisphere": "S", "time": "2025-05-01T00:00:00.000000000"}}, {"type": "Feature", "geometry": {"type": "Point", "coordinates": [-129.0625, -54.8125]}, "properties": {"type": "cyclone", "ssh_m": -0.157, "zeta_s-1": -1.91e-05, "hemisphere": "S", "time": "2025-05-01T00:00:00.000000000"}}, {"type": "Feature", "geometry": {"type": "Point", "coordinates": [-145.1875, -52.6875]}, "properties": {"type": "cyclone", "ssh_m": -0.1569, "zeta_s-1": -2.34e-05, "hemisphere": "S", "time": "2025-05-01T00:00:00.000000000"}}, {"type": "Feature", "geometry": {"type": "Point", "coordinates": [109.9375, -61.4375]}, "properties": {"type": "cyclone", "ssh_m": -0.1557, "zeta_s-1": -1.55e-05, "hemisphere": "S", "time": "2025-05-01T00:00:00.000000000"}}, {"type": "Feature", "geometry": {"type": "Point", "coordinates": [70.1875, -23.9375]}, "properties": {"type": "cyclone", "ssh_m": -0.1556, "zeta_s-1": -1.32e-05, "hemisphere": "S", "time": "2025-05-01T00:00:00.000000000"}}, {"type": "Feature", "geometry": {"type": "Point", "coordinates": [155.1875, 28.1875]}, "properties": {"type": "cyclone", "ssh_m": -0.1551, "zeta_s-1": 1.9e-05, "hemisphere": "N", "time": "2025-05-01T00:00:00.000000000"}}, {"type": "Feature", "geometry": {"type": "Point", "coordinates": [-76.3125, 35.3125]}, "properties": {"type": "anticyclone", "ssh_m": -0.1539, "zeta_s-1": NaN, "hemisphere": "N", "time": "2025-05-01T00:00:00.000000000"}}, {"type": "Feature", "geometry": {"type": "Point", "coordinates": [15.1875, -33.3125]}, "properties": {"type": "cyclone", "ssh_m": -0.1528, "zeta_s-1": -5.02e-05, "hemisphere": "S", "time": "2025-05-01T00:00:00.000000000"}}, {"type": "Feature", "geometry": {"type": "Point", "coordinates": [110.4375, 20.5625]}, "properties": {"type": "anticyclone", "ssh_m": -0.1528, "zeta_s-1": NaN, "hemisphere": "N", "time": "2025-05-01T00:00:00.000000000"}}, {"type": "Feature", "geometry": {"type": "Point", "coordinates": [163.9375, 24.0625]}, "properties": {"type": "cyclone", "ssh_m": -0.1527, "zeta_s-1": 8.7e-06, "hemisphere": "N", "time": "2025-05-01T00:00:00.000000000"}}, {"type": "Feature", "geometry": {"type": "Point", "coordinates": [59.9375, -44.8125]}, "properties": {"type": "cyclone", "ssh_m": -0.1525, "zeta_s-1": -1.84e-05, "hemisphere": "S", "time": "2025-05-01T00:00:00.000000000"}}, {"type": "Feature", "geometry": {"type": "Point", "coordinates": [133.0625, 34.4375]}, "properties": {"type": "anticyclone", "ssh_m": -0.1525, "zeta_s-1": NaN, "hemisphere": "N", "time": "2025-05-01T00:00:00.000000000"}}, {"type": "Feature", "geometry": {"type": "Point", "coordinates": [-131.3125, 6.1875]}, "properties": {"type": "anticyclone", "ssh_m": -0.1524, "zeta_s-1": NaN, "hemisphere": "N", "time": "2025-05-01T00:00:00.000000000"}}, {"type": "Feature", "geometry": {"type": "Point", "coordinates": [-35.4375, 48.3125]}, "properties": {"type": "cyclone", "ssh_m": -0.1521, "zeta_s-1": 1.15e-05, "hemisphere": "N", "time": "2025-05-01T00:00:00.000000000"}}, {"type": "Feature", "geometry": {"type": "Point", "coordinates": [88.5625, 19.0625]}, "properties": {"type": "cyclone", "ssh_m": -0.1515, "zeta_s-1": 1.94e-05, "hemisphere": "N", "time": "2025-05-01T00:00:00.000000000"}}, {"type": "Feature", "geometry": {"type": "Point", "coordinates": [-172.6875, -54.8125]}, "properties": {"type": "cyclone", "ssh_m": -0.1506, "zeta_s-1": -2.83e-05, "hemisphere": "S", "time": "2025-05-01T00:00:00.000000000"}}, {"type": "Feature", "geometry": {"type": "Point", "coordinates": [110.1875, -48.6875]}, "properties": {"type": "cyclone", "ssh_m": -0.1505, "zeta_s-1": -2.71e-05, "hemisphere": "S", "time": "2025-05-01T00:00:00.000000000"}}, {"type": "Feature", "geometry": {"type": "Point", "coordinates": [172.4375, 30.3125]}, "properties": {"type": "cyclone", "ssh_m": -0.15, "zeta_s-1": 1.54e-05, "hemisphere": "N", "time": "2025-05-01T00:00:00.000000000"}}, {"type": "Feature", "geometry": {"type": "Point", "coordinates": [136.5625, 76.0625]}, "properties": {"type": "cyclone", "ssh_m": -0.15, "zeta_s-1": 2.8e-06, "hemisphere": "N", "time": "2025-05-01T00:00:00.000000000"}}, {"type": "Feature", "geometry": {"type": "Point", "coordinates": [-37.8125, 41.3125]}, "properties": {"type": "cyclone", "ssh_m": -0.1496, "zeta_s-1": 1.34e-05, "hemisphere": "N", "time": "2025-05-01T00:00:00.000000000"}}, {"type": "Feature", "geometry": {"type": "Point", "coordinates": [64.0625, -44.1875]}, "properties": {"type": "cyclone", "ssh_m": -0.1493, "zeta_s-1": -2.04e-05, "hemisphere": "S", "time": "2025-05-01T00:00:00.000000000"}}, {"type": "Feature", "geometry": {"type": "Point", "coordinates": [121.9375, 28.9375]}, "properties": {"type": "cyclone", "ssh_m": -0.1492, "zeta_s-1": 2.83e-05, "hemisphere": "N", "time": "2025-05-01T00:00:00.000000000"}}, {"type": "Feature", "geometry": {"type": "Point", "coordinates": [148.6875, -51.4375]}, "properties": {"type": "cyclone", "ssh_m": -0.1488, "zeta_s-1": -2.86e-05, "hemisphere": "S", "time": "2025-05-01T00:00:00.000000000"}}, {"type": "Feature", "geometry": {"type": "Point", "coordinates": [-123.9375, 31.8125]}, "properties": {"type": "cyclone", "ssh_m": -0.1488, "zeta_s-1": 1.3e-05, "hemisphere": "N", "time": "2025-05-01T00:00:00.000000000"}}, {"type": "Feature", "geometry": {"type": "Point", "coordinates": [135.1875, 22.1875]}, "properties": {"type": "cyclone", "ssh_m": -0.1486, "zeta_s-1": 1.61e-05, "hemisphere": "N", "time": "2025-05-01T00:00:00.000000000"}}, {"type": "Feature", "geometry": {"type": "Point", "coordinates": [-26.1875, 50.5625]}, "properties": {"type": "cyclone", "ssh_m": -0.1483, "zeta_s-1": 1.62e-05, "hemisphere": "N", "time": "2025-05-01T00:00:00.000000000"}}, {"type": "Feature", "geometry": {"type": "Point", "coordinates": [96.9375, -50.0625]}, "properties": {"type": "cyclone", "ssh_m": -0.148, "zeta_s-1": -2.15e-05, "hemisphere": "S", "time": "2025-05-01T00:00:00.000000000"}}, {"type": "Feature", "geometry": {"type": "Point", "coordinates": [38.4375, -19.6875]}, "properties": {"type": "cyclone", "ssh_m": -0.1479, "zeta_s-1": -2.64e-05, "hemisphere": "S", "time": "2025-05-01T00:00:00.000000000"}}, {"type": "Feature", "geometry": {"type": "Point", "coordinates": [157.5625, 24.5625]}, "properties": {"type": "cyclone", "ssh_m": -0.1477, "zeta_s-1": 1.02e-05, "hemisphere": "N", "time": "2025-05-01T00:00:00.000000000"}}, {"type": "Feature", "geometry": {"type": "Point", "coordinates": [-84.6875, 20.3125]}, "properties": {"type": "cyclone", "ssh_m": -0.1467, "zeta_s-1": 2.76e-05, "hemisphere": "N", "time": "2025-05-01T00:00:00.000000000"}}, {"type": "Feature", "geometry": {"type": "Point", "coordinates": [-72.3125, 23.9375]}, "properties": {"type": "cyclone", "ssh_m": -0.1467, "zeta_s-1": 2.06e-05, "hemisphere": "N", "time": "2025-05-01T00:00:00.000000000"}}, {"type": "Feature", "geometry": {"type": "Point", "coordinates": [-28.9375, 49.6875]}, "properties": {"type": "cyclone", "ssh_m": -0.1465, "zeta_s-1": 1.75e-05, "hemisphere": "N", "time": "2025-05-01T00:00:00.000000000"}}, {"type": "Feature", "geometry": {"type": "Point", "coordinates": [-35.8125, 50.3125]}, "properties": {"type": "cyclone", "ssh_m": -0.1451, "zeta_s-1": 1.49e-05, "hemisphere": "N", "time": "2025-05-01T00:00:00.000000000"}}, {"type": "Feature", "geometry": {"type": "Point", "coordinates": [-101.4375, -57.5625]}, "properties": {"type": "cyclone", "ssh_m": -0.1446, "zeta_s-1": -1.2e-05, "hemisphere": "S", "time": "2025-05-01T00:00:00.000000000"}}, {"type": "Feature", "geometry": {"type": "Point", "coordinates": [48.1875, -41.6875]}, "properties": {"type": "cyclone", "ssh_m": -0.1441, "zeta_s-1": -2.06e-05, "hemisphere": "S", "time": "2025-05-01T00:00:00.000000000"}}, {"type": "Feature", "geometry": {"type": "Point", "coordinates": [98.8125, -49.9375]}, "properties": {"type": "cyclone", "ssh_m": -0.1436, "zeta_s-1": -2.11e-05, "hemisphere": "S", "time": "2025-05-01T00:00:00.000000000"}}, {"type": "Feature", "geometry": {"type": "Point", "coordinates": [101.1875, -14.8125]}, "properties": {"type": "cyclone", "ssh_m": -0.1436, "zeta_s-1": -7.2e-06, "hemisphere": "S", "time": "2025-05-01T00:00:00.000000000"}}, {"type": "Feature", "geometry": {"type": "Point", "coordinates": [40.6875, -35.3125]}, "properties": {"type": "cyclone", "ssh_m": -0.1432, "zeta_s-1": -1.64e-05, "hemisphere": "S", "time": "2025-05-01T00:00:00.000000000"}}, {"type": "Feature", "geometry": {"type": "Point", "coordinates": [-120.8125, 30.1875]}, "properties": {"type": "cyclone", "ssh_m": -0.1419, "zeta_s-1": 1.39e-05, "hemisphere": "N", "time": "2025-05-01T00:00:00.000000000"}}, {"type": "Feature", "geometry": {"type": "Point", "coordinates": [-154.3125, -53.4375]}, "properties": {"type": "cyclone", "ssh_m": -0.1416, "zeta_s-1": -1.32e-05, "hemisphere": "S", "time": "2025-05-01T00:00:00.000000000"}}, {"type": "Feature", "geometry": {"type": "Point", "coordinates": [-46.3125, 30.6875]}, "properties": {"type": "cyclone", "ssh_m": -0.1415, "zeta_s-1": 9.5e-06, "hemisphere": "N", "time": "2025-05-01T00:00:00.000000000"}}, {"type": "Feature", "geometry": {"type": "Point", "coordinates": [138.4375, 39.1875]}, "properties": {"type": "cyclone", "ssh_m": -0.1412, "zeta_s-1": 1.65e-05, "hemisphere": "N", "time": "2025-05-01T00:00:00.000000000"}}, {"type": "Feature", "geometry": {"type": "Point", "coordinates": [-39.5625, -24.9375]}, "properties": {"type": "cyclone", "ssh_m": -0.1407, "zeta_s-1": -2.63e-05, "hemisphere": "S", "time": "2025-05-01T00:00:00.000000000"}}, {"type": "Feature", "geometry": {"type": "Point", "coordinates": [37.6875, -49.0625]}, "properties": {"type": "cyclone", "ssh_m": -0.1402, "zeta_s-1": -1.41e-05, "hemisphere": "S", "time": "2025-05-01T00:00:00.000000000"}}, {"type": "Feature", "geometry": {"type": "Point", "coordinates": [148.1875, -44.8125]}, "properties": {"type": "cyclone", "ssh_m": -0.1396, "zeta_s-1": -3.31e-05, "hemisphere": "S", "time": "2025-05-01T00:00:00.000000000"}}, {"type": "Feature", "geometry": {"type": "Point", "coordinates": [41.6875, -23.3125]}, "properties": {"type": "cyclone", "ssh_m": -0.1391, "zeta_s-1": -1.22e-05, "hemisphere": "S", "time": "2025-05-01T00:00:00.000000000"}}, {"type": "Feature", "geometry": {"type": "Point", "coordinates": [-103.9375, -59.4375]}, "properties": {"type": "cyclone", "ssh_m": -0.139, "zeta_s-1": -2.51e-05, "hemisphere": "S", "time": "2025-05-01T00:00:00.000000000"}}, {"type": "Feature", "geometry": {"type": "Point", "coordinates": [118.9375, -52.8125]}, "properties": {"type": "cyclone", "ssh_m": -0.1387, "zeta_s-1": -2.07e-05, "hemisphere": "S", "time": "2025-05-01T00:00:00.000000000"}}, {"type": "Feature", "geometry": {"type": "Point", "coordinates": [-17.3125, -47.0625]}, "properties": {"type": "cyclone", "ssh_m": -0.1378, "zeta_s-1": -1.09e-05, "hemisphere": "S", "time": "2025-05-01T00:00:00.000000000"}}, {"type": "Feature", "geometry": {"type": "Point", "coordinates": [176.6875, -61.3125]}, "properties": {"type": "cyclone", "ssh_m": -0.1375, "zeta_s-1": -1.43e-05, "hemisphere": "S", "time": "2025-05-01T00:00:00.000000000"}}, {"type": "Feature", "geometry": {"type": "Point", "coordinates": [-33.1875, 51.0625]}, "properties": {"type": "cyclone", "ssh_m": -0.1373, "zeta_s-1": 1.52e-05, "hemisphere": "N", "time": "2025-05-01T00:00:00.000000000"}}, {"type": "Feature", "geometry": {"type": "Point", "coordinates": [-56.5625, -57.8125]}, "properties": {"type": "cyclone", "ssh_m": -0.137, "zeta_s-1": -1.01e-05, "hemisphere": "S", "time": "2025-05-01T00:00:00.000000000"}}, {"type": "Feature", "geometry": {"type": "Point", "coordinates": [-15.0625, -46.9375]}, "properties": {"type": "cyclone", "ssh_m": -0.1369, "zeta_s-1": -8.2e-06, "hemisphere": "S", "time": "2025-05-01T00:00:00.000000000"}}, {"type": "Feature", "geometry": {"type": "Point", "coordinates": [-53.1875, -54.6875]}, "properties": {"type": "cyclone", "ssh_m": -0.1364, "zeta_s-1": -3.24e-05, "hemisphere": "S", "time": "2025-05-01T00:00:00.000000000"}}, {"type": "Feature", "geometry": {"type": "Point", "coordinates": [111.1875, -50.6875]}, "properties": {"type": "cyclone", "ssh_m": -0.1363, "zeta_s-1": -1.18e-05, "hemisphere": "S", "time": "2025-05-01T00:00:00.000000000"}}, {"type": "Feature", "geometry": {"type": "Point", "coordinates": [97.8125, -55.1875]}, "properties": {"type": "cyclone", "ssh_m": -0.1362, "zeta_s-1": -1.57e-05, "hemisphere": "S", "time": "2025-05-01T00:00:00.000000000"}}, {"type": "Feature", "geometry": {"type": "Point", "coordinates": [159.8125, 39.5625]}, "properties": {"type": "cyclone", "ssh_m": -0.136, "zeta_s-1": 1.43e-05, "hemisphere": "N", "time": "2025-05-01T00:00:00.000000000"}}, {"type": "Feature", "geometry": {"type": "Point", "coordinates": [-130.4375, 39.8125]}, "properties": {"type": "cyclone", "ssh_m": -0.1355, "zeta_s-1": 1e-05, "hemisphere": "N", "time": "2025-05-01T00:00:00.000000000"}}, {"type": "Feature", "geometry": {"type": "Point", "coordinates": [20.6875, -50.1875]}, "properties": {"type": "cyclone", "ssh_m": -0.1345, "zeta_s-1": -1.47e-05, "hemisphere": "S", "time": "2025-05-01T00:00:00.000000000"}}, {"type": "Feature", "geometry": {"type": "Point", "coordinates": [92.9375, -49.5625]}, "properties": {"type": "cyclone", "ssh_m": -0.1344, "zeta_s-1": -3.41e-05, "hemisphere": "S", "time": "2025-05-01T00:00:00.000000000"}}, {"type": "Feature", "geometry": {"type": "Point", "coordinates": [-60.5625, 25.6875]}, "properties": {"type": "cyclone", "ssh_m": -0.1342, "zeta_s-1": 8.8e-06, "hemisphere": "N", "time": "2025-05-01T00:00:00.000000000"}}, {"type": "Feature", "geometry": {"type": "Point", "coordinates": [-23.4375, 50.4375]}, "properties": {"type": "cyclone", "ssh_m": -0.1342, "zeta_s-1": 1.82e-05, "hemisphere": "N", "time": "2025-05-01T00:00:00.000000000"}}, {"type": "Feature", "geometry": {"type": "Point", "coordinates": [-49.0625, -53.8125]}, "properties": {"type": "cyclone", "ssh_m": -0.134, "zeta_s-1": -2.06e-05, "hemisphere": "S", "time": "2025-05-01T00:00:00.000000000"}}, {"type": "Feature", "geometry": {"type": "Point", "coordinates": [-30.8125, -49.9375]}, "properties": {"type": "cyclone", "ssh_m": -0.134, "zeta_s-1": -2.81e-05, "hemisphere": "S", "time": "2025-05-01T00:00:00.000000000"}}, {"type": "Feature", "geometry": {"type": "Point", "coordinates": [156.9375, -28.4375]}, "properties": {"type": "cyclone", "ssh_m": -0.134, "zeta_s-1": -3.24e-05, "hemisphere": "S", "time": "2025-05-01T00:00:00.000000000"}}, {"type": "Feature", "geometry": {"type": "Point", "coordinates": [153.6875, 39.1875]}, "properties": {"type": "cyclone", "ssh_m": -0.1337, "zeta_s-1": 1.59e-05, "hemisphere": "N", "time": "2025-05-01T00:00:00.000000000"}}, {"type": "Feature", "geometry": {"type": "Point", "coordinates": [-140.9375, -50.9375]}, "properties": {"type": "cyclone", "ssh_m": -0.1328, "zeta_s-1": -1.96e-05, "hemisphere": "S", "time": "2025-05-01T00:00:00.000000000"}}, {"type": "Feature", "geometry": {"type": "Point", "coordinates": [-98.8125, -60.4375]}, "properties": {"type": "cyclone", "ssh_m": -0.1326, "zeta_s-1": -1.47e-05, "hemisphere": "S", "time": "2025-05-01T00:00:00.000000000"}}, {"type": "Feature", "geometry": {"type": "Point", "coordinates": [175.6875, 31.6875]}, "properties": {"type": "cyclone", "ssh_m": -0.1323, "zeta_s-1": 1.55e-05, "hemisphere": "N", "time": "2025-05-01T00:00:00.000000000"}}, {"type": "Feature", "geometry": {"type": "Point", "coordinates": [146.5625, 41.1875]}, "properties": {"type": "cyclone", "ssh_m": -0.1323, "zeta_s-1": 1.48e-05, "hemisphere": "N", "time": "2025-05-01T00:00:00.000000000"}}, {"type": "Feature", "geometry": {"type": "Point", "coordinates": [-110.3125, -64.9375]}, "properties": {"type": "cyclone", "ssh_m": -0.1321, "zeta_s-1": -8.3e-06, "hemisphere": "S", "time": "2025-05-01T00:00:00.000000000"}}, {"type": "Feature", "geometry": {"type": "Point", "coordinates": [105.1875, -38.0625]}, "properties": {"type": "cyclone", "ssh_m": -0.1321, "zeta_s-1": -2.6e-05, "hemisphere": "S", "time": "2025-05-01T00:00:00.000000000"}}, {"type": "Feature", "geometry": {"type": "Point", "coordinates": [29.3125, -41.9375]}, "properties": {"type": "cyclone", "ssh_m": -0.1314, "zeta_s-1": -2.43e-05, "hemisphere": "S", "time": "2025-05-01T00:00:00.000000000"}}, {"type": "Feature", "geometry": {"type": "Point", "coordinates": [176.8125, -53.6875]}, "properties": {"type": "cyclone", "ssh_m": -0.1307, "zeta_s-1": -2.65e-05, "hemisphere": "S", "time": "2025-05-01T00:00:00.000000000"}}, {"type": "Feature", "geometry": {"type": "Point", "coordinates": [160.8125, 27.9375]}, "properties": {"type": "cyclone", "ssh_m": -0.1307, "zeta_s-1": 1.07e-05, "hemisphere": "N", "time": "2025-05-01T00:00:00.000000000"}}, {"type": "Feature", "geometry": {"type": "Point", "coordinates": [86.3125, -17.3125]}, "properties": {"type": "cyclone", "ssh_m": -0.1306, "zeta_s-1": -5.3e-06, "hemisphere": "S", "time": "2025-05-01T00:00:00.000000000"}}, {"type": "Feature", "geometry": {"type": "Point", "coordinates": [144.5625, 40.4375]}, "properties": {"type": "cyclone", "ssh_m": -0.1304, "zeta_s-1": 1e-05, "hemisphere": "N", "time": "2025-05-01T00:00:00.000000000"}}, {"type": "Feature", "geometry": {"type": "Point", "coordinates": [-75.5625, -59.6875]}, "properties": {"type": "cyclone", "ssh_m": -0.1303, "zeta_s-1": -9.5e-06, "hemisphere": "S", "time": "2025-05-01T00:00:00.000000000"}}, {"type": "Feature", "geometry": {"type": "Point", "coordinates": [96.1875, -55.5625]}, "properties": {"type": "cyclone", "ssh_m": -0.13, "zeta_s-1": -1.76e-05, "hemisphere": "S", "time": "2025-05-01T00:00:00.000000000"}}, {"type": "Feature", "geometry": {"type": "Point", "coordinates": [91.5625, -46.8125]}, "properties": {"type": "cyclone", "ssh_m": -0.1297, "zeta_s-1": -1.64e-05, "hemisphere": "S", "time": "2025-05-01T00:00:00.000000000"}}, {"type": "Feature", "geometry": {"type": "Point", "coordinates": [-83.9375, -58.6875]}, "properties": {"type": "cyclone", "ssh_m": -0.1296, "zeta_s-1": -2.14e-05, "hemisphere": "S", "time": "2025-05-01T00:00:00.000000000"}}, {"type": "Feature", "geometry": {"type": "Point", "coordinates": [-57.5625, -45.1875]}, "properties": {"type": "cyclone", "ssh_m": -0.1296, "zeta_s-1": -1.47e-05, "hemisphere": "S", "time": "2025-05-01T00:00:00.000000000"}}, {"type": "Feature", "geometry": {"type": "Point", "coordinates": [-178.0625, -49.1875]}, "properties": {"type": "cyclone", "ssh_m": -0.1285, "zeta_s-1": -2.72e-05, "hemisphere": "S", "time": "2025-05-01T00:00:00.000000000"}}, {"type": "Feature", "geometry": {"type": "Point", "coordinates": [99.9375, -53.1875]}, "properties": {"type": "cyclone", "ssh_m": -0.1284, "zeta_s-1": -9.1e-06, "hemisphere": "S", "time": "2025-05-01T00:00:00.000000000"}}, {"type": "Feature", "geometry": {"type": "Point", "coordinates": [-121.3125, 6.8125]}, "properties": {"type": "anticyclone", "ssh_m": -0.1283, "zeta_s-1": NaN, "hemisphere": "N", "time": "2025-05-01T00:00:00.000000000"}}, {"type": "Feature", "geometry": {"type": "Point", "coordinates": [-141.0625, 4.9375]}, "properties": {"type": "anticyclone", "ssh_m": -0.128, "zeta_s-1": NaN, "hemisphere": "N", "time": "2025-05-01T00:00:00.000000000"}}, {"type": "Feature", "geometry": {"type": "Point", "coordinates": [121.8125, -55.0625]}, "properties": {"type": "cyclone", "ssh_m": -0.1279, "zeta_s-1": -1.29e-05, "hemisphere": "S", "time": "2025-05-01T00:00:00.000000000"}}, {"type": "Feature", "geometry": {"type": "Point", "coordinates": [171.9375, 51.6875]}, "properties": {"type": "cyclone", "ssh_m": -0.1268, "zeta_s-1": 8.2e-06, "hemisphere": "N", "time": "2025-05-01T00:00:00.000000000"}}, {"type": "Feature", "geometry": {"type": "Point", "coordinates": [129.1875, -61.0625]}, "properties": {"type": "cyclone", "ssh_m": -0.1267, "zeta_s-1": -1.32e-05, "hemisphere": "S", "time": "2025-05-01T00:00:00.000000000"}}, {"type": "Feature", "geometry": {"type": "Point", "coordinates": [-26.1875, 44.0625]}, "properties": {"type": "cyclone", "ssh_m": -0.1267, "zeta_s-1": 1.17e-05, "hemisphere": "N", "time": "2025-05-01T00:00:00.000000000"}}, {"type": "Feature", "geometry": {"type": "Point", "coordinates": [-74.6875, 30.0625]}, "properties": {"type": "cyclone", "ssh_m": -0.125, "zeta_s-1": 1.97e-05, "hemisphere": "N", "time": "2025-05-01T00:00:00.000000000"}}, {"type": "Feature", "geometry": {"type": "Point", "coordinates": [167.0625, -59.3125]}, "properties": {"type": "cyclone", "ssh_m": -0.1246, "zeta_s-1": -1.71e-05, "hemisphere": "S", "time": "2025-05-01T00:00:00.000000000"}}, {"type": "Feature", "geometry": {"type": "Point", "coordinates": [-73.8125, 26.5625]}, "properties": {"type": "cyclone", "ssh_m": -0.1245, "zeta_s-1": 2.45e-05, "hemisphere": "N", "time": "2025-05-01T00:00:00.000000000"}}, {"type": "Feature", "geometry": {"type": "Point", "coordinates": [169.4375, -60.9375]}, "properties": {"type": "cyclone", "ssh_m": -0.1235, "zeta_s-1": -2e-05, "hemisphere": "S", "time": "2025-05-01T00:00:00.000000000"}}, {"type": "Feature", "geometry": {"type": "Point", "coordinates": [-86.4375, 26.8125]}, "properties": {"type": "cyclone", "ssh_m": -0.1232, "zeta_s-1": 4.24e-05, "hemisphere": "N", "time": "2025-05-01T00:00:00.000000000"}}, {"type": "Feature", "geometry": {"type": "Point", "coordinates": [-22.9375, -60.3125]}, "properties": {"type": "cyclone", "ssh_m": -0.1231, "zeta_s-1": -3.3e-05, "hemisphere": "S", "time": "2025-05-01T00:00:00.000000000"}}, {"type": "Feature", "geometry": {"type": "Point", "coordinates": [-19.6875, 51.4375]}, "properties": {"type": "cyclone", "ssh_m": -0.1229, "zeta_s-1": 1.64e-05, "hemisphere": "N", "time": "2025-05-01T00:00:00.000000000"}}, {"type": "Feature", "geometry": {"type": "Point", "coordinates": [135.8125, -63.5625]}, "properties": {"type": "cyclone", "ssh_m": -0.1214, "zeta_s-1": -3.22e-05, "hemisphere": "S", "time": "2025-05-01T00:00:00.000000000"}}, {"type": "Feature", "geometry": {"type": "Point", "coordinates": [36.1875, -51.1875]}, "properties": {"type": "cyclone", "ssh_m": -0.1212, "zeta_s-1": -1.76e-05, "hemisphere": "S", "time": "2025-05-01T00:00:00.000000000"}}, {"type": "Feature", "geometry": {"type": "Point", "coordinates": [120.5625, -56.4375]}, "properties": {"type": "cyclone", "ssh_m": -0.1211, "zeta_s-1": -4.9e-06, "hemisphere": "S", "time": "2025-05-01T00:00:00.000000000"}}, {"type": "Feature", "geometry": {"type": "Point", "coordinates": [-168.9375, -48.4375]}, "properties": {"type": "cyclone", "ssh_m": -0.1211, "zeta_s-1": -2.12e-05, "hemisphere": "S", "time": "2025-05-01T00:00:00.000000000"}}, {"type": "Feature", "geometry": {"type": "Point", "coordinates": [143.5625, -49.3125]}, "properties": {"type": "cyclone", "ssh_m": -0.1209, "zeta_s-1": -1.35e-05, "hemisphere": "S", "time": "2025-05-01T00:00:00.000000000"}}, {"type": "Feature", "geometry": {"type": "Point", "coordinates": [-29.6875, -40.1875]}, "properties": {"type": "cyclone", "ssh_m": -0.1208, "zeta_s-1": -7.6e-06, "hemisphere": "S", "time": "2025-05-01T00:00:00.000000000"}}, {"type": "Feature", "geometry": {"type": "Point", "coordinates": [151.5625, 26.6875]}, "properties": {"type": "cyclone", "ssh_m": -0.1208, "zeta_s-1": 1.16e-05, "hemisphere": "N", "time": "2025-05-01T00:00:00.000000000"}}, {"type": "Feature", "geometry": {"type": "Point", "coordinates": [-12.6875, -47.8125]}, "properties": {"type": "cyclone", "ssh_m": -0.1207, "zeta_s-1": -1.23e-05, "hemisphere": "S", "time": "2025-05-01T00:00:00.000000000"}}, {"type": "Feature", "geometry": {"type": "Point", "coordinates": [49.3125, -30.5625]}, "properties": {"type": "cyclone", "ssh_m": -0.1207, "zeta_s-1": -1.14e-05, "hemisphere": "S", "time": "2025-05-01T00:00:00.000000000"}}, {"type": "Feature", "geometry": {"type": "Point", "coordinates": [36.5625, -35.6875]}, "properties": {"type": "cyclone", "ssh_m": -0.1201, "zeta_s-1": -2.49e-05, "hemisphere": "S", "time": "2025-05-01T00:00:00.000000000"}}, {"type": "Feature", "geometry": {"type": "Point", "coordinates": [171.5625, 37.8125]}, "properties": {"type": "cyclone", "ssh_m": -0.1198, "zeta_s-1": 1.38e-05, "hemisphere": "N", "time": "2025-05-01T00:00:00.000000000"}}, {"type": "Feature", "geometry": {"type": "Point", "coordinates": [-104.4375, -61.9375]}, "properties": {"type": "cyclone", "ssh_m": -0.1197, "zeta_s-1": -1.25e-05, "hemisphere": "S", "time": "2025-05-01T00:00:00.000000000"}}, {"type": "Feature", "geometry": {"type": "Point", "coordinates": [125.1875, -53.9375]}, "properties": {"type": "cyclone", "ssh_m": -0.1195, "zeta_s-1": -1.82e-05, "hemisphere": "S", "time": "2025-05-01T00:00:00.000000000"}}, {"type": "Feature", "geometry": {"type": "Point", "coordinates": [142.0625, -61.3125]}, "properties": {"type": "cyclone", "ssh_m": -0.1193, "zeta_s-1": -9.2e-06, "hemisphere": "S", "time": "2025-05-01T00:00:00.000000000"}}, {"type": "Feature", "geometry": {"type": "Point", "coordinates": [86.0625, -25.8125]}, "properties": {"type": "cyclone", "ssh_m": -0.1193, "zeta_s-1": -1.12e-05, "hemisphere": "S", "time": "2025-05-01T00:00:00.000000000"}}, {"type": "Feature", "geometry": {"type": "Point", "coordinates": [162.8125, 53.8125]}, "properties": {"type": "cyclone", "ssh_m": -0.119, "zeta_s-1": 1.79e-05, "hemisphere": "N", "time": "2025-05-01T00:00:00.000000000"}}, {"type": "Feature", "geometry": {"type": "Point", "coordinates": [62.6875, -46.3125]}, "properties": {"type": "cyclone", "ssh_m": -0.1189, "zeta_s-1": -1.98e-05, "hemisphere": "S", "time": "2025-05-01T00:00:00.000000000"}}, {"type": "Feature", "geometry": {"type": "Point", "coordinates": [-31.9375, 38.8125]}, "properties": {"type": "cyclone", "ssh_m": -0.1188, "zeta_s-1": 1.94e-05, "hemisphere": "N", "time": "2025-05-01T00:00:00.000000000"}}, {"type": "Feature", "geometry": {"type": "Point", "coordinates": [158.4375, 49.9375]}, "properties": {"type": "cyclone", "ssh_m": -0.1188, "zeta_s-1": 1.18e-05, "hemisphere": "N", "time": "2025-05-01T00:00:00.000000000"}}, {"type": "Feature", "geometry": {"type": "Point", "coordinates": [162.4375, 21.0625]}, "properties": {"type": "cyclone", "ssh_m": -0.1182, "zeta_s-1": 1.09e-05, "hemisphere": "N", "time": "2025-05-01T00:00:00.000000000"}}, {"type": "Feature", "geometry": {"type": "Point", "coordinates": [-72.5625, 37.3125]}, "properties": {"type": "cyclone", "ssh_m": -0.1178, "zeta_s-1": 3.38e-05, "hemisphere": "N", "time": "2025-05-01T00:00:00.000000000"}}, {"type": "Feature", "geometry": {"type": "Point", "coordinates": [-176.4375, -25.1875]}, "properties": {"type": "cyclone", "ssh_m": -0.117, "zeta_s-1": -1.54e-05, "hemisphere": "S", "time": "2025-05-01T00:00:00.000000000"}}, {"type": "Feature", "geometry": {"type": "Point", "coordinates": [-62.4375, -57.1875]}, "properties": {"type": "cyclone", "ssh_m": -0.1161, "zeta_s-1": -2.69e-05, "hemisphere": "S", "time": "2025-05-01T00:00:00.000000000"}}, {"type": "Feature", "geometry": {"type": "Point", "coordinates": [163.4375, 30.0625]}, "properties": {"type": "cyclone", "ssh_m": -0.1156, "zeta_s-1": 5.4e-06, "hemisphere": "N", "time": "2025-05-01T00:00:00.000000000"}}, {"type": "Feature", "geometry": {"type": "Point", "coordinates": [-116.5625, -52.9375]}, "properties": {"type": "cyclone", "ssh_m": -0.1153, "zeta_s-1": -2.27e-05, "hemisphere": "S", "time": "2025-05-01T00:00:00.000000000"}}, {"type": "Feature", "geometry": {"type": "Point", "coordinates": [158.3125, 22.3125]}, "properties": {"type": "cyclone", "ssh_m": -0.1152, "zeta_s-1": 1.58e-05, "hemisphere": "N", "time": "2025-05-01T00:00:00.000000000"}}, {"type": "Feature", "geometry": {"type": "Point", "coordinates": [102.6875, -52.1875]}, "properties": {"type": "cyclone", "ssh_m": -0.1148, "zeta_s-1": -1.64e-05, "hemisphere": "S", "time": "2025-05-01T00:00:00.000000000"}}, {"type": "Feature", "geometry": {"type": "Point", "coordinates": [10.5625, -40.6875]}, "properties": {"type": "cyclone", "ssh_m": -0.1148, "zeta_s-1": -5.29e-05, "hemisphere": "S", "time": "2025-05-01T00:00:00.000000000"}}, {"type": "Feature", "geometry": {"type": "Point", "coordinates": [126.0625, 22.9375]}, "properties": {"type": "cyclone", "ssh_m": -0.1148, "zeta_s-1": 1.62e-05, "hemisphere": "N", "time": "2025-05-01T00:00:00.000000000"}}, {"type": "Feature", "geometry": {"type": "Point", "coordinates": [105.3125, -53.5625]}, "properties": {"type": "cyclone", "ssh_m": -0.1147, "zeta_s-1": -2.27e-05, "hemisphere": "S", "time": "2025-05-01T00:00:00.000000000"}}, {"type": "Feature", "geometry": {"type": "Point", "coordinates": [159.4375, -58.8125]}, "properties": {"type": "cyclone", "ssh_m": -0.1137, "zeta_s-1": -1.65e-05, "hemisphere": "S", "time": "2025-05-01T00:00:00.000000000"}}, {"type": "Feature", "geometry": {"type": "Point", "coordinates": [126.4375, -62.0625]}, "properties": {"type": "cyclone", "ssh_m": -0.1134, "zeta_s-1": -1.39e-05, "hemisphere": "S", "time": "2025-05-01T00:00:00.000000000"}}, {"type": "Feature", "geometry": {"type": "Point", "coordinates": [62.8125, -22.3125]}, "properties": {"type": "cyclone", "ssh_m": -0.1132, "zeta_s-1": -1.1e-05, "hemisphere": "S", "time": "2025-05-01T00:00:00.000000000"}}, {"type": "Feature", "geometry": {"type": "Point", "coordinates": [26.8125, -56.5625]}, "properties": {"type": "cyclone", "ssh_m": -0.1128, "zeta_s-1": -1.02e-05, "hemisphere": "S", "time": "2025-05-01T00:00:00.000000000"}}, {"type": "Feature", "geometry": {"type": "Point", "coordinates": [171.0625, 24.4375]}, "properties": {"type": "cyclone", "ssh_m": -0.1123, "zeta_s-1": 1.87e-05, "hemisphere": "N", "time": "2025-05-01T00:00:00.000000000"}}, {"type": "Feature", "geometry": {"type": "Point", "coordinates": [165.9375, -57.3125]}, "properties": {"type": "cyclone", "ssh_m": -0.1121, "zeta_s-1": -1.82e-05, "hemisphere": "S", "time": "2025-05-01T00:00:00.000000000"}}, {"type": "Feature", "geometry": {"type": "Point", "coordinates": [-65.0625, 13.8125]}, "properties": {"type": "cyclone", "ssh_m": -0.1116, "zeta_s-1": 3.65e-05, "hemisphere": "N", "time": "2025-05-01T00:00:00.000000000"}}, {"type": "Feature", "geometry": {"type": "Point", "coordinates": [-22.0625, -49.5625]}, "properties": {"type": "cyclone", "ssh_m": -0.1112, "zeta_s-1": -1.69e-05, "hemisphere": "S", "time": "2025-05-01T00:00:00.000000000"}}, {"type": "Feature", "geometry": {"type": "Point", "coordinates": [-47.5625, -48.6875]}, "properties": {"type": "cyclone", "ssh_m": -0.1112, "zeta_s-1": -1.89e-05, "hemisphere": "S", "time": "2025-05-01T00:00:00.000000000"}}, {"type": "Feature", "geometry": {"type": "Point", "coordinates": [-109.6875, 21.9375]}, "properties": {"type": "cyclone", "ssh_m": -0.1112, "zeta_s-1": 1.92e-05, "hemisphere": "N", "time": "2025-05-01T00:00:00.000000000"}}, {"type": "Feature", "geometry": {"type": "Point", "coordinates": [164.0625, -29.6875]}, "properties": {"type": "cyclone", "ssh_m": -0.111, "zeta_s-1": -2.14e-05, "hemisphere": "S", "time": "2025-05-01T00:00:00.000000000"}}, {"type": "Feature", "geometry": {"type": "Point", "coordinates": [87.8125, -57.9375]}, "properties": {"type": "cyclone", "ssh_m": -0.1107, "zeta_s-1": -1.62e-05, "hemisphere": "S", "time": "2025-05-01T00:00:00.000000000"}}, {"type": "Feature", "geometry": {"type": "Point", "coordinates": [11.8125, 78.6875]}, "properties": {"type": "anticyclone", "ssh_m": -0.1107, "zeta_s-1": NaN, "hemisphere": "N", "time": "2025-05-01T00:00:00.000000000"}}, {"type": "Feature", "geometry": {"type": "Point", "coordinates": [3.8125, 70.3125]}, "properties": {"type": "cyclone", "ssh_m": -0.1106, "zeta_s-1": 1.13e-05, "hemisphere": "N", "time": "2025-05-01T00:00:00.000000000"}}, {"type": "Feature", "geometry": {"type": "Point", "coordinates": [107.4375, -54.3125]}, "properties": {"type": "cyclone", "ssh_m": -0.1105, "zeta_s-1": -1.53e-05, "hemisphere": "S", "time": "2025-05-01T00:00:00.000000000"}}, {"type": "Feature", "geometry": {"type": "Point", "coordinates": [154.6875, -50.8125]}, "properties": {"type": "cyclone", "ssh_m": -0.1101, "zeta_s-1": -1.96e-05, "hemisphere": "S", "time": "2025-05-01T00:00:00.000000000"}}, {"type": "Feature", "geometry": {"type": "Point", "coordinates": [-124.9375, 34.5625]}, "properties": {"type": "cyclone", "ssh_m": -0.1099, "zeta_s-1": 1.1e-05, "hemisphere": "N", "time": "2025-05-01T00:00:00.000000000"}}, {"type": "Feature", "geometry": {"type": "Point", "coordinates": [30.6875, -62.1875]}, "properties": {"type": "cyclone", "ssh_m": -0.1098, "zeta_s-1": -1.01e-05, "hemisphere": "S", "time": "2025-05-01T00:00:00.000000000"}}, {"type": "Feature", "geometry": {"type": "Point", "coordinates": [140.4375, -49.9375]}, "properties": {"type": "cyclone", "ssh_m": -0.1096, "zeta_s-1": -1.82e-05, "hemisphere": "S", "time": "2025-05-01T00:00:00.000000000"}}, {"type": "Feature", "geometry": {"type": "Point", "coordinates": [-46.0625, 44.4375]}, "properties": {"type": "cyclone", "ssh_m": -0.1096, "zeta_s-1": 3.17e-05, "hemisphere": "N", "time": "2025-05-01T00:00:00.000000000"}}, {"type": "Feature", "geometry": {"type": "Point", "coordinates": [144.3125, -44.5625]}, "properties": {"type": "cyclone", "ssh_m": -0.1095, "zeta_s-1": -3.07e-05, "hemisphere": "S", "time": "2025-05-01T00:00:00.000000000"}}, {"type": "Feature", "geometry": {"type": "Point", "coordinates": [153.1875, 25.4375]}, "properties": {"type": "cyclone", "ssh_m": -0.1095, "zeta_s-1": 2.24e-05, "hemisphere": "N", "time": "2025-05-01T00:00:00.000000000"}}, {"type": "Feature", "geometry": {"type": "Point", "coordinates": [-44.4375, -28.3125]}, "properties": {"type": "cyclone", "ssh_m": -0.1094, "zeta_s-1": -2.7e-05, "hemisphere": "S", "time": "2025-05-01T00:00:00.000000000"}}, {"type": "Feature", "geometry": {"type": "Point", "coordinates": [-91.4375, 62.5625]}, "properties": {"type": "cyclone", "ssh_m": -0.1094, "zeta_s-1": 4.3e-06, "hemisphere": "N", "time": "2025-05-01T00:00:00.000000000"}}, {"type": "Feature", "geometry": {"type": "Point", "coordinates": [118.5625, -62.1875]}, "properties": {"type": "cyclone", "ssh_m": -0.1093, "zeta_s-1": -1.71e-05, "hemisphere": "S", "time": "2025-05-01T00:00:00.000000000"}}, {"type": "Feature", "geometry": {"type": "Point", "coordinates": [-21.8125, 47.8125]}, "properties": {"type": "cyclone", "ssh_m": -0.1081, "zeta_s-1": 1.08e-05, "hemisphere": "N", "time": "2025-05-01T00:00:00.000000000"}}, {"type": "Feature", "geometry": {"type": "Point", "coordinates": [155.4375, -25.1875]}, "properties": {"type": "cyclone", "ssh_m": -0.1076, "zeta_s-1": -2.2e-05, "hemisphere": "S", "time": "2025-05-01T00:00:00.000000000"}}, {"type": "Feature", "geometry": {"type": "Point", "coordinates": [-27.4375, 33.4375]}, "properties": {"type": "cyclone", "ssh_m": -0.1076, "zeta_s-1": 8.9e-06, "hemisphere": "N", "time": "2025-05-01T00:00:00.000000000"}}, {"type": "Feature", "geometry": {"type": "Point", "coordinates": [-129.9375, 36.8125]}, "properties": {"type": "cyclone", "ssh_m": -0.107, "zeta_s-1": 8.4e-06, "hemisphere": "N", "time": "2025-05-01T00:00:00.000000000"}}, {"type": "Feature", "geometry": {"type": "Point", "coordinates": [-35.0625, 45.3125]}, "properties": {"type": "cyclone", "ssh_m": -0.1068, "zeta_s-1": 1.24e-05, "hemisphere": "N", "time": "2025-05-01T00:00:00.000000000"}}, {"type": "Feature", "geometry": {"type": "Point", "coordinates": [-75.6875, 18.1875]}, "properties": {"type": "cyclone", "ssh_m": -0.1067, "zeta_s-1": 2.28e-05, "hemisphere": "N", "time": "2025-05-01T00:00:00.000000000"}}, {"type": "Feature", "geometry": {"type": "Point", "coordinates": [-69.0625, 29.4375]}, "properties": {"type": "cyclone", "ssh_m": -0.1067, "zeta_s-1": 1.75e-05, "hemisphere": "N", "time": "2025-05-01T00:00:00.000000000"}}, {"type": "Feature", "geometry": {"type": "Point", "coordinates": [-145.3125, 4.9375]}, "properties": {"type": "anticyclone", "ssh_m": -0.1058, "zeta_s-1": NaN, "hemisphere": "N", "time": "2025-05-01T00:00:00.000000000"}}, {"type": "Feature", "geometry": {"type": "Point", "coordinates": [79.3125, -12.5625]}, "properties": {"type": "cyclone", "ssh_m": -0.1055, "zeta_s-1": -4e-06, "hemisphere": "S", "time": "2025-05-01T00:00:00.000000000"}}, {"type": "Feature", "geometry": {"type": "Point", "coordinates": [20.5625, -41.4375]}, "properties": {"type": "cyclone", "ssh_m": -0.1053, "zeta_s-1": -4.77e-05, "hemisphere": "S", "time": "2025-05-01T00:00:00.000000000"}}, {"type": "Feature", "geometry": {"type": "Point", "coordinates": [93.4375, -61.6875]}, "properties": {"type": "cyclone", "ssh_m": -0.1046, "zeta_s-1": -1.37e-05, "hemisphere": "S", "time": "2025-05-01T00:00:00.000000000"}}, {"type": "Feature", "geometry": {"type": "Point", "coordinates": [123.3125, -62.8125]}, "properties": {"type": "cyclone", "ssh_m": -0.1042, "zeta_s-1": -1.65e-05, "hemisphere": "S", "time": "2025-05-01T00:00:00.000000000"}}, {"type": "Feature", "geometry": {"type": "Point", "coordinates": [116.3125, -54.0625]}, "properties": {"type": "cyclone", "ssh_m": -0.1041, "zeta_s-1": -6.2e-06, "hemisphere": "S", "time": "2025-05-01T00:00:00.000000000"}}, {"type": "Feature", "geometry": {"type": "Point", "coordinates": [-57.5625, 20.1875]}, "properties": {"type": "cyclone", "ssh_m": -0.104, "zeta_s-1": 6.3e-06, "hemisphere": "N", "time": "2025-05-01T00:00:00.000000000"}}, {"type": "Feature", "geometry": {"type": "Point", "coordinates": [-132.8125, -61.4375]}, "properties": {"type": "cyclone", "ssh_m": -0.1039, "zeta_s-1": -1.21e-05, "hemisphere": "S", "time": "2025-05-01T00:00:00.000000000"}}, {"type": "Feature", "geometry": {"type": "Point", "coordinates": [101.0625, -47.5625]}, "properties": {"type": "cyclone", "ssh_m": -0.1039, "zeta_s-1": -1.62e-05, "hemisphere": "S", "time": "2025-05-01T00:00:00.000000000"}}, {"type": "Feature", "geometry": {"type": "Point", "coordinates": [109.6875, -26.1875]}, "properties": {"type": "cyclone", "ssh_m": -0.1034, "zeta_s-1": -2.29e-05, "hemisphere": "S", "time": "2025-05-01T00:00:00.000000000"}}, {"type": "Feature", "geometry": {"type": "Point", "coordinates": [123.0625, 20.1875]}, "properties": {"type": "cyclone", "ssh_m": -0.1031, "zeta_s-1": 3.13e-05, "hemisphere": "N", "time": "2025-05-01T00:00:00.000000000"}}, {"type": "Feature", "geometry": {"type": "Point", "coordinates": [-23.4375, 57.3125]}, "properties": {"type": "cyclone", "ssh_m": -0.1029, "zeta_s-1": 2.69e-05, "hemisphere": "N", "time": "2025-05-01T00:00:00.000000000"}}, {"type": "Feature", "geometry": {"type": "Point", "coordinates": [-98.6875, -66.3125]}, "properties": {"type": "cyclone", "ssh_m": -0.1022, "zeta_s-1": -1.56e-05, "hemisphere": "S", "time": "2025-05-01T00:00:00.000000000"}}, {"type": "Feature", "geometry": {"type": "Point", "coordinates": [-21.6875, -52.9375]}, "properties": {"type": "cyclone", "ssh_m": -0.1021, "zeta_s-1": -1.88e-05, "hemisphere": "S", "time": "2025-05-01T00:00:00.000000000"}}, {"type": "Feature", "geometry": {"type": "Point", "coordinates": [-127.3125, -62.5625]}, "properties": {"type": "cyclone", "ssh_m": -0.102, "zeta_s-1": -1.97e-05, "hemisphere": "S", "time": "2025-05-01T00:00:00.000000000"}}, {"type": "Feature", "geometry": {"type": "Point", "coordinates": [-42.5625, -35.0625]}, "properties": {"type": "cyclone", "ssh_m": -0.1019, "zeta_s-1": -2.44e-05, "hemisphere": "S", "time": "2025-05-01T00:00:00.000000000"}}, {"type": "Feature", "geometry": {"type": "Point", "coordinates": [-54.8125, -53.1875]}, "properties": {"type": "cyclone", "ssh_m": -0.1014, "zeta_s-1": -1.94e-05, "hemisphere": "S", "time": "2025-05-01T00:00:00.000000000"}}, {"type": "Feature", "geometry": {"type": "Point", "coordinates": [35.1875, -62.8125]}, "properties": {"type": "cyclone", "ssh_m": -0.1013, "zeta_s-1": -5.7e-06, "hemisphere": "S", "time": "2025-05-01T00:00:00.000000000"}}, {"type": "Feature", "geometry": {"type": "Point", "coordinates": [-35.9375, 3.4375]}, "properties": {"type": "anticyclone", "ssh_m": -0.1012, "zeta_s-1": NaN, "hemisphere": "N", "time": "2025-05-01T00:00:00.000000000"}}, {"type": "Feature", "geometry": {"type": "Point", "coordinates": [-66.1875, 16.0625]}, "properties": {"type": "cyclone", "ssh_m": -0.1012, "zeta_s-1": 3.01e-05, "hemisphere": "N", "time": "2025-05-01T00:00:00.000000000"}}, {"type": "Feature", "geometry": {"type": "Point", "coordinates": [-152.3125, -51.3125]}, "properties": {"type": "cyclone", "ssh_m": -0.1005, "zeta_s-1": -6.6e-06, "hemisphere": "S", "time": "2025-05-01T00:00:00.000000000"}}, {"type": "Feature", "geometry": {"type": "Point", "coordinates": [-59.4375, 19.5625]}, "properties": {"type": "cyclone", "ssh_m": -0.1004, "zeta_s-1": 1.36e-05, "hemisphere": "N", "time": "2025-05-01T00:00:00.000000000"}}, {"type": "Feature", "geometry": {"type": "Point", "coordinates": [54.3125, -29.3125]}, "properties": {"type": "cyclone", "ssh_m": -0.1003, "zeta_s-1": -1.11e-05, "hemisphere": "S", "time": "2025-05-01T00:00:00.000000000"}}, {"type": "Feature", "geometry": {"type": "Point", "coordinates": [-152.9375, 4.6875]}, "properties": {"type": "anticyclone", "ssh_m": -0.1001, "zeta_s-1": NaN, "hemisphere": "N", "time": "2025-05-01T00:00:00.000000000"}}, {"type": "Feature", "geometry": {"type": "Point", "coordinates": [168.6875, -27.0625]}, "properties": {"type": "cyclone", "ssh_m": -0.0995, "zeta_s-1": -2.53e-05, "hemisphere": "S", "time": "2025-05-01T00:00:00.000000000"}}, {"type": "Feature", "geometry": {"type": "Point", "coordinates": [108.6875, -52.0625]}, "properties": {"type": "cyclone", "ssh_m": -0.0993, "zeta_s-1": -8.5e-06, "hemisphere": "S", "time": "2025-05-01T00:00:00.000000000"}}, {"type": "Feature", "geometry": {"type": "Point", "coordinates": [124.5625, 18.3125]}, "properties": {"type": "cyclone", "ssh_m": -0.0991, "zeta_s-1": 1.79e-05, "hemisphere": "N", "time": "2025-05-01T00:00:00.000000000"}}, {"type": "Feature", "geometry": {"type": "Point", "coordinates": [-79.8125, 18.3125]}, "properties": {"type": "cyclone", "ssh_m": -0.0982, "zeta_s-1": 1.67e-05, "hemisphere": "N", "time": "2025-05-01T00:00:00.000000000"}}, {"type": "Feature", "geometry": {"type": "Point", "coordinates": [177.5625, 30.9375]}, "properties": {"type": "cyclone", "ssh_m": -0.0975, "zeta_s-1": 1.05e-05, "hemisphere": "N", "time": "2025-05-01T00:00:00.000000000"}}, {"type": "Feature", "geometry": {"type": "Point", "coordinates": [107.5625, -39.8125]}, "properties": {"type": "cyclone", "ssh_m": -0.0964, "zeta_s-1": -2.91e-05, "hemisphere": "S", "time": "2025-05-01T00:00:00.000000000"}}, {"type": "Feature", "geometry": {"type": "Point", "coordinates": [-44.8125, 32.9375]}, "properties": {"type": "cyclone", "ssh_m": -0.0962, "zeta_s-1": 1e-05, "hemisphere": "N", "time": "2025-05-01T00:00:00.000000000"}}, {"type": "Feature", "geometry": {"type": "Point", "coordinates": [-37.4375, -40.9375]}, "properties": {"type": "cyclone", "ssh_m": -0.0961, "zeta_s-1": -1.58e-05, "hemisphere": "S", "time": "2025-05-01T00:00:00.000000000"}}, {"type": "Feature", "geometry": {"type": "Point", "coordinates": [164.6875, 32.6875]}, "properties": {"type": "cyclone", "ssh_m": -0.0957, "zeta_s-1": 2.36e-05, "hemisphere": "N", "time": "2025-05-01T00:00:00.000000000"}}, {"type": "Feature", "geometry": {"type": "Point", "coordinates": [97.5625, -60.3125]}, "properties": {"type": "cyclone", "ssh_m": -0.095, "zeta_s-1": -1.72e-05, "hemisphere": "S", "time": "2025-05-01T00:00:00.000000000"}}, {"type": "Feature", "geometry": {"type": "Point", "coordinates": [-104.8125, -56.5625]}, "properties": {"type": "cyclone", "ssh_m": -0.0945, "zeta_s-1": -1.58e-05, "hemisphere": "S", "time": "2025-05-01T00:00:00.000000000"}}, {"type": "Feature", "geometry": {"type": "Point", "coordinates": [-9.4375, -48.3125]}, "properties": {"type": "cyclone", "ssh_m": -0.0945, "zeta_s-1": -9.5e-06, "hemisphere": "S", "time": "2025-05-01T00:00:00.000000000"}}, {"type": "Feature", "geometry": {"type": "Point", "coordinates": [117.1875, -36.4375]}, "properties": {"type": "cyclone", "ssh_m": -0.0944, "zeta_s-1": -2.99e-05, "hemisphere": "S", "time": "2025-05-01T00:00:00.000000000"}}, {"type": "Feature", "geometry": {"type": "Point", "coordinates": [114.4375, -35.8125]}, "properties": {"type": "cyclone", "ssh_m": -0.0941, "zeta_s-1": -2.14e-05, "hemisphere": "S", "time": "2025-05-01T00:00:00.000000000"}}, {"type": "Feature", "geometry": {"type": "Point", "coordinates": [-172.3125, -60.3125]}, "properties": {"type": "cyclone", "ssh_m": -0.0937, "zeta_s-1": -1.81e-05, "hemisphere": "S", "time": "2025-05-01T00:00:00.000000000"}}, {"type": "Feature", "geometry": {"type": "Point", "coordinates": [129.0625, -54.3125]}, "properties": {"type": "cyclone", "ssh_m": -0.0935, "zeta_s-1": -1.04e-05, "hemisphere": "S", "time": "2025-05-01T00:00:00.000000000"}}, {"type": "Feature", "geometry": {"type": "Point", "coordinates": [101.4375, -30.6875]}, "properties": {"type": "cyclone", "ssh_m": -0.0933, "zeta_s-1": -1.49e-05, "hemisphere": "S", "time": "2025-05-01T00:00:00.000000000"}}, {"type": "Feature", "geometry": {"type": "Point", "coordinates": [98.0625, -36.4375]}, "properties": {"type": "cyclone", "ssh_m": -0.0932, "zeta_s-1": -2.27e-05, "hemisphere": "S", "time": "2025-05-01T00:00:00.000000000"}}, {"type": "Feature", "geometry": {"type": "Point", "coordinates": [4.3125, -34.5625]}, "properties": {"type": "cyclone", "ssh_m": -0.093, "zeta_s-1": -9.2e-06, "hemisphere": "S", "time": "2025-05-01T00:00:00.000000000"}}, {"type": "Feature", "geometry": {"type": "Point", "coordinates": [123.4375, -47.0625]}, "properties": {"type": "cyclone", "ssh_m": -0.0926, "zeta_s-1": -1.85e-05, "hemisphere": "S", "time": "2025-05-01T00:00:00.000000000"}}, {"type": "Feature", "geometry": {"type": "Point", "coordinates": [-78.5625, 24.1875]}, "properties": {"type": "cyclone", "ssh_m": -0.0926, "zeta_s-1": 3.29e-05, "hemisphere": "N", "time": "2025-05-01T00:00:00.000000000"}}, {"type": "Feature", "geometry": {"type": "Point", "coordinates": [78.0625, -24.9375]}, "properties": {"type": "cyclone", "ssh_m": -0.092, "zeta_s-1": -9.5e-06, "hemisphere": "S", "time": "2025-05-01T00:00:00.000000000"}}, {"type": "Feature", "geometry": {"type": "Point", "coordinates": [141.8125, -43.5625]}, "properties": {"type": "cyclone", "ssh_m": -0.0919, "zeta_s-1": -2.5e-05, "hemisphere": "S", "time": "2025-05-01T00:00:00.000000000"}}, {"type": "Feature", "geometry": {"type": "Point", "coordinates": [-158.9375, -52.9375]}, "properties": {"type": "cyclone", "ssh_m": -0.0918, "zeta_s-1": -5.8e-06, "hemisphere": "S", "time": "2025-05-01T00:00:00.000000000"}}, {"type": "Feature", "geometry": {"type": "Point", "coordinates": [-125.3125, -62.0625]}, "properties": {"type": "cyclone", "ssh_m": -0.0917, "zeta_s-1": -1.44e-05, "hemisphere": "S", "time": "2025-05-01T00:00:00.000000000"}}, {"type": "Feature", "geometry": {"type": "Point", "coordinates": [155.1875, -43.3125]}, "properties": {"type": "cyclone", "ssh_m": -0.0915, "zeta_s-1": -2.99e-05, "hemisphere": "S", "time": "2025-05-01T00:00:00.000000000"}}, {"type": "Feature", "geometry": {"type": "Point", "coordinates": [84.9375, -12.8125]}, "properties": {"type": "cyclone", "ssh_m": -0.0915, "zeta_s-1": -4.9e-06, "hemisphere": "S", "time": "2025-05-01T00:00:00.000000000"}}, {"type": "Feature", "geometry": {"type": "Point", "coordinates": [173.9375, -62.1875]}, "properties": {"type": "cyclone", "ssh_m": -0.0914, "zeta_s-1": -1.97e-05, "hemisphere": "S", "time": "2025-05-01T00:00:00.000000000"}}, {"type": "Feature", "geometry": {"type": "Point", "coordinates": [20.9375, -47.8125]}, "properties": {"type": "cyclone", "ssh_m": -0.09, "zeta_s-1": -1.37e-05, "hemisphere": "S", "time": "2025-05-01T00:00:00.000000000"}}, {"type": "Feature", "geometry": {"type": "Point", "coordinates": [-175.4375, 6.0625]}, "properties": {"type": "anticyclone", "ssh_m": -0.09, "zeta_s-1": NaN, "hemisphere": "N", "time": "2025-05-01T00:00:00.000000000"}}, {"type": "Feature", "geometry": {"type": "Point", "coordinates": [169.4375, 21.4375]}, "properties": {"type": "cyclone", "ssh_m": -0.0897, "zeta_s-1": 9.6e-06, "hemisphere": "N", "time": "2025-05-01T00:00:00.000000000"}}, {"type": "Feature", "geometry": {"type": "Point", "coordinates": [129.8125, 38.0625]}, "properties": {"type": "cyclone", "ssh_m": -0.0897, "zeta_s-1": 3.32e-05, "hemisphere": "N", "time": "2025-05-01T00:00:00.000000000"}}, {"type": "Feature", "geometry": {"type": "Point", "coordinates": [106.8125, -62.3125]}, "properties": {"type": "cyclone", "ssh_m": -0.0896, "zeta_s-1": -1.34e-05, "hemisphere": "S", "time": "2025-05-01T00:00:00.000000000"}}, {"type": "Feature", "geometry": {"type": "Point", "coordinates": [88.1875, -46.1875]}, "properties": {"type": "cyclone", "ssh_m": -0.0895, "zeta_s-1": -1.81e-05, "hemisphere": "S", "time": "2025-05-01T00:00:00.000000000"}}, {"type": "Feature", "geometry": {"type": "Point", "coordinates": [83.1875, -29.3125]}, "properties": {"type": "cyclone", "ssh_m": -0.0894, "zeta_s-1": -1.76e-05, "hemisphere": "S", "time": "2025-05-01T00:00:00.000000000"}}, {"type": "Feature", "geometry": {"type": "Point", "coordinates": [-8.0625, -45.8125]}, "properties": {"type": "cyclone", "ssh_m": -0.0893, "zeta_s-1": -1.27e-05, "hemisphere": "S", "time": "2025-05-01T00:00:00.000000000"}}, {"type": "Feature", "geometry": {"type": "Point", "coordinates": [68.3125, -40.3125]}, "properties": {"type": "cyclone", "ssh_m": -0.0891, "zeta_s-1": -2.22e-05, "hemisphere": "S", "time": "2025-05-01T00:00:00.000000000"}}, {"type": "Feature", "geometry": {"type": "Point", "coordinates": [-125.6875, 38.3125]}, "properties": {"type": "cyclone", "ssh_m": -0.0888, "zeta_s-1": 1.31e-05, "hemisphere": "N", "time": "2025-05-01T00:00:00.000000000"}}, {"type": "Feature", "geometry": {"type": "Point", "coordinates": [-13.4375, 55.9375]}, "properties": {"type": "cyclone", "ssh_m": -0.0886, "zeta_s-1": 2.49e-05, "hemisphere": "N", "time": "2025-05-01T00:00:00.000000000"}}, {"type": "Feature", "geometry": {"type": "Point", "coordinates": [-26.6875, 56.9375]}, "properties": {"type": "cyclone", "ssh_m": -0.0885, "zeta_s-1": 1.18e-05, "hemisphere": "N", "time": "2025-05-01T00:00:00.000000000"}}, {"type": "Feature", "geometry": {"type": "Point", "coordinates": [133.4375, -60.3125]}, "properties": {"type": "cyclone", "ssh_m": -0.0883, "zeta_s-1": -7.5e-06, "hemisphere": "S", "time": "2025-05-01T00:00:00.000000000"}}, {"type": "Feature", "geometry": {"type": "Point", "coordinates": [-57.8125, 16.5625]}, "properties": {"type": "cyclone", "ssh_m": -0.0883, "zeta_s-1": 2.07e-05, "hemisphere": "N", "time": "2025-05-01T00:00:00.000000000"}}, {"type": "Feature", "geometry": {"type": "Point", "coordinates": [136.3125, -62.0625]}, "properties": {"type": "cyclone", "ssh_m": -0.0879, "zeta_s-1": -1.46e-05, "hemisphere": "S", "time": "2025-05-01T00:00:00.000000000"}}, {"type": "Feature", "geometry": {"type": "Point", "coordinates": [27.5625, -58.1875]}, "properties": {"type": "cyclone", "ssh_m": -0.0879, "zeta_s-1": -9.1e-06, "hemisphere": "S", "time": "2025-05-01T00:00:00.000000000"}}, {"type": "Feature", "geometry": {"type": "Point", "coordinates": [151.4375, -58.3125]}, "properties": {"type": "cyclone", "ssh_m": -0.0877, "zeta_s-1": -2.17e-05, "hemisphere": "S", "time": "2025-05-01T00:00:00.000000000"}}, {"type": "Feature", "geometry": {"type": "Point", "coordinates": [-142.5625, 58.4375]}, "properties": {"type": "cyclone", "ssh_m": -0.0876, "zeta_s-1": 1.75e-05, "hemisphere": "N", "time": "2025-05-01T00:00:00.000000000"}}, {"type": "Feature", "geometry": {"type": "Point", "coordinates": [-160.0625, 19.6875]}, "properties": {"type": "cyclone", "ssh_m": -0.0874, "zeta_s-1": 1.28e-05, "hemisphere": "N", "time": "2025-05-01T00:00:00.000000000"}}, {"type": "Feature", "geometry": {"type": "Point", "coordinates": [103.6875, -49.1875]}, "properties": {"type": "cyclone", "ssh_m": -0.0865, "zeta_s-1": -2.29e-05, "hemisphere": "S", "time": "2025-05-01T00:00:00.000000000"}}, {"type": "Feature", "geometry": {"type": "Point", "coordinates": [-170.9375, 24.0625]}, "properties": {"type": "cyclone", "ssh_m": -0.0865, "zeta_s-1": 7.5e-06, "hemisphere": "N", "time": "2025-05-01T00:00:00.000000000"}}, {"type": "Feature", "geometry": {"type": "Point", "coordinates": [74.3125, -9.8125]}, "properties": {"type": "cyclone", "ssh_m": -0.0862, "zeta_s-1": -4e-06, "hemisphere": "S", "time": "2025-05-01T00:00:00.000000000"}}, {"type": "Feature", "geometry": {"type": "Point", "coordinates": [-170.5625, 19.8125]}, "properties": {"type": "cyclone", "ssh_m": -0.0861, "zeta_s-1": 2.01e-05, "hemisphere": "N", "time": "2025-05-01T00:00:00.000000000"}}, {"type": "Feature", "geometry": {"type": "Point", "coordinates": [163.8125, -56.0625]}, "properties": {"type": "cyclone", "ssh_m": -0.086, "zeta_s-1": -2.7e-05, "hemisphere": "S", "time": "2025-05-01T00:00:00.000000000"}}, {"type": "Feature", "geometry": {"type": "Point", "coordinates": [25.1875, -34.8125]}, "properties": {"type": "cyclone", "ssh_m": -0.0857, "zeta_s-1": -5.2e-05, "hemisphere": "S", "time": "2025-05-01T00:00:00.000000000"}}, {"type": "Feature", "geometry": {"type": "Point", "coordinates": [66.6875, -22.5625]}, "properties": {"type": "cyclone", "ssh_m": -0.0853, "zeta_s-1": -1.08e-05, "hemisphere": "S", "time": "2025-05-01T00:00:00.000000000"}}, {"type": "Feature", "geometry": {"type": "Point", "coordinates": [152.1875, -18.3125]}, "properties": {"type": "cyclone", "ssh_m": -0.0852, "zeta_s-1": -2.5e-05, "hemisphere": "S", "time": "2025-05-01T00:00:00.000000000"}}, {"type": "Feature", "geometry": {"type": "Point", "coordinates": [114.9375, 17.9375]}, "properties": {"type": "cyclone", "ssh_m": -0.0852, "zeta_s-1": 9.8e-06, "hemisphere": "N", "time": "2025-05-01T00:00:00.000000000"}}, {"type": "Feature", "geometry": {"type": "Point", "coordinates": [46.9375, -25.0625]}, "properties": {"type": "anticyclone", "ssh_m": -0.0849, "zeta_s-1": NaN, "hemisphere": "S", "time": "2025-05-01T00:00:00.000000000"}}, {"type": "Feature", "geometry": {"type": "Point", "coordinates": [-23.6875, -52.6875]}, "properties": {"type": "cyclone", "ssh_m": -0.0845, "zeta_s-1": -1.58e-05, "hemisphere": "S", "time": "2025-05-01T00:00:00.000000000"}}, {"type": "Feature", "geometry": {"type": "Point", "coordinates": [167.8125, 50.9375]}, "properties": {"type": "cyclone", "ssh_m": -0.0844, "zeta_s-1": 6.2e-06, "hemisphere": "N", "time": "2025-05-01T00:00:00.000000000"}}, {"type": "Feature", "geometry": {"type": "Point", "coordinates": [-74.1875, 16.1875]}, "properties": {"type": "cyclone", "ssh_m": -0.0843, "zeta_s-1": 8.9e-06, "hemisphere": "N", "time": "2025-05-01T00:00:00.000000000"}}, {"type": "Feature", "geometry": {"type": "Point", "coordinates": [35.6875, -58.5625]}, "properties": {"type": "cyclone", "ssh_m": -0.0841, "zeta_s-1": -1.5e-05, "hemisphere": "S", "time": "2025-05-01T00:00:00.000000000"}}, {"type": "Feature", "geometry": {"type": "Point", "coordinates": [67.6875, -18.1875]}, "properties": {"type": "cyclone", "ssh_m": -0.0839, "zeta_s-1": -1.57e-05, "hemisphere": "S", "time": "2025-05-01T00:00:00.000000000"}}, {"type": "Feature", "geometry": {"type": "Point", "coordinates": [33.9375, -56.9375]}, "properties": {"type": "cyclone", "ssh_m": -0.0838, "zeta_s-1": -2.6e-05, "hemisphere": "S", "time": "2025-05-01T00:00:00.000000000"}}, {"type": "Feature", "geometry": {"type": "Point", "coordinates": [-54.4375, 28.1875]}, "properties": {"type": "cyclone", "ssh_m": -0.0834, "zeta_s-1": 9.8e-06, "hemisphere": "N", "time": "2025-05-01T00:00:00.000000000"}}, {"type": "Feature", "geometry": {"type": "Point", "coordinates": [129.5625, 33.5625]}, "properties": {"type": "cyclone", "ssh_m": -0.083, "zeta_s-1": 1.75e-05, "hemisphere": "N", "time": "2025-05-01T00:00:00.000000000"}}, {"type": "Feature", "geometry": {"type": "Point", "coordinates": [-10.5625, -42.6875]}, "properties": {"type": "cyclone", "ssh_m": -0.0828, "zeta_s-1": -9.2e-06, "hemisphere": "S", "time": "2025-05-01T00:00:00.000000000"}}, {"type": "Feature", "geometry": {"type": "Point", "coordinates": [82.1875, -41.5625]}, "properties": {"type": "cyclone", "ssh_m": -0.0823, "zeta_s-1": -1.6e-05, "hemisphere": "S", "time": "2025-05-01T00:00:00.000000000"}}, {"type": "Feature", "geometry": {"type": "Point", "coordinates": [160.5625, 47.6875]}, "properties": {"type": "cyclone", "ssh_m": -0.0823, "zeta_s-1": 1.3e-05, "hemisphere": "N", "time": "2025-05-01T00:00:00.000000000"}}, {"type": "Feature", "geometry": {"type": "Point", "coordinates": [-166.0625, -47.5625]}, "properties": {"type": "cyclone", "ssh_m": -0.0822, "zeta_s-1": -2.19e-05, "hemisphere": "S", "time": "2025-05-01T00:00:00.000000000"}}, {"type": "Feature", "geometry": {"type": "Point", "coordinates": [-63.3125, 27.3125]}, "properties": {"type": "cyclone", "ssh_m": -0.0822, "zeta_s-1": 9.1e-06, "hemisphere": "N", "time": "2025-05-01T00:00:00.000000000"}}, {"type": "Feature", "geometry": {"type": "Point", "coordinates": [131.4375, -51.9375]}, "properties": {"type": "cyclone", "ssh_m": -0.0818, "zeta_s-1": -1.91e-05, "hemisphere": "S", "time": "2025-05-01T00:00:00.000000000"}}, {"type": "Feature", "geometry": {"type": "Point", "coordinates": [-174.9375, 30.0625]}, "properties": {"type": "cyclone", "ssh_m": -0.0818, "zeta_s-1": 6.9e-06, "hemisphere": "N", "time": "2025-05-01T00:00:00.000000000"}}, {"type": "Feature", "geometry": {"type": "Point", "coordinates": [81.8125, -25.1875]}, "properties": {"type": "cyclone", "ssh_m": -0.0816, "zeta_s-1": -1.16e-05, "hemisphere": "S", "time": "2025-05-01T00:00:00.000000000"}}, {"type": "Feature", "geometry": {"type": "Point", "coordinates": [-126.9375, 49.5625]}, "properties": {"type": "cyclone", "ssh_m": -0.0816, "zeta_s-1": 9.5e-06, "hemisphere": "N", "time": "2025-05-01T00:00:00.000000000"}}, {"type": "Feature", "geometry": {"type": "Point", "coordinates": [108.9375, -29.4375]}, "properties": {"type": "cyclone", "ssh_m": -0.0811, "zeta_s-1": -3.12e-05, "hemisphere": "S", "time": "2025-05-01T00:00:00.000000000"}}, {"type": "Feature", "geometry": {"type": "Point", "coordinates": [108.6875, 18.4375]}, "properties": {"type": "cyclone", "ssh_m": -0.0806, "zeta_s-1": 1.18e-05, "hemisphere": "N", "time": "2025-05-01T00:00:00.000000000"}}, {"type": "Feature", "geometry": {"type": "Point", "coordinates": [-95.9375, 14.4375]}, "properties": {"type": "cyclone", "ssh_m": -0.0804, "zeta_s-1": 2.8e-05, "hemisphere": "N", "time": "2025-05-01T00:00:00.000000000"}}, {"type": "Feature", "geometry": {"type": "Point", "coordinates": [-128.9375, -64.1875]}, "properties": {"type": "cyclone", "ssh_m": -0.0803, "zeta_s-1": -8.7e-06, "hemisphere": "S", "time": "2025-05-01T00:00:00.000000000"}}, {"type": "Feature", "geometry": {"type": "Point", "coordinates": [-78.9375, -63.6875]}, "properties": {"type": "cyclone", "ssh_m": -0.0802, "zeta_s-1": -2e-05, "hemisphere": "S", "time": "2025-05-01T00:00:00.000000000"}}, {"type": "Feature", "geometry": {"type": "Point", "coordinates": [-124.4375, 49.5625]}, "properties": {"type": "cyclone", "ssh_m": -0.0801, "zeta_s-1": 8.6e-06, "hemisphere": "N", "time": "2025-05-01T00:00:00.000000000"}}, {"type": "Feature", "geometry": {"type": "Point", "coordinates": [175.3125, 20.5625]}, "properties": {"type": "cyclone", "ssh_m": -0.0789, "zeta_s-1": 1e-05, "hemisphere": "N", "time": "2025-05-01T00:00:00.000000000"}}, {"type": "Feature", "geometry": {"type": "Point", "coordinates": [-177.4375, -62.9375]}, "properties": {"type": "cyclone", "ssh_m": -0.0785, "zeta_s-1": -1.66e-05, "hemisphere": "S", "time": "2025-05-01T00:00:00.000000000"}}, {"type": "Feature", "geometry": {"type": "Point", "coordinates": [58.1875, -27.5625]}, "properties": {"type": "cyclone", "ssh_m": -0.0785, "zeta_s-1": -7.9e-06, "hemisphere": "S", "time": "2025-05-01T00:00:00.000000000"}}, {"type": "Feature", "geometry": {"type": "Point", "coordinates": [-36.3125, 36.4375]}, "properties": {"type": "cyclone", "ssh_m": -0.0781, "zeta_s-1": 2.12e-05, "hemisphere": "N", "time": "2025-05-01T00:00:00.000000000"}}, {"type": "Feature", "geometry": {"type": "Point", "coordinates": [128.6875, -40.3125]}, "properties": {"type": "cyclone", "ssh_m": -0.0775, "zeta_s-1": -1.32e-05, "hemisphere": "S", "time": "2025-05-01T00:00:00.000000000"}}, {"type": "Feature", "geometry": {"type": "Point", "coordinates": [72.6875, -20.5625]}, "properties": {"type": "cyclone", "ssh_m": -0.0775, "zeta_s-1": -1.17e-05, "hemisphere": "S", "time": "2025-05-01T00:00:00.000000000"}}, {"type": "Feature", "geometry": {"type": "Point", "coordinates": [102.1875, -43.6875]}, "properties": {"type": "cyclone", "ssh_m": -0.0773, "zeta_s-1": -1.63e-05, "hemisphere": "S", "time": "2025-05-01T00:00:00.000000000"}}, {"type": "Feature", "geometry": {"type": "Point", "coordinates": [-48.4375, -0.0625]}, "properties": {"type": "anticyclone", "ssh_m": -0.0771, "zeta_s-1": NaN, "hemisphere": "S", "time": "2025-05-01T00:00:00.000000000"}}, {"type": "Feature", "geometry": {"type": "Point", "coordinates": [-67.0625, 32.0625]}, "properties": {"type": "cyclone", "ssh_m": -0.0771, "zeta_s-1": 6.8e-06, "hemisphere": "N", "time": "2025-05-01T00:00:00.000000000"}}, {"type": "Feature", "geometry": {"type": "Point", "coordinates": [-116.8125, 6.9375]}, "properties": {"type": "anticyclone", "ssh_m": -0.0769, "zeta_s-1": NaN, "hemisphere": "N", "time": "2025-05-01T00:00:00.000000000"}}, {"type": "Feature", "geometry": {"type": "Point", "coordinates": [-129.5625, -52.1875]}, "properties": {"type": "cyclone", "ssh_m": -0.0767, "zeta_s-1": -2.37e-05, "hemisphere": "S", "time": "2025-05-01T00:00:00.000000000"}}, {"type": "Feature", "geometry": {"type": "Point", "coordinates": [7.8125, -29.6875]}, "properties": {"type": "cyclone", "ssh_m": -0.0767, "zeta_s-1": -8.5e-06, "hemisphere": "S", "time": "2025-05-01T00:00:00.000000000"}}, {"type": "Feature", "geometry": {"type": "Point", "coordinates": [178.1875, 27.3125]}, "properties": {"type": "cyclone", "ssh_m": -0.0767, "zeta_s-1": 9e-06, "hemisphere": "N", "time": "2025-05-01T00:00:00.000000000"}}, {"type": "Feature", "geometry": {"type": "Point", "coordinates": [-124.0625, 44.3125]}, "properties": {"type": "anticyclone", "ssh_m": -0.0765, "zeta_s-1": NaN, "hemisphere": "N", "time": "2025-05-01T00:00:00.000000000"}}, {"type": "Feature", "geometry": {"type": "Point", "coordinates": [26.1875, 34.0625]}, "properties": {"type": "cyclone", "ssh_m": -0.0763, "zeta_s-1": 1.49e-05, "hemisphere": "N", "time": "2025-05-01T00:00:00.000000000"}}, {"type": "Feature", "geometry": {"type": "Point", "coordinates": [-101.5625, -54.4375]}, "properties": {"type": "cyclone", "ssh_m": -0.0759, "zeta_s-1": -1.29e-05, "hemisphere": "S", "time": "2025-05-01T00:00:00.000000000"}}, {"type": "Feature", "geometry": {"type": "Point", "coordinates": [160.6875, -51.3125]}, "properties": {"type": "cyclone", "ssh_m": -0.0759, "zeta_s-1": -3.68e-05, "hemisphere": "S", "time": "2025-05-01T00:00:00.000000000"}}, {"type": "Feature", "geometry": {"type": "Point", "coordinates": [-22.5625, 53.3125]}, "properties": {"type": "cyclone", "ssh_m": -0.0759, "zeta_s-1": 1.16e-05, "hemisphere": "N", "time": "2025-05-01T00:00:00.000000000"}}, {"type": "Feature", "geometry": {"type": "Point", "coordinates": [165.4375, 53.6875]}, "properties": {"type": "cyclone", "ssh_m": -0.0759, "zeta_s-1": 5.9e-06, "hemisphere": "N", "time": "2025-05-01T00:00:00.000000000"}}, {"type": "Feature", "geometry": {"type": "Point", "coordinates": [142.3125, -56.4375]}, "properties": {"type": "cyclone", "ssh_m": -0.0756, "zeta_s-1": -1.13e-05, "hemisphere": "S", "time": "2025-05-01T00:00:00.000000000"}}, {"type": "Feature", "geometry": {"type": "Point", "coordinates": [63.8125, -36.9375]}, "properties": {"type": "cyclone", "ssh_m": -0.0755, "zeta_s-1": -1.28e-05, "hemisphere": "S", "time": "2025-05-01T00:00:00.000000000"}}, {"type": "Feature", "geometry": {"type": "Point", "coordinates": [-139.8125, 57.8125]}, "properties": {"type": "cyclone", "ssh_m": -0.0755, "zeta_s-1": 6.6e-06, "hemisphere": "N", "time": "2025-05-01T00:00:00.000000000"}}, {"type": "Feature", "geometry": {"type": "Point", "coordinates": [130.0625, -63.6875]}, "properties": {"type": "cyclone", "ssh_m": -0.0754, "zeta_s-1": -2.44e-05, "hemisphere": "S", "time": "2025-05-01T00:00:00.000000000"}}, {"type": "Feature", "geometry": {"type": "Point", "coordinates": [160.0625, -14.8125]}, "properties": {"type": "cyclone", "ssh_m": -0.0754, "zeta_s-1": -1.31e-05, "hemisphere": "S", "time": "2025-05-01T00:00:00.000000000"}}, {"type": "Feature", "geometry": {"type": "Point", "coordinates": [-74.9375, 77.3125]}, "properties": {"type": "cyclone", "ssh_m": -0.0754, "zeta_s-1": 1.17e-05, "hemisphere": "N", "time": "2025-05-01T00:00:00.000000000"}}, {"type": "Feature", "geometry": {"type": "Point", "coordinates": [-23.8125, -50.9375]}, "properties": {"type": "cyclone", "ssh_m": -0.0753, "zeta_s-1": -3.07e-05, "hemisphere": "S", "time": "2025-05-01T00:00:00.000000000"}}, {"type": "Feature", "geometry": {"type": "Point", "coordinates": [75.4375, -41.6875]}, "properties": {"type": "cyclone", "ssh_m": -0.0753, "zeta_s-1": -1.16e-05, "hemisphere": "S", "time": "2025-05-01T00:00:00.000000000"}}, {"type": "Feature", "geometry": {"type": "Point", "coordinates": [118.5625, 23.6875]}, "properties": {"type": "cyclone", "ssh_m": -0.0753, "zeta_s-1": 1.9e-05, "hemisphere": "N", "time": "2025-05-01T00:00:00.000000000"}}, {"type": "Feature", "geometry": {"type": "Point", "coordinates": [-80.3125, 14.6875]}, "properties": {"type": "cyclone", "ssh_m": -0.075, "zeta_s-1": 8.1e-06, "hemisphere": "N", "time": "2025-05-01T00:00:00.000000000"}}, {"type": "Feature", "geometry": {"type": "Point", "coordinates": [57.0625, -44.0625]}, "properties": {"type": "cyclone", "ssh_m": -0.074, "zeta_s-1": -1.92e-05, "hemisphere": "S", "time": "2025-05-01T00:00:00.000000000"}}, {"type": "Feature", "geometry": {"type": "Point", "coordinates": [-59.6875, 22.0625]}, "properties": {"type": "cyclone", "ssh_m": -0.0739, "zeta_s-1": 1.18e-05, "hemisphere": "N", "time": "2025-05-01T00:00:00.000000000"}}, {"type": "Feature", "geometry": {"type": "Point", "coordinates": [-155.3125, 21.3125]}, "properties": {"type": "cyclone", "ssh_m": -0.0734, "zeta_s-1": 1.66e-05, "hemisphere": "N", "time": "2025-05-01T00:00:00.000000000"}}, {"type": "Feature", "geometry": {"type": "Point", "coordinates": [-27.6875, 40.8125]}, "properties": {"type": "cyclone", "ssh_m": -0.0732, "zeta_s-1": 8.9e-06, "hemisphere": "N", "time": "2025-05-01T00:00:00.000000000"}}, {"type": "Feature", "geometry": {"type": "Point", "coordinates": [-107.9375, 20.8125]}, "properties": {"type": "cyclone", "ssh_m": -0.073, "zeta_s-1": 7.8e-06, "hemisphere": "N", "time": "2025-05-01T00:00:00.000000000"}}, {"type": "Feature", "geometry": {"type": "Point", "coordinates": [128.4375, 25.1875]}, "properties": {"type": "cyclone", "ssh_m": -0.0729, "zeta_s-1": 1.72e-05, "hemisphere": "N", "time": "2025-05-01T00:00:00.000000000"}}, {"type": "Feature", "geometry": {"type": "Point", "coordinates": [-75.8125, -65.1875]}, "properties": {"type": "cyclone", "ssh_m": -0.0728, "zeta_s-1": -1.26e-05, "hemisphere": "S", "time": "2025-05-01T00:00:00.000000000"}}, {"type": "Feature", "geometry": {"type": "Point", "coordinates": [15.5625, -43.3125]}, "properties": {"type": "cyclone", "ssh_m": -0.0725, "zeta_s-1": -2.29e-05, "hemisphere": "S", "time": "2025-05-01T00:00:00.000000000"}}, {"type": "Feature", "geometry": {"type": "Point", "coordinates": [-177.5625, 64.3125]}, "properties": {"type": "cyclone", "ssh_m": -0.0718, "zeta_s-1": 3.5e-06, "hemisphere": "N", "time": "2025-05-01T00:00:00.000000000"}}, {"type": "Feature", "geometry": {"type": "Point", "coordinates": [-175.1875, 23.8125]}, "properties": {"type": "cyclone", "ssh_m": -0.0714, "zeta_s-1": 7.6e-06, "hemisphere": "N", "time": "2025-05-01T00:00:00.000000000"}}, {"type": "Feature", "geometry": {"type": "Point", "coordinates": [161.0625, 45.6875]}, "properties": {"type": "cyclone", "ssh_m": -0.0712, "zeta_s-1": 1.04e-05, "hemisphere": "N", "time": "2025-05-01T00:00:00.000000000"}}, {"type": "Feature", "geometry": {"type": "Point", "coordinates": [170.9375, -55.6875]}, "properties": {"type": "cyclone", "ssh_m": -0.0711, "zeta_s-1": -1.61e-05, "hemisphere": "S", "time": "2025-05-01T00:00:00.000000000"}}, {"type": "Feature", "geometry": {"type": "Point", "coordinates": [163.0625, 55.3125]}, "properties": {"type": "cyclone", "ssh_m": -0.0706, "zeta_s-1": 1.43e-05, "hemisphere": "N", "time": "2025-05-01T00:00:00.000000000"}}, {"type": "Feature", "geometry": {"type": "Point", "coordinates": [-34.0625, -37.5625]}, "properties": {"type": "cyclone", "ssh_m": -0.0703, "zeta_s-1": -1.28e-05, "hemisphere": "S", "time": "2025-05-01T00:00:00.000000000"}}, {"type": "Feature", "geometry": {"type": "Point", "coordinates": [-17.1875, 53.9375]}, "properties": {"type": "cyclone", "ssh_m": -0.0703, "zeta_s-1": 1.54e-05, "hemisphere": "N", "time": "2025-05-01T00:00:00.000000000"}}, {"type": "Feature", "geometry": {"type": "Point", "coordinates": [32.6875, -28.6875]}, "properties": {"type": "cyclone", "ssh_m": -0.0702, "zeta_s-1": -3.44e-05, "hemisphere": "S", "time": "2025-05-01T00:00:00.000000000"}}, {"type": "Feature", "geometry": {"type": "Point", "coordinates": [-49.9375, -56.0625]}, "properties": {"type": "cyclone", "ssh_m": -0.0701, "zeta_s-1": -1.43e-05, "hemisphere": "S", "time": "2025-05-01T00:00:00.000000000"}}, {"type": "Feature", "geometry": {"type": "Point", "coordinates": [-159.8125, 27.6875]}, "properties": {"type": "cyclone", "ssh_m": -0.07, "zeta_s-1": 6.7e-06, "hemisphere": "N", "time": "2025-05-01T00:00:00.000000000"}}, {"type": "Feature", "geometry": {"type": "Point", "coordinates": [14.1875, -31.4375]}, "properties": {"type": "cyclone", "ssh_m": -0.0699, "zeta_s-1": -1.35e-05, "hemisphere": "S", "time": "2025-05-01T00:00:00.000000000"}}, {"type": "Feature", "geometry": {"type": "Point", "coordinates": [-55.4375, 25.9375]}, "properties": {"type": "cyclone", "ssh_m": -0.0697, "zeta_s-1": 1.86e-05, "hemisphere": "N", "time": "2025-05-01T00:00:00.000000000"}}, {"type": "Feature", "geometry": {"type": "Point", "coordinates": [-48.4375, -55.8125]}, "properties": {"type": "cyclone", "ssh_m": -0.0694, "zeta_s-1": -1.69e-05, "hemisphere": "S", "time": "2025-05-01T00:00:00.000000000"}}, {"type": "Feature", "geometry": {"type": "Point", "coordinates": [-66.0625, 44.4375]}, "properties": {"type": "anticyclone", "ssh_m": -0.0691, "zeta_s-1": NaN, "hemisphere": "N", "time": "2025-05-01T00:00:00.000000000"}}, {"type": "Feature", "geometry": {"type": "Point", "coordinates": [33.4375, -55.0625]}, "properties": {"type": "cyclone", "ssh_m": -0.0689, "zeta_s-1": -2.15e-05, "hemisphere": "S", "time": "2025-05-01T00:00:00.000000000"}}, {"type": "Feature", "geometry": {"type": "Point", "coordinates": [103.8125, -45.6875]}, "properties": {"type": "cyclone", "ssh_m": -0.0689, "zeta_s-1": -8.9e-06, "hemisphere": "S", "time": "2025-05-01T00:00:00.000000000"}}, {"type": "Feature", "geometry": {"type": "Point", "coordinates": [2.0625, -45.0625]}, "properties": {"type": "cyclone", "ssh_m": -0.0687, "zeta_s-1": -6.5e-06, "hemisphere": "S", "time": "2025-05-01T00:00:00.000000000"}}, {"type": "Feature", "geometry": {"type": "Point", "coordinates": [137.8125, 24.4375]}, "properties": {"type": "cyclone", "ssh_m": -0.0683, "zeta_s-1": 7.5e-06, "hemisphere": "N", "time": "2025-05-01T00:00:00.000000000"}}, {"type": "Feature", "geometry": {"type": "Point", "coordinates": [-165.0625, -60.4375]}, "properties": {"type": "cyclone", "ssh_m": -0.0682, "zeta_s-1": -1.33e-05, "hemisphere": "S", "time": "2025-05-01T00:00:00.000000000"}}, {"type": "Feature", "geometry": {"type": "Point", "coordinates": [7.0625, -51.4375]}, "properties": {"type": "cyclone", "ssh_m": -0.0682, "zeta_s-1": -9e-06, "hemisphere": "S", "time": "2025-05-01T00:00:00.000000000"}}, {"type": "Feature", "geometry": {"type": "Point", "coordinates": [96.8125, -42.1875]}, "properties": {"type": "cyclone", "ssh_m": -0.0679, "zeta_s-1": -1.58e-05, "hemisphere": "S", "time": "2025-05-01T00:00:00.000000000"}}, {"type": "Feature", "geometry": {"type": "Point", "coordinates": [140.3125, -64.4375]}, "properties": {"type": "cyclone", "ssh_m": -0.0675, "zeta_s-1": -1.65e-05, "hemisphere": "S", "time": "2025-05-01T00:00:00.000000000"}}, {"type": "Feature", "geometry": {"type": "Point", "coordinates": [-40.4375, 36.4375]}, "properties": {"type": "cyclone", "ssh_m": -0.0675, "zeta_s-1": 1.21e-05, "hemisphere": "N", "time": "2025-05-01T00:00:00.000000000"}}, {"type": "Feature", "geometry": {"type": "Point", "coordinates": [-85.9375, -62.1875]}, "properties": {"type": "cyclone", "ssh_m": -0.0674, "zeta_s-1": -8.8e-06, "hemisphere": "S", "time": "2025-05-01T00:00:00.000000000"}}, {"type": "Feature", "geometry": {"type": "Point", "coordinates": [-33.0625, 65.6875]}, "properties": {"type": "cyclone", "ssh_m": -0.067, "zeta_s-1": 1.61e-05, "hemisphere": "N", "time": "2025-05-01T00:00:00.000000000"}}, {"type": "Feature", "geometry": {"type": "Point", "coordinates": [167.1875, 56.1875]}, "properties": {"type": "cyclone", "ssh_m": -0.0668, "zeta_s-1": 7.2e-06, "hemisphere": "N", "time": "2025-05-01T00:00:00.000000000"}}, {"type": "Feature", "geometry": {"type": "Point", "coordinates": [107.8125, -35.1875]}, "properties": {"type": "cyclone", "ssh_m": -0.0667, "zeta_s-1": -1.33e-05, "hemisphere": "S", "time": "2025-05-01T00:00:00.000000000"}}, {"type": "Feature", "geometry": {"type": "Point", "coordinates": [-159.3125, 4.5625]}, "properties": {"type": "anticyclone", "ssh_m": -0.0667, "zeta_s-1": NaN, "hemisphere": "N", "time": "2025-05-01T00:00:00.000000000"}}, {"type": "Feature", "geometry": {"type": "Point", "coordinates": [-40.9375, 30.6875]}, "properties": {"type": "cyclone", "ssh_m": -0.0667, "zeta_s-1": 6.4e-06, "hemisphere": "N", "time": "2025-05-01T00:00:00.000000000"}}, {"type": "Feature", "geometry": {"type": "Point", "coordinates": [-128.3125, 51.9375]}, "properties": {"type": "cyclone", "ssh_m": -0.0667, "zeta_s-1": 4.7e-06, "hemisphere": "N", "time": "2025-05-01T00:00:00.000000000"}}, {"type": "Feature", "geometry": {"type": "Point", "coordinates": [-41.4375, 34.6875]}, "properties": {"type": "cyclone", "ssh_m": -0.0666, "zeta_s-1": 6.8e-06, "hemisphere": "N", "time": "2025-05-01T00:00:00.000000000"}}, {"type": "Feature", "geometry": {"type": "Point", "coordinates": [-40.1875, -35.0625]}, "properties": {"type": "cyclone", "ssh_m": -0.0662, "zeta_s-1": -5.9e-06, "hemisphere": "S", "time": "2025-05-01T00:00:00.000000000"}}, {"type": "Feature", "geometry": {"type": "Point", "coordinates": [-0.6875, -46.0625]}, "properties": {"type": "cyclone", "ssh_m": -0.0659, "zeta_s-1": -7.9e-06, "hemisphere": "S", "time": "2025-05-01T00:00:00.000000000"}}, {"type": "Feature", "geometry": {"type": "Point", "coordinates": [174.5625, 24.9375]}, "properties": {"type": "cyclone", "ssh_m": -0.0659, "zeta_s-1": 1.88e-05, "hemisphere": "N", "time": "2025-05-01T00:00:00.000000000"}}, {"type": "Feature", "geometry": {"type": "Point", "coordinates": [57.4375, -35.5625]}, "properties": {"type": "cyclone", "ssh_m": -0.0658, "zeta_s-1": -1.37e-05, "hemisphere": "S", "time": "2025-05-01T00:00:00.000000000"}}, {"type": "Feature", "geometry": {"type": "Point", "coordinates": [9.3125, 69.9375]}, "properties": {"type": "cyclone", "ssh_m": -0.0658, "zeta_s-1": 2.63e-05, "hemisphere": "N", "time": "2025-05-01T00:00:00.000000000"}}, {"type": "Feature", "geometry": {"type": "Point", "coordinates": [59.3125, -39.1875]}, "properties": {"type": "cyclone", "ssh_m": -0.0655, "zeta_s-1": -2.7e-05, "hemisphere": "S", "time": "2025-05-01T00:00:00.000000000"}}, {"type": "Feature", "geometry": {"type": "Point", "coordinates": [-130.3125, 53.8125]}, "properties": {"type": "cyclone", "ssh_m": -0.0651, "zeta_s-1": 4e-06, "hemisphere": "N", "time": "2025-05-01T00:00:00.000000000"}}, {"type": "Feature", "geometry": {"type": "Point", "coordinates": [8.4375, -44.0625]}, "properties": {"type": "cyclone", "ssh_m": -0.0649, "zeta_s-1": -5.7e-06, "hemisphere": "S", "time": "2025-05-01T00:00:00.000000000"}}, {"type": "Feature", "geometry": {"type": "Point", "coordinates": [93.5625, -41.9375]}, "properties": {"type": "cyclone", "ssh_m": -0.0645, "zeta_s-1": -7e-06, "hemisphere": "S", "time": "2025-05-01T00:00:00.000000000"}}, {"type": "Feature", "geometry": {"type": "Point", "coordinates": [-93.1875, -67.1875]}, "properties": {"type": "cyclone", "ssh_m": -0.0644, "zeta_s-1": -8.3e-06, "hemisphere": "S", "time": "2025-05-01T00:00:00.000000000"}}, {"type": "Feature", "geometry": {"type": "Point", "coordinates": [-152.0625, -55.0625]}, "properties": {"type": "cyclone", "ssh_m": -0.0642, "zeta_s-1": -1.02e-05, "hemisphere": "S", "time": "2025-05-01T00:00:00.000000000"}}, {"type": "Feature", "geometry": {"type": "Point", "coordinates": [-63.6875, 29.0625]}, "properties": {"type": "cyclone", "ssh_m": -0.0642, "zeta_s-1": 6.5e-06, "hemisphere": "N", "time": "2025-05-01T00:00:00.000000000"}}, {"type": "Feature", "geometry": {"type": "Point", "coordinates": [72.3125, -26.8125]}, "properties": {"type": "cyclone", "ssh_m": -0.0641, "zeta_s-1": -1.22e-05, "hemisphere": "S", "time": "2025-05-01T00:00:00.000000000"}}, {"type": "Feature", "geometry": {"type": "Point", "coordinates": [-120.3125, 26.8125]}, "properties": {"type": "cyclone", "ssh_m": -0.0638, "zeta_s-1": 6.9e-06, "hemisphere": "N", "time": "2025-05-01T00:00:00.000000000"}}, {"type": "Feature", "geometry": {"type": "Point", "coordinates": [-31.9375, 63.8125]}, "properties": {"type": "cyclone", "ssh_m": -0.0637, "zeta_s-1": 1.88e-05, "hemisphere": "N", "time": "2025-05-01T00:00:00.000000000"}}, {"type": "Feature", "geometry": {"type": "Point", "coordinates": [109.6875, -57.1875]}, "properties": {"type": "cyclone", "ssh_m": -0.0636, "zeta_s-1": -1.67e-05, "hemisphere": "S", "time": "2025-05-01T00:00:00.000000000"}}, {"type": "Feature", "geometry": {"type": "Point", "coordinates": [105.9375, -27.1875]}, "properties": {"type": "cyclone", "ssh_m": -0.0636, "zeta_s-1": -2.06e-05, "hemisphere": "S", "time": "2025-05-01T00:00:00.000000000"}}, {"type": "Feature", "geometry": {"type": "Point", "coordinates": [5.5625, 38.0625]}, "properties": {"type": "cyclone", "ssh_m": -0.0635, "zeta_s-1": 1.39e-05, "hemisphere": "N", "time": "2025-05-01T00:00:00.000000000"}}, {"type": "Feature", "geometry": {"type": "Point", "coordinates": [-17.5625, 45.8125]}, "properties": {"type": "cyclone", "ssh_m": -0.0633, "zeta_s-1": 1.02e-05, "hemisphere": "N", "time": "2025-05-01T00:00:00.000000000"}}, {"type": "Feature", "geometry": {"type": "Point", "coordinates": [172.1875, 54.1875]}, "properties": {"type": "cyclone", "ssh_m": -0.0627, "zeta_s-1": 7.4e-06, "hemisphere": "N", "time": "2025-05-01T00:00:00.000000000"}}, {"type": "Feature", "geometry": {"type": "Point", "coordinates": [57.0625, -23.0625]}, "properties": {"type": "cyclone", "ssh_m": -0.0625, "zeta_s-1": -1.35e-05, "hemisphere": "S", "time": "2025-05-01T00:00:00.000000000"}}, {"type": "Feature", "geometry": {"type": "Point", "coordinates": [85.0625, -62.3125]}, "properties": {"type": "cyclone", "ssh_m": -0.0623, "zeta_s-1": -1.48e-05, "hemisphere": "S", "time": "2025-05-01T00:00:00.000000000"}}, {"type": "Feature", "geometry": {"type": "Point", "coordinates": [-129.5625, 32.1875]}, "properties": {"type": "cyclone", "ssh_m": -0.0622, "zeta_s-1": 1.21e-05, "hemisphere": "N", "time": "2025-05-01T00:00:00.000000000"}}, {"type": "Feature", "geometry": {"type": "Point", "coordinates": [158.8125, 43.8125]}, "properties": {"type": "cyclone", "ssh_m": -0.0621, "zeta_s-1": 1.35e-05, "hemisphere": "N", "time": "2025-05-01T00:00:00.000000000"}}, {"type": "Feature", "geometry": {"type": "Point", "coordinates": [96.9375, -32.5625]}, "properties": {"type": "cyclone", "ssh_m": -0.062, "zeta_s-1": -1.35e-05, "hemisphere": "S", "time": "2025-05-01T00:00:00.000000000"}}, {"type": "Feature", "geometry": {"type": "Point", "coordinates": [-10.9375, 56.8125]}, "properties": {"type": "cyclone", "ssh_m": -0.062, "zeta_s-1": 2.05e-05, "hemisphere": "N", "time": "2025-05-01T00:00:00.000000000"}}, {"type": "Feature", "geometry": {"type": "Point", "coordinates": [-172.5625, 63.1875]}, "properties": {"type": "cyclone", "ssh_m": -0.0612, "zeta_s-1": 4e-06, "hemisphere": "N", "time": "2025-05-01T00:00:00.000000000"}}, {"type": "Feature", "geometry": {"type": "Point", "coordinates": [-137.3125, 57.8125]}, "properties": {"type": "cyclone", "ssh_m": -0.061, "zeta_s-1": 1.14e-05, "hemisphere": "N", "time": "2025-05-01T00:00:00.000000000"}}, {"type": "Feature", "geometry": {"type": "Point", "coordinates": [100.0625, -61.3125]}, "properties": {"type": "cyclone", "ssh_m": -0.0603, "zeta_s-1": -1.04e-05, "hemisphere": "S", "time": "2025-05-01T00:00:00.000000000"}}, {"type": "Feature", "geometry": {"type": "Point", "coordinates": [178.3125, 24.4375]}, "properties": {"type": "cyclone", "ssh_m": -0.06, "zeta_s-1": 1.41e-05, "hemisphere": "N", "time": "2025-05-01T00:00:00.000000000"}}, {"type": "Feature", "geometry": {"type": "Point", "coordinates": [24.5625, -44.0625]}, "properties": {"type": "cyclone", "ssh_m": -0.0599, "zeta_s-1": -1.02e-05, "hemisphere": "S", "time": "2025-05-01T00:00:00.000000000"}}, {"type": "Feature", "geometry": {"type": "Point", "coordinates": [-175.6875, -62.0625]}, "properties": {"type": "cyclone", "ssh_m": -0.0596, "zeta_s-1": -1.26e-05, "hemisphere": "S", "time": "2025-05-01T00:00:00.000000000"}}, {"type": "Feature", "geometry": {"type": "Point", "coordinates": [-166.5625, 5.3125]}, "properties": {"type": "anticyclone", "ssh_m": -0.0596, "zeta_s-1": NaN, "hemisphere": "N", "time": "2025-05-01T00:00:00.000000000"}}, {"type": "Feature", "geometry": {"type": "Point", "coordinates": [-124.3125, 47.4375]}, "properties": {"type": "anticyclone", "ssh_m": -0.0596, "zeta_s-1": NaN, "hemisphere": "N", "time": "2025-05-01T00:00:00.000000000"}}, {"type": "Feature", "geometry": {"type": "Point", "coordinates": [-114.3125, 24.4375]}, "properties": {"type": "cyclone", "ssh_m": -0.0594, "zeta_s-1": 1.95e-05, "hemisphere": "N", "time": "2025-05-01T00:00:00.000000000"}}, {"type": "Feature", "geometry": {"type": "Point", "coordinates": [-24.4375, 55.5625]}, "properties": {"type": "cyclone", "ssh_m": -0.0594, "zeta_s-1": 1.84e-05, "hemisphere": "N", "time": "2025-05-01T00:00:00.000000000"}}, {"type": "Feature", "geometry": {"type": "Point", "coordinates": [-24.9375, 47.8125]}, "properties": {"type": "cyclone", "ssh_m": -0.0592, "zeta_s-1": 9.5e-06, "hemisphere": "N", "time": "2025-05-01T00:00:00.000000000"}}, {"type": "Feature", "geometry": {"type": "Point", "coordinates": [-152.3125, -27.1875]}, "properties": {"type": "cyclone", "ssh_m": -0.0591, "zeta_s-1": -2.13e-05, "hemisphere": "S", "time": "2025-05-01T00:00:00.000000000"}}, {"type": "Feature", "geometry": {"type": "Point", "coordinates": [-150.6875, 26.1875]}, "properties": {"type": "cyclone", "ssh_m": -0.059, "zeta_s-1": 8.5e-06, "hemisphere": "N", "time": "2025-05-01T00:00:00.000000000"}}, {"type": "Feature", "geometry": {"type": "Point", "coordinates": [-59.6875, 32.8125]}, "properties": {"type": "cyclone", "ssh_m": -0.059, "zeta_s-1": 1.07e-05, "hemisphere": "N", "time": "2025-05-01T00:00:00.000000000"}}, {"type": "Feature", "geometry": {"type": "Point", "coordinates": [1.0625, -50.1875]}, "properties": {"type": "cyclone", "ssh_m": -0.0589, "zeta_s-1": -1.65e-05, "hemisphere": "S", "time": "2025-05-01T00:00:00.000000000"}}, {"type": "Feature", "geometry": {"type": "Point", "coordinates": [57.9375, -33.1875]}, "properties": {"type": "cyclone", "ssh_m": -0.0589, "zeta_s-1": -1.03e-05, "hemisphere": "S", "time": "2025-05-01T00:00:00.000000000"}}, {"type": "Feature", "geometry": {"type": "Point", "coordinates": [-166.5625, 27.4375]}, "properties": {"type": "cyclone", "ssh_m": -0.0588, "zeta_s-1": 5.1e-06, "hemisphere": "N", "time": "2025-05-01T00:00:00.000000000"}}, {"type": "Feature", "geometry": {"type": "Point", "coordinates": [66.8125, -62.8125]}, "properties": {"type": "cyclone", "ssh_m": -0.0582, "zeta_s-1": -9.2e-06, "hemisphere": "S", "time": "2025-05-01T00:00:00.000000000"}}, {"type": "Feature", "geometry": {"type": "Point", "coordinates": [-91.9375, -59.6875]}, "properties": {"type": "cyclone", "ssh_m": -0.0582, "zeta_s-1": -1.38e-05, "hemisphere": "S", "time": "2025-05-01T00:00:00.000000000"}}, {"type": "Feature", "geometry": {"type": "Point", "coordinates": [-45.3125, 50.9375]}, "properties": {"type": "cyclone", "ssh_m": -0.0581, "zeta_s-1": 1.12e-05, "hemisphere": "N", "time": "2025-05-01T00:00:00.000000000"}}, {"type": "Feature", "geometry": {"type": "Point", "coordinates": [-52.6875, 59.8125]}, "properties": {"type": "cyclone", "ssh_m": -0.0581, "zeta_s-1": 1.69e-05, "hemisphere": "N", "time": "2025-05-01T00:00:00.000000000"}}, {"type": "Feature", "geometry": {"type": "Point", "coordinates": [-42.1875, 52.3125]}, "properties": {"type": "cyclone", "ssh_m": -0.0578, "zeta_s-1": 7.7e-06, "hemisphere": "N", "time": "2025-05-01T00:00:00.000000000"}}, {"type": "Feature", "geometry": {"type": "Point", "coordinates": [-49.6875, 22.3125]}, "properties": {"type": "cyclone", "ssh_m": -0.0577, "zeta_s-1": 7.1e-06, "hemisphere": "N", "time": "2025-05-01T00:00:00.000000000"}}, {"type": "Feature", "geometry": {"type": "Point", "coordinates": [-124.6875, 41.6875]}, "properties": {"type": "cyclone", "ssh_m": -0.0577, "zeta_s-1": 1.06e-05, "hemisphere": "N", "time": "2025-05-01T00:00:00.000000000"}}, {"type": "Feature", "geometry": {"type": "Point", "coordinates": [148.8125, 43.3125]}, "properties": {"type": "cyclone", "ssh_m": -0.0576, "zeta_s-1": 1.21e-05, "hemisphere": "N", "time": "2025-05-01T00:00:00.000000000"}}, {"type": "Feature", "geometry": {"type": "Point", "coordinates": [-145.8125, -55.9375]}, "properties": {"type": "cyclone", "ssh_m": -0.0573, "zeta_s-1": -2.1e-05, "hemisphere": "S", "time": "2025-05-01T00:00:00.000000000"}}, {"type": "Feature", "geometry": {"type": "Point", "coordinates": [-168.4375, 35.8125]}, "properties": {"type": "cyclone", "ssh_m": -0.0573, "zeta_s-1": 1.18e-05, "hemisphere": "N", "time": "2025-05-01T00:00:00.000000000"}}, {"type": "Feature", "geometry": {"type": "Point", "coordinates": [-87.1875, -64.0625]}, "properties": {"type": "cyclone", "ssh_m": -0.0571, "zeta_s-1": -9e-06, "hemisphere": "S", "time": "2025-05-01T00:00:00.000000000"}}, {"type": "Feature", "geometry": {"type": "Point", "coordinates": [100.9375, 12.8125]}, "properties": {"type": "anticyclone", "ssh_m": -0.0569, "zeta_s-1": NaN, "hemisphere": "N", "time": "2025-05-01T00:00:00.000000000"}}, {"type": "Feature", "geometry": {"type": "Point", "coordinates": [45.6875, -33.4375]}, "properties": {"type": "cyclone", "ssh_m": -0.0568, "zeta_s-1": -1.18e-05, "hemisphere": "S", "time": "2025-05-01T00:00:00.000000000"}}, {"type": "Feature", "geometry": {"type": "Point", "coordinates": [-30.9375, 52.0625]}, "properties": {"type": "cyclone", "ssh_m": -0.0568, "zeta_s-1": 1.17e-05, "hemisphere": "N", "time": "2025-05-01T00:00:00.000000000"}}, {"type": "Feature", "geometry": {"type": "Point", "coordinates": [-149.8125, -21.0625]}, "properties": {"type": "cyclone", "ssh_m": -0.0561, "zeta_s-1": -2.05e-05, "hemisphere": "S", "time": "2025-05-01T00:00:00.000000000"}}, {"type": "Feature", "geometry": {"type": "Point", "coordinates": [35.1875, -54.4375]}, "properties": {"type": "cyclone", "ssh_m": -0.0559, "zeta_s-1": -1.54e-05, "hemisphere": "S", "time": "2025-05-01T00:00:00.000000000"}}, {"type": "Feature", "geometry": {"type": "Point", "coordinates": [134.4375, -54.4375]}, "properties": {"type": "cyclone", "ssh_m": -0.0559, "zeta_s-1": -9.8e-06, "hemisphere": "S", "time": "2025-05-01T00:00:00.000000000"}}, {"type": "Feature", "geometry": {"type": "Point", "coordinates": [75.5625, -27.3125]}, "properties": {"type": "cyclone", "ssh_m": -0.0558, "zeta_s-1": -8.1e-06, "hemisphere": "S", "time": "2025-05-01T00:00:00.000000000"}}, {"type": "Feature", "geometry": {"type": "Point", "coordinates": [159.8125, 25.0625]}, "properties": {"type": "cyclone", "ssh_m": -0.0558, "zeta_s-1": 1.8e-05, "hemisphere": "N", "time": "2025-05-01T00:00:00.000000000"}}, {"type": "Feature", "geometry": {"type": "Point", "coordinates": [98.9375, -48.0625]}, "properties": {"type": "cyclone", "ssh_m": -0.0555, "zeta_s-1": -1.72e-05, "hemisphere": "S", "time": "2025-05-01T00:00:00.000000000"}}, {"type": "Feature", "geometry": {"type": "Point", "coordinates": [-58.3125, -60.4375]}, "properties": {"type": "cyclone", "ssh_m": -0.0553, "zeta_s-1": -7.7e-06, "hemisphere": "S", "time": "2025-05-01T00:00:00.000000000"}}, {"type": "Feature", "geometry": {"type": "Point", "coordinates": [161.3125, 52.1875]}, "properties": {"type": "cyclone", "ssh_m": -0.0553, "zeta_s-1": 1.31e-05, "hemisphere": "N", "time": "2025-05-01T00:00:00.000000000"}}, {"type": "Feature", "geometry": {"type": "Point", "coordinates": [-20.5625, 43.5625]}, "properties": {"type": "cyclone", "ssh_m": -0.0552, "zeta_s-1": 1.03e-05, "hemisphere": "N", "time": "2025-05-01T00:00:00.000000000"}}, {"type": "Feature", "geometry": {"type": "Point", "coordinates": [-108.1875, 17.5625]}, "properties": {"type": "cyclone", "ssh_m": -0.0547, "zeta_s-1": 8.6e-06, "hemisphere": "N", "time": "2025-05-01T00:00:00.000000000"}}, {"type": "Feature", "geometry": {"type": "Point", "coordinates": [-21.1875, -45.6875]}, "properties": {"type": "cyclone", "ssh_m": -0.0546, "zeta_s-1": -9.4e-06, "hemisphere": "S", "time": "2025-05-01T00:00:00.000000000"}}, {"type": "Feature", "geometry": {"type": "Point", "coordinates": [-64.4375, -61.9375]}, "properties": {"type": "cyclone", "ssh_m": -0.0545, "zeta_s-1": -1.15e-05, "hemisphere": "S", "time": "2025-05-01T00:00:00.000000000"}}, {"type": "Feature", "geometry": {"type": "Point", "coordinates": [177.4375, -22.9375]}, "properties": {"type": "cyclone", "ssh_m": -0.0544, "zeta_s-1": -1.26e-05, "hemisphere": "S", "time": "2025-05-01T00:00:00.000000000"}}, {"type": "Feature", "geometry": {"type": "Point", "coordinates": [177.9375, 40.4375]}, "properties": {"type": "cyclone", "ssh_m": -0.0544, "zeta_s-1": 1.53e-05, "hemisphere": "N", "time": "2025-05-01T00:00:00.000000000"}}, {"type": "Feature", "geometry": {"type": "Point", "coordinates": [173.9375, -26.8125]}, "properties": {"type": "cyclone", "ssh_m": -0.054, "zeta_s-1": -8.1e-06, "hemisphere": "S", "time": "2025-05-01T00:00:00.000000000"}}, {"type": "Feature", "geometry": {"type": "Point", "coordinates": [113.4375, -32.4375]}, "properties": {"type": "cyclone", "ssh_m": -0.0539, "zeta_s-1": -4.54e-05, "hemisphere": "S", "time": "2025-05-01T00:00:00.000000000"}}, {"type": "Feature", "geometry": {"type": "Point", "coordinates": [21.5625, 60.0625]}, "properties": {"type": "cyclone", "ssh_m": -0.0538, "zeta_s-1": 8.5e-06, "hemisphere": "N", "time": "2025-05-01T00:00:00.000000000"}}, {"type": "Feature", "geometry": {"type": "Point", "coordinates": [-54.5625, 23.4375]}, "properties": {"type": "cyclone", "ssh_m": -0.0536, "zeta_s-1": 1.06e-05, "hemisphere": "N", "time": "2025-05-01T00:00:00.000000000"}}, {"type": "Feature", "geometry": {"type": "Point", "coordinates": [-57.4375, 27.9375]}, "properties": {"type": "cyclone", "ssh_m": -0.0536, "zeta_s-1": 5.8e-06, "hemisphere": "N", "time": "2025-05-01T00:00:00.000000000"}}, {"type": "Feature", "geometry": {"type": "Point", "coordinates": [-117.3125, 31.0625]}, "properties": {"type": "cyclone", "ssh_m": -0.0535, "zeta_s-1": 1.83e-05, "hemisphere": "N", "time": "2025-05-01T00:00:00.000000000"}}, {"type": "Feature", "geometry": {"type": "Point", "coordinates": [-128.9375, 41.9375]}, "properties": {"type": "cyclone", "ssh_m": -0.0534, "zeta_s-1": 7.1e-06, "hemisphere": "N", "time": "2025-05-01T00:00:00.000000000"}}, {"type": "Feature", "geometry": {"type": "Point", "coordinates": [93.1875, -55.5625]}, "properties": {"type": "cyclone", "ssh_m": -0.0533, "zeta_s-1": -1.92e-05, "hemisphere": "S", "time": "2025-05-01T00:00:00.000000000"}}, {"type": "Feature", "geometry": {"type": "Point", "coordinates": [-157.8125, 26.3125]}, "properties": {"type": "cyclone", "ssh_m": -0.0533, "zeta_s-1": 7.1e-06, "hemisphere": "N", "time": "2025-05-01T00:00:00.000000000"}}, {"type": "Feature", "geometry": {"type": "Point", "coordinates": [-20.5625, 33.6875]}, "properties": {"type": "cyclone", "ssh_m": -0.0532, "zeta_s-1": 5.9e-06, "hemisphere": "N", "time": "2025-05-01T00:00:00.000000000"}}, {"type": "Feature", "geometry": {"type": "Point", "coordinates": [-176.5625, 28.4375]}, "properties": {"type": "cyclone", "ssh_m": -0.0531, "zeta_s-1": 1.43e-05, "hemisphere": "N", "time": "2025-05-01T00:00:00.000000000"}}, {"type": "Feature", "geometry": {"type": "Point", "coordinates": [159.5625, 51.8125]}, "properties": {"type": "cyclone", "ssh_m": -0.0531, "zeta_s-1": 2.02e-05, "hemisphere": "N", "time": "2025-05-01T00:00:00.000000000"}}, {"type": "Feature", "geometry": {"type": "Point", "coordinates": [-8.9375, -57.3125]}, "properties": {"type": "cyclone", "ssh_m": -0.053, "zeta_s-1": -3.11e-05, "hemisphere": "S", "time": "2025-05-01T00:00:00.000000000"}}, {"type": "Feature", "geometry": {"type": "Point", "coordinates": [70.9375, -21.4375]}, "properties": {"type": "cyclone", "ssh_m": -0.053, "zeta_s-1": -1e-05, "hemisphere": "S", "time": "2025-05-01T00:00:00.000000000"}}, {"type": "Feature", "geometry": {"type": "Point", "coordinates": [138.6875, -51.5625]}, "properties": {"type": "cyclone", "ssh_m": -0.0529, "zeta_s-1": -1.05e-05, "hemisphere": "S", "time": "2025-05-01T00:00:00.000000000"}}, {"type": "Feature", "geometry": {"type": "Point", "coordinates": [-176.9375, -55.0625]}, "properties": {"type": "cyclone", "ssh_m": -0.0528, "zeta_s-1": -9.6e-06, "hemisphere": "S", "time": "2025-05-01T00:00:00.000000000"}}, {"type": "Feature", "geometry": {"type": "Point", "coordinates": [-85.6875, -56.6875]}, "properties": {"type": "cyclone", "ssh_m": -0.0527, "zeta_s-1": -1.42e-05, "hemisphere": "S", "time": "2025-05-01T00:00:00.000000000"}}, {"type": "Feature", "geometry": {"type": "Point", "coordinates": [101.6875, -61.9375]}, "properties": {"type": "cyclone", "ssh_m": -0.0526, "zeta_s-1": -1.15e-05, "hemisphere": "S", "time": "2025-05-01T00:00:00.000000000"}}, {"type": "Feature", "geometry": {"type": "Point", "coordinates": [-107.0625, 15.3125]}, "properties": {"type": "cyclone", "ssh_m": -0.0526, "zeta_s-1": 7.8e-06, "hemisphere": "N", "time": "2025-05-01T00:00:00.000000000"}}, {"type": "Feature", "geometry": {"type": "Point", "coordinates": [-129.0625, 18.0625]}, "properties": {"type": "cyclone", "ssh_m": -0.0525, "zeta_s-1": 1.42e-05, "hemisphere": "N", "time": "2025-05-01T00:00:00.000000000"}}, {"type": "Feature", "geometry": {"type": "Point", "coordinates": [-3.4375, 51.3125]}, "properties": {"type": "anticyclone", "ssh_m": -0.0525, "zeta_s-1": NaN, "hemisphere": "N", "time": "2025-05-01T00:00:00.000000000"}}, {"type": "Feature", "geometry": {"type": "Point", "coordinates": [-169.3125, -53.0625]}, "properties": {"type": "cyclone", "ssh_m": -0.0522, "zeta_s-1": -1.13e-05, "hemisphere": "S", "time": "2025-05-01T00:00:00.000000000"}}, {"type": "Feature", "geometry": {"type": "Point", "coordinates": [-50.8125, 26.3125]}, "properties": {"type": "cyclone", "ssh_m": -0.0522, "zeta_s-1": 3.8e-06, "hemisphere": "N", "time": "2025-05-01T00:00:00.000000000"}}, {"type": "Feature", "geometry": {"type": "Point", "coordinates": [172.3125, 22.5625]}, "properties": {"type": "cyclone", "ssh_m": -0.052, "zeta_s-1": 1.15e-05, "hemisphere": "N", "time": "2025-05-01T00:00:00.000000000"}}, {"type": "Feature", "geometry": {"type": "Point", "coordinates": [-116.8125, 27.5625]}, "properties": {"type": "cyclone", "ssh_m": -0.052, "zeta_s-1": 1.23e-05, "hemisphere": "N", "time": "2025-05-01T00:00:00.000000000"}}, {"type": "Feature", "geometry": {"type": "Point", "coordinates": [0.9375, -35.8125]}, "properties": {"type": "cyclone", "ssh_m": -0.0519, "zeta_s-1": -8.5e-06, "hemisphere": "S", "time": "2025-05-01T00:00:00.000000000"}}, {"type": "Feature", "geometry": {"type": "Point", "coordinates": [-158.8125, 23.4375]}, "properties": {"type": "cyclone", "ssh_m": -0.0518, "zeta_s-1": 1.38e-05, "hemisphere": "N", "time": "2025-05-01T00:00:00.000000000"}}, {"type": "Feature", "geometry": {"type": "Point", "coordinates": [154.8125, 45.9375]}, "properties": {"type": "cyclone", "ssh_m": -0.0518, "zeta_s-1": 1.06e-05, "hemisphere": "N", "time": "2025-05-01T00:00:00.000000000"}}, {"type": "Feature", "geometry": {"type": "Point", "coordinates": [-148.9375, -26.4375]}, "properties": {"type": "cyclone", "ssh_m": -0.0517, "zeta_s-1": -9.3e-06, "hemisphere": "S", "time": "2025-05-01T00:00:00.000000000"}}, {"type": "Feature", "geometry": {"type": "Point", "coordinates": [-21.4375, 54.9375]}, "properties": {"type": "cyclone", "ssh_m": -0.0516, "zeta_s-1": 1e-05, "hemisphere": "N", "time": "2025-05-01T00:00:00.000000000"}}, {"type": "Feature", "geometry": {"type": "Point", "coordinates": [113.1875, 22.1875]}, "properties": {"type": "anticyclone", "ssh_m": -0.0513, "zeta_s-1": NaN, "hemisphere": "N", "time": "2025-05-01T00:00:00.000000000"}}, {"type": "Feature", "geometry": {"type": "Point", "coordinates": [-14.3125, 32.3125]}, "properties": {"type": "cyclone", "ssh_m": -0.0513, "zeta_s-1": 1.44e-05, "hemisphere": "N", "time": "2025-05-01T00:00:00.000000000"}}, {"type": "Feature", "geometry": {"type": "Point", "coordinates": [-121.0625, -53.0625]}, "properties": {"type": "cyclone", "ssh_m": -0.0511, "zeta_s-1": -1.59e-05, "hemisphere": "S", "time": "2025-05-01T00:00:00.000000000"}}, {"type": "Feature", "geometry": {"type": "Point", "coordinates": [128.5625, 17.9375]}, "properties": {"type": "cyclone", "ssh_m": -0.0511, "zeta_s-1": 9.8e-06, "hemisphere": "N", "time": "2025-05-01T00:00:00.000000000"}}, {"type": "Feature", "geometry": {"type": "Point", "coordinates": [135.8125, -52.1875]}, "properties": {"type": "cyclone", "ssh_m": -0.051, "zeta_s-1": -1.21e-05, "hemisphere": "S", "time": "2025-05-01T00:00:00.000000000"}}, {"type": "Feature", "geometry": {"type": "Point", "coordinates": [62.9375, -61.0625]}, "properties": {"type": "cyclone", "ssh_m": -0.0507, "zeta_s-1": -1.1e-05, "hemisphere": "S", "time": "2025-05-01T00:00:00.000000000"}}, {"type": "Feature", "geometry": {"type": "Point", "coordinates": [66.5625, -28.4375]}, "properties": {"type": "cyclone", "ssh_m": -0.0507, "zeta_s-1": -9.1e-06, "hemisphere": "S", "time": "2025-05-01T00:00:00.000000000"}}, {"type": "Feature", "geometry": {"type": "Point", "coordinates": [-45.1875, 52.9375]}, "properties": {"type": "cyclone", "ssh_m": -0.0507, "zeta_s-1": 9.7e-06, "hemisphere": "N", "time": "2025-05-01T00:00:00.000000000"}}, {"type": "Feature", "geometry": {"type": "Point", "coordinates": [-51.0625, 60.9375]}, "properties": {"type": "cyclone", "ssh_m": -0.0505, "zeta_s-1": 2.15e-05, "hemisphere": "N", "time": "2025-05-01T00:00:00.000000000"}}, {"type": "Feature", "geometry": {"type": "Point", "coordinates": [-21.8125, 37.9375]}, "properties": {"type": "cyclone", "ssh_m": -0.0504, "zeta_s-1": 9.6e-06, "hemisphere": "N", "time": "2025-05-01T00:00:00.000000000"}}, {"type": "Feature", "geometry": {"type": "Point", "coordinates": [-125.0625, -25.9375]}, "properties": {"type": "cyclone", "ssh_m": -0.0502, "zeta_s-1": -6.4e-06, "hemisphere": "S", "time": "2025-05-01T00:00:00.000000000"}}, {"type": "Feature", "geometry": {"type": "Point", "coordinates": [-71.4375, 41.6875]}, "properties": {"type": "anticyclone", "ssh_m": -0.0502, "zeta_s-1": NaN, "hemisphere": "N", "time": "2025-05-01T00:00:00.000000000"}}]}